Workbook

Sheet 0303
B1: 晉欣廠組合室生產人時性分析
B3: 日期 | D3: 03月03日 星期二 | F3: 訂單量 | H3: 260347.6 | J3: 營業額 | L3: 8657869.4
B4: 項目 | D4: 項目 | F4: ➀ | H4: ➁ | J4: ➂ | L4: ➃ | N4: 異常停線 | P4: 短暫停線
B5: 人時性 | D5: 組合室 | F5: 全溫層 | H5: 4度C(含4度飯糰) | J5: 18度C 一配 | L5: 18度C 二配 | N5: 合計次數 | O5: 時間 | P5: 合計次數 | Q5: 設備次數
D6: 排關平均 | F6: =AVERAGE(D13:O13,P13:Q13,D30:F30,H30,J30:M30) -> 378.1383 | H6: =AVERAGE(D13:P13,Q13) -> 137.43162 | J6: =AVERAGE(D30:H30) -> 754 | L6: =AVERAGE(J30:M30) -> 881.25 | N6: 0 | O6: 0 | P6: 1 | Q6: 3
D7: 實績平均 | F7: =AVERAGE(D14:O14,P14:Q14,D31:F31,J31:M31,H31) -> 354.35194 | H7: =AVERAGE(D14:P14,Q14) -> 124.0391 | J7: =AVERAGE(D31:H31) -> 740.39645 | L7: =AVERAGE(J31:M31) -> 809.43253
D8: 達成率平均 | F8: =AVERAGE(D15:O15,P15:Q15,D32:F32,H32,J32:K32,L32) -> 0.90689419 | H8: =AVERAGE(D15:O15,P15:Q15) -> 0.8943668 | J8: =AVERAGE(D32:H32) -> 0.96426376 | L8: =AVERAGE(J32:M32) -> 0.91953538
B10: 溫層 | D10: ➁4度C-各編組展開
B11: 編組 | D11: 1 | E11: 2 | F11: 3 | G11: 4 | H11: 5 | I11: 6 | J11: 7 | K11: 8 | L11: 9 | M11: 10 | N11: 11 | O11: 12 | P11: 13 | Q11: 14
D12: 4度一組 | E12: 4度二組A | F12: 4度二組B | G12: 4度二組C1 | H12: 4度一組B | I12: 4度三組 | J12: 4度四組 | K12: 4度五組 | L12: 綜合一組 | M12: 綜合二組 | N12: 綜合三組 | O12: 綜合四組 | P12: 便當組 | Q12: 壽司線
B13: 人時性 | C13: 排關 | D13: 126.30306 | E13: 100.21471 | F13: 131.28694 | G13: 368.5 | H13: 228.57143 | I13: 90.799253 | J13: 75.913945 | K13: 113.47619 | L13: 85.272067 | M13: 81.34291 | N13: 83.75586 | O13: 87.786458 | P13: 200.81986 | Q13: 150
C14: 實績 | D14: 117.90461 | E14: 89.679646 | F14: 116.56997 | G14: 324.41384 | H14: 223.20726 | I14: 79.51994 | J14: 64.416768 | K14: 97.987085 | L14: 73.901291 | M14: 72.200257 | N14: 76.131914 | O14: 73.643662 | P14: 190.7482 | Q14: 136.22297
C15: 達成率 | D15: =D14/D13 -> 0.93350559 | E15: =E14/E13 -> 0.89487511 | F15: =F14/F13 -> 0.88790221 | G15: =G14/G13 -> 0.88036319 | H15: =H14/H13 -> 0.97653177 | I15: =I14/I13 -> 0.87577747 | J15: =J14/J13 -> 0.84854987 | K15: =K14/K13 -> 0.86350347 | ... Q15: =Q14/Q13 -> 0.90815311
B16: 作業 時間 | C16: 開始 | D16: 0.29166667 | E16: 0.16666667 | F16: 0.16666667 | G16: 0.16666667 | H16: 0.16666667 | I16: 0.29166667 | J16: 0.33333333 | K16: 0.33333333 | L16: 0.5 | M16: 0.5 | N16: 0.70833333 | O16: 0.70833333 | P16: 0.16666667 | Q16: 0.17361111
C17: 結束 | D17: 0.77638889 | E17: 0.66041667 | F17: 0.6125 | G17: 0.6875 | H17: 0.67152778 | I17: 0.78333333 | J17: 0.83680556 | K17: 0.80902778 | L17: 0.93055556 | M17: 0.95138889 | N17: 0.99236111 | O17: 0.82986111 | P17: 0.60902778 | Q17: 0.69791667
B18: 產線異常 (5分鐘以上)
B20: 短暫停線 (5分鐘以下) | D20: 1
E21: 1 | G21: 2
B22: 配置人數 | D22: 19.3 | E22: 17 | F22: 15.75 | G22: 5.75 | H22: 6.6 | I22: 16.428571 | J22: 19.142857 | K22: 15.571429 | L22: 17.75 | M22: 19.125 | N22: 17.833333 | O22: 17.25 | P22: 11.8 | Q22: 11.2
B23: 主要應用設備 | D23: ET-600 | E23: ET-600 | F23: ET-600 | G23: 八爪機 | H23: 十爪機 | I23: ET-55 | J23: ET-55 | K23: ET-55 | L23: ET-55 | M23: ET-55 | N23: ET-55 | O23: ET-55 | P23: 伺服包裝機 | Q23: 伺服包裝機
B24: 次要應用設備
B25: 備註 | E25: 熱麵固定線 | G25: 烤飯糰 | H25: 烤飯糰 | K25: 吸收產線 | P25: 大口固定線
B27: 溫層 | D27: ➂18度C 一配-各編組展開 | I27: ➃18度C 二配-各編組展開
B28: 編組 | D28: 1 | E28: 2 | F28: 3 | G28: 4 | H28: 5 | I28: 1 | J28: 2 | K28: 3 | L28: 4 | M28: 5
D29: 連續式 海苔機 | E29: 3300型 飯糰機A | F29: 3300型 飯糰機B | G29: 3600型 飯糰機A | H29: 3600型 飯糰機B | I29: 夾心型 飯糰機 | J29: 3300型 飯糰機A | K29: 3300型 飯糰機B | L29: 3600型 飯糰機A | M29: 3600型 飯糰機B
B30: 人時性 | C30: 排關 | D30: 320 | E30: 825 | F30: 825 | G30: 900 | H30: 900 | I30: 680 | J30: 825 | K30: 900 | L30: 900 | M30: 900
C31: 實績 | D31: 271.26211 | E31: 682.77779 | F31: 918.18509 | G31: 880.51711 | H31: 949.24016 | I31: 0 | J31: 798.5697 | K31: 634.15887 | L31: 907.2828 | M31: 897.71875
C32: 達成率 | D32: =D31/D30 -> 0.8476941 | E32: =E31/E30 -> 0.82760944 | F32: =F31/F30 -> 1.1129516 | G32: =G31/G30 -> 0.97835235 | H32: =H31/H30 -> 1.0547113 | I32: =I31/I30 -> 0 | J32: =J31/J30 -> 0.96796327 | K32: =K31/K30 -> 0.70462097 | ... M32: =M31/M30 -> 0.99746528
B33: 作業 時間 | C33: 開始 | D33: 0.18055556 | E33: 0.18055556 | F33: 0.18055556 | G33: 3178.9286 | H33: 0.18055556 | I33: 0 | J33: 0.72222222 | K33: 0.72222222 | L33: 0.72222222 | M33: 0.72222222
C34: 結束 | D34: 0.23472222 | E34: 0.35694444 | F34: 0.24583333 | G34: 1059.6429 | H34: 0.44236111 | I34: 0 | J34: 0.83125 | K34: 0.86805556 | L34: 46085.108 | M34: 0.93055556
B35: 配置人數 | D35: 5.5 | E35: 4 | F35: 3 | G35: 3.75 | H35: 3.2 | I35: 0 | J35: 3.6666667 | K35: 3.6666667 | L35: 3.4 | M35: 3.5
B36: 主要應用設備 | D36: 連續式 海苔機 | E36: 3300型 | F36: 3300型 | G36: 3600型 | H36: 3600型 | I36: 夾心型 | J36: 3300型 | K36: 3300型 | L36: 3600型 | M36: 3600型
B37: 次要應用設備
B38: 備註

Sheet 晉欣18度C0303
A1: 晉欣廠18度C日報分析 | D1: 總生產量 | E1: =SUM(G5:G124) -> 89213 | F1: 營業額 | G1: =SUM(H5:H124) -> 1703091 | H1: 出勤人數 | I1: =+J16+J64+J24+J38+J51+J81+J100+J91+J57+J124+J111 -> 41.683333 | J1: 生產實績 | M1: 日報登錄
A2: 03月03日 星期二 | D2: 人時性 | E2: =AVERAGE(L16,L24,L38,L51,L100,L111,L91) -> 621.20847 | F2: 平均廠價 | G2: =G1/E1 -> 19.090166 | H2: 多次生產數 | I2: =COUNT(I5:I124) -> 0
A3: 線別 | B3: 品類 | D3: 品名 | F3: 廠價 | G3: 生產量 | H3: 營收 | I3: 多次 生產 | J3: 人數 | K3: 產能/時 | L3: 人時性 | M3: 生產時間 | O3: 換線/分 | P3: 稼動時間/分 | Q3: 休息時間
M4: 開始 | N4: 結束 | Q4: 開始 | R4: 結束
A5: 壽司線 | B5: 飯糰 | D5: 麻油雞飯糰 | F5: 29.965493 | G5: 2010 | H5: =F5*G5 -> 60230.642 | J5: 13 | K5: =G5/P5*60 -> 1340 | L5: =K5/J5 -> 103.07692 | M5: 0.17361111 | N5: 0.23611111 | O5: 10 | P5: =(N5-M5)*24*60 -> 90
B6: 0 | D6: 雙饗雙手卷(捲) | F6: 0 | G6: 1337 | H6: =F6*G6 -> 0 | J6: 9 | K6: =G6/P6*60 -> 1604.4 | L6: =K6/J6 -> 178.26667 | M6: 0.23958333 | N6: 0.27430556 | O6: 5 | P6: =(N6-M6)*24*60 -> 50
B7: 0 | D7: 海饌雙手卷(捲) | F7: 0 | G7: 1391 | H7: =F7*G7 -> 0 | J7: 9 | K7: =G7/P7*60 -> 1517.4545 | L7: =K7/J7 -> 168.60606 | M7: 0.27777778 | N7: 0.31597222 | O7: 5 | P7: =(N7-M7)*24*60 -> 55
B8: 壽司手卷 | D8: 雙倍德腸飯卷 | F8: 36.45 | G8: 1947 | H8: =F8*G8 -> 70968.15 | J8: 10 | K8: =G8/P8*60 -> 1460.25 | L8: =K8/J8 -> 146.025 | M8: 0.31944444 | N8: 0.375 | O8: 5 | P8: =(N8-M8)*24*60 -> 80
B9: 壽司手卷 | D9: 明太子泡菜牛飯卷 | F9: 27.05 | G9: 574 | H9: =F9*G9 -> 15526.7 | J9: 13 | K9: =G9/P9*60 -> 1377.6 | L9: =K9/J9 -> 105.96923 | M9: 0.37847222 | N9: 0.39583333 | O9: 5 | P9: =(N9-M9)*24*60 -> 25 | Q9: 0.39583333 | R9: 0.4375
B10: 壽司手卷 | D10: 日式鮪魚美乃滋脆卷 | F10: 17.87 | G10: 3270 | H10: =F10*G10 -> 58434.9 | J10: 12 | K10: =G10/P10*60 -> 1189.0909 | L10: =K10/J10 -> 99.090909 | M10: 0.4375 | N10: 0.55208333 | O10: 5 | P10: =(N10-M10)*24*60 -> 165
B11: 壽司手卷 | D11: 長野稻荷壽司 | F11: 25.64 | G11: 702 | H11: =F11*G11 -> 17999.28 | J11: 10 | K11: =G11/P11*60 -> 1404 | L11: =K11/J11 -> 140.4 | M11: 0.55555556 | N11: 0.57638889 | O11: 5 | P11: =(N11-M11)*24*60 -> 30
B12: 壽司手卷 | D12: 雙饗雙手卷 | F12: 29.52 | G12: 1337 | H12: =F12*G12 -> 39468.24 | J12: 13 | K12: =G12/P12*60 -> 1782.6667 | L12: =K12/J12 -> 137.12821 | M12: 0.57986111 | N12: 0.61111111 | O12: 5 | P12: =(N12-M12)*24*60 -> 45
B13: 壽司手卷 | D13: 海饌雙手卷 | F13: 29.857 | G13: 1391 | H13: =F13*G13 -> 41531.087 | J13: 13 | K13: =G13/P13*60 -> 1854.6667 | L13: =K13/J13 -> 142.66667 | M13: 0.61458333 | N13: 0.64583333 | O13: 5 | P13: =(N13-M13)*24*60 -> 45
B14: 飯糰 | D14: 兩粒飯糰(鮪魚.焦糖鮭魚) | F14: 28.57 | G14: 1645 | H14: =F14*G14 -> 46997.65 | J14: 10 | K14: =G14/P14*60 -> 1410 | L14: =K14/J14 -> 141 | M14: 0.64930556 | N14: 0.69791667 | O14: 5 | P14: =(N14-M14)*24*60 -> 70
B15: 0 | F15: 0 | H15: =F15*G15 -> 0
B16: 0 | C16: 壽司線 | D16: 平均 | J16: =AVERAGE(J5:J15) -> 11.2 | K16: =AVERAGE(K5:K15) -> 1494.0129 | L16: =AVERAGE(L5:L15) -> 136.22297
A17: 捲壽司機 | B17: 壽司手卷 | D17: 雙鬆細卷 | F17: 14.03 | G17: 572 | H17: =F17*G17 -> 8025.16 | J17: 6 | K17: =G17/P17*60 -> 1492.1739 | L17: =K17/J17 -> 248.69565 | M17: 0.18055556 | N17: 0.19652778 | O17: 20 | P17: =(N17-M17)*24*60 -> 23
B18: 飯糰 | D18: 經典鮪魚沙拉細卷 | F18: 14.49 | G18: 857 | H18: =F18*G18 -> 12417.93 | J18: 5 | K18: =G18/P18*60 -> 1469.1429 | L18: =K18/J18 -> 293.82857 | M18: 0.21041667 | N18: 0.23472222 | O18: 20 | P18: =(N18-M18)*24*60 -> 35
B19: 0 | F19: 0 | H19: =F19*G19 -> 0
B20: 0 | F20: 0 | H20: =F20*G20 -> 0
B21: 0 | F21: 0 | H21: =F21*G21 -> 0
B22: 0 | F22: 0 | H22: =F22*G22 -> 0
B23: 0 | F23: 0 | H23: =F23*G23 -> 0
B24: 0 | C24: 連續式 海苔機 | D24: 平均 | J24: =AVERAGE(J17:J23) -> 5.5 | K24: =AVERAGE(K17:K23) -> 1480.6584 | L24: =AVERAGE(L17:L23) -> 271.26211
A25: 3300型 飯糰機A | B25: 飯糰 | D25: 壹號醬炙烤牛飯糰 | F25: 22.281818 | G25: 657 | H25: =F25*G25 -> 14639.155 | J25: 4 | K25: =G25/P25*60 -> 2628 | L25: =K25/J25 -> 657 | M25: 0.18055556 | N25: 0.19097222 | O25: 20 | P25: =(N25-M25)*24*60 -> 15
B26: 飯糰 | D26: 碳烤燒肉飯飯糰(區) | F26: 18.18 | G26: 3103 | H26: =F26*G26 -> 56412.54 | J26: 4 | K26: =G26/P26*60 -> 2778.806 | L26: =K26/J26 -> 694.70149 | M26: 0.20486111 | N26: 0.25138889 | O26: 20 | P26: =(N26-M26)*24*60 -> 67
B27: 飯糰 | D27: 紅運烏魚子紹興飯糰 | F27: 27.27 | G27: 1185 | H27: =F27*G27 -> 32314.95 | J27: 4 | K27: =G27/P27*60 -> 2734.6154 | L27: =K27/J27 -> 683.65385 | M27: 0.26527778 | N27: 0.28333333 | O27: 20 | P27: =(N27-M27)*24*60 -> 26
B28: 飯糰 | D28: 煙燻培根飯糰(區) | F28: 15.03 | G28: 3989 | H28: =F28*G28 -> 59954.67 | J28: 4 | K28: =G28/P28*60 -> 2783.0233 | L28: =K28/J28 -> 695.75581 | M28: 0.29722222 | N28: 0.35694444 | O28: 20 | P28: =(N28-M28)*24*60 -> 86
B29: 0 | F29: 0 | H29: =F29*G29 -> 0
B30: 0 | F30: 0 | H30: =F30*G30 -> 0
B31: 0 | F31: 0 | H31: =F31*G31 -> 0
B32: 0 | F32: 0 | H32: =F32*G32 -> 0
B33: 0 | F33: 0 | H33: =F33*G33 -> 0
B34: 0 | F34: 0 | H34: =F34*G34 -> 0
B35: 0 | F35: 0 | H35: =F35*G35 -> 0
B36: 0 | F36: 0 | H36: =F36*G36 -> 0
B37: 0 | F37: 0 | H37: =F37*G37 -> 0
B38: 0 | C38: 3300型 飯糰機A | D38: 平均 | J38: =AVERAGE(J25:J37) -> 4 | K38: =AVERAGE(K25:K37) -> 2731.1112 | L38: =AVERAGE(L25:L37) -> 682.77779
A39: 3300型B 飯糰機 | B39: 飯糰 | D39: 照燒雞肉飯糰 | F39: 21.45 | G39: 961 | H39: =F39*G39 -> 20613.45 | J39: 3 | K39: =G39/P39*60 -> 2745.7143 | L39: =K39/J39 -> 915.2381 | M39: 0.18055556 | N39: 0.19513889 | O39: 20 | P39: =(N39-M39)*24*60 -> 21
B40: 飯糰 | D40: 鮭魚奶油醬油飯糰 | F40: 18.53 | G40: 2441 | H40: =F40*G40 -> 45231.73 | J40: 3 | K40: =G40/P40*60 -> 2763.3962 | L40: =K40/J40 -> 921.13208 | M40: 0.20902778 | N40: 0.24583333 | O40: 20 | P40: =(N40-M40)*24*60 -> 53
B41: 0 | F41: 0 | H41: =F41*G41 -> 0
B42: 0 | F42: 0 | H42: =F42*G42 -> 0
B43: 0 | F43: 0 | H43: =F43*G43 -> 0
B44: 0 | F44: 0 | H44: =F44*G44 -> 0
B45: 0 | F45: 0 | H45: =F45*G45 -> 0
B46: 0 | F46: 0 | H46: =F46*G46 -> 0
B47: 0 | F47: 0 | H47: =F47*G47 -> 0
B48: 0 | F48: 0
B49: 0 | F49: 0 | H49: =F49*G49 -> 0
B50: 0 | F50: 0 | H50: =F50*G50 -> 0
B51: 0 | C51: 3300型 飯糰機B | D51: 平均 | J51: =AVERAGE(J39:J50) -> 3 | K51: =AVERAGE(K39:K50) -> 2754.5553 | L51: =AVERAGE(L39:L50) -> 918.18509
A52: 3600型(A) 飯糰機 | B52: 飯糰 | D52: 熟成紅鮭飯糰 | F52: 25.03 | G52: 778 | H52: =F52*G52 -> 19473.34 | J52: 4 | K52: =G52/P52*60 -> 3334.2857 | L52: =K52/J52 -> 833.57143 | M52: 0.18055556 | N52: 0.19027778 | O52: 20 | P52: =(N52-M52)*24*60 -> 14
B53: 飯糰 | D53: 北海道秋鮭親子飯糰 | F53: 24.82 | G53: 995 | H53: =F53*G53 -> 24695.9 | J53: 4 | K53: =G53/P53*60 -> 3316.6667 | L53: =K53/J53 -> 829.16667 | M53: 0.20416667 | N53: 0.21666667 | O53: 20 | P53: =(N53-M53)*24*60 -> 18
B54: 飯糰 | D54: 贅沢鮭魚肚飯糰 | F54: 30 | G54: 1706 | H54: =F54*G54 -> 51180 | J54: 4 | K54: =G54/P54*60 -> 3198.75 | L54: =K54/J54 -> 799.6875 | M54: 0.23055556 | N54: 0.25277778 | O54: 20 | P54: =(N54-M54)*24*60 -> 32
B55: 飯糰 | D55: 經典肉鬆飯糰 | F55: 14.03 | G55: 2967 | H55: =F55*G55 -> 41627.01 | J55: 3 | K55: =G55/P55*60 -> 3178.9286 | L55: =K55/J55 -> 1059.6429 | M55: 0.26666667 | N55: 0.30555556 | O55: 20 | P55: =(N55-M55)*24*60 -> 56 | Q55: 0.30555556 | R55: 0.34722222
B56: 0 | F56: 0 | H56: =F56*G56 -> 0 | P56: =(N56-M56)*24*60 -> 0
B57: 0 | C57: 夾心型 飯糰機 | F57: 0 | H57: =F57*G57 -> 0 | P57: =(N57-M57)*24*60 -> 0
B58: 0 | F58: 0 | H58: =F58*G58 -> 0 | P58: =(N58-M58)*24*60 -> 0
B59: 0 | F59: 0 | H59: =F59*G59 -> 0 | P59: =(N59-M59)*24*60 -> 0
B60: 0 | F60: 0 | H60: =F60*G60 -> 0 | P60: =(N60-M60)*24*60 -> 0
B61: 0 | F61: 0 | H61: =F61*G61 -> 0 | P61: =(N61-M61)*24*60 -> 0
B62: 0 | F62: 0 | H62: =F62*G62 -> 0 | P62: =(N62-M62)*24*60 -> 0
B63: 0 | F63: 0 | H63: =F63*G63 -> 0 | P63: =(N63-M63)*24*60 -> 0
B64: 0 | C64: 3600型 飯糰機A | D64: 平均 | J64: =AVERAGE(J52:J63) -> 3.75 | K64: =AVERAGE(K52:K63) -> 3257.1577 | L64: =AVERAGE(L52:L63) -> 880.51711
A65: 3600型(B) 飯糰機 | B65: 飯糰 | D65: 蔬食鮪魚飯糰 | F65: 18.18 | G65: 870 | H65: =F65*G65 -> 15816.6 | J65: 3 | K65: =G65/P65*60 -> 3070.5882 | L65: =K65/J65 -> 1023.5294 | M65: 0.18055556 | N65: 0.19236111 | O65: 20 | P65: =(N65-M65)*24*60 -> 17
B66: 飯糰 | D66: 雞肉飯飯糰 | F66: 16.66 | G66: 2955 | H66: =F66*G66 -> 49230.3 | J66: 4 | K66: =G66/P66*60 -> 2955 | L66: =K66/J66 -> 738.75 | M66: 0.20625 | N66: 0.24791667 | O66: 20 | P66: =(N66-M66)*24*60 -> 60
B67: 飯糰 | D67: 鹽蔥燒肉飯糰 | F67: 17.890909 | G67: 1829 | H67: =F67*G67 -> 32722.473 | J67: 3 | K67: =G67/P67*60 -> 2965.9459 | L67: =K67/J67 -> 988.64865 | M67: 0.26180556 | N67: 0.2875 | O67: 20 | P67: =(N67-M67)*24*60 -> 37
B68: 飯糰 | D68: 明太子龍蝦風味沙拉飯糰 | F68: 18.18 | G68: 1618 | H68: =F68*G68 -> 29415.24 | J68: 3 | K68: =G68/P68*60 -> 2941.8182 | L68: =K68/J68 -> 980.60606 | M68: 0.30138889 | N68: 0.32430556 | O68: 20 | P68: =(N68-M68)*24*60 -> 33 | Q68: 0.32430556 | R68: 0.36597222
B69: 飯糰 | D69: 鮪魚飯糰 | F69: 14.285714 | G69: 4566 | H69: =F69*G69 -> 65228.571 | J69: 3 | K69: =G69/P69*60 -> 3044 | L69: =K69/J69 -> 1014.6667 | M69: 0.37986111 | N69: 0.44236111 | O69: 20 | P69: =(N69-M69)*24*60 -> 90
B70: 0 | C70: 夾心型 飯糰機 | F70: 0 | H70: =F70*G70 -> 0
B71: 0 | F71: 0 | H71: =F71*G71 -> 0
B72: 0 | F72: 0 | H72: =F72*G72 -> 0
B73: 0 | F73: 0 | H73: =F73*G73 -> 0
B74: 0 | F74: 0 | H74: =F74*G74 -> 0
B75: 0 | C75: 3600型 飯糰機B | D75: 平均 | J75: =AVERAGE(J65:J74) -> 3.2 | K75: =AVERAGE(K65:K74) -> 2995.4705 | L75: =AVERAGE(L65:L74) -> 949.24016
A76: 二配 夾心型 飯糰機 | B76: 0 | F76: 0 | H76: =F76*G76 -> 0 | J76: 0 | K76: 0 | L76: 0
B77: 0 | F77: 0 | H77: =F77*G77 -> 0
B78: 0 | F78: 0 | H78: =F78*G78 -> 0
B79: 0 | F79: 0 | H79: =F79*G79 -> 0
B80: 0 | F80: 0 | H80: =F80*G80 -> 0
B81: 0 | C81: 夾心型 飯糰機 | D81: 平均 | J81: =AVERAGE(J76:J80) -> 0 | K81: =AVERAGE(K76:K80) -> 0 | L81: =AVERAGE(L76:L80) -> 0
A82: 二配 3300型A 飯糰機 | B82: 飯糰 | D82: 二配油蔥G絲飯糰 | F82: 18.18 | G82: 456 | H82: =F82*G82 -> 8290.08 | J82: 4 | K82: =G82/P82*60 -> 2736 | L82: =K82/J82 -> 684 | M82: 0.72222222 | N82: 0.72916667 | O82: 20 | P82: =(N82-M82)*24*60 -> 10
B83: 飯糰 | D83: 二配三杯醬爆菇菇飯糰 | F83: 16.7 | G83: 1226 | H83: =F83*G83 -> 20474.2 | J83: 3 | K83: =G83/P83*60 -> 2942.4 | L83: =K83/J83 -> 980.8 | M83: 0.74305556 | N83: 0.76041667 | O83: 20 | P83: =(N83-M83)*24*60 -> 25 | Q83: 0.76041667 | R83: 0.80208333
B84: 飯糰 | D84: 二配壹號醬炙烤牛飯糰 | F84: 22.281818 | G84: 1072 | H84: =F84*G84 -> 23886.109 | J84: 4 | K84: =G84/P84*60 -> 2923.6364 | L84: =K84/J84 -> 730.90909 | M84: 0.81597222 | N84: 0.83125 | O84: 20 | P84: =(N84-M84)*24*60 -> 22
B85: 0 | F85: 0 | H85: =F85*G85 -> 0
B86: 0 | F86: 0 | H86: =F86*G86 -> 0
F87: 0 | H87: =F87*G87 -> 0
B88: 0 | F88: 0 | H88: =F88*G88 -> 0
B89: 0 | F89: 0 | H89: =F89*G89 -> 0
B90: 0 | F90: 0 | H90: =F90*G90 -> 0
B91: 0 | C91: 3300型 飯糰機A | D91: 平均 | J91: =AVERAGE(J82:J90) -> 3.6666667 | K91: =AVERAGE(K82:K90) -> 2867.3455 | L91: =AVERAGE(L82:L90) -> 798.5697
A92: 二配 3300型B 飯糰機 | B92: 飯糰 | D92: 二配大飯糰韓式蒜烤豬五花 | F92: 24.54 | G92: 1790 | H92: =F92*G92 -> 43926.6 | J92: 3 | K92: =G92/P92*60 -> 2386.6667 | L92: =K92/J92 -> 795.55556 | M92: 0.72222222 | N92: 0.75347222 | O92: 20 | P92: =(N92-M92)*24*60 -> 45
B93: 飯糰 | D93: 二配大飯糰滷肉飯加蛋 | F93: 22.48 | G93: 1083 | H93: =F93*G93 -> 24345.84 | J93: 4 | K93: =G93/P93*60 -> 2166 | L93: =K93/J93 -> 541.5 | M93: 0.76736111 | N93: 0.78819444 | O93: 20 | P93: =(N93-M93)*24*60 -> 30
B94: 飯糰 | D94: 二配大飯糰鮪魚昆布 | F94: 22.21 | G94: 3581 | H94: =F94*G94 -> 79534.01 | J94: 4 | K94: =G94/P94*60 -> 2261.6842 | L94: =K94/J94 -> 565.42105 | M94: 0.80208333 | N94: 0.86805556 | O94: 20 | P94: =(N94-M94)*24*60 -> 95
B95: 0 | F95: 0 | H95: =F95*G95 -> 0
B96: 0 | F96: 0 | H96: =F96*G96 -> 0
B97: 0 | F97: 0 | H97: =F97*G97 -> 0
B98: 0
B99: 0 | F99: 0 | H99: =F99*G99 -> 0
B100: 0 | C100: 3300型 飯糰機B | D100: 平均 | J100: =AVERAGE(J92:J99) -> 3.6666667 | K100: =AVERAGE(K92:K99) -> 2271.4503 | L100: =AVERAGE(L92:L99) -> 634.15887
...

Sheet 晉欣4度C0303
A1: 晉欣廠四度C日報分析 | D1: 總生產量 | E1: =SUM(G5:G173) -> 171134.6 | F1: 營業額 | G1: =SUM(H5:H173) -> 6954778.4 | H1: 出勤人數 | I1: =M17+M30+M43+M56+M69+M82+M95+M108+M121+M134+M147+M160+M173 -> 199.30119 | J1: 產線配置圖 | M1: 生產實績 | P1: 人時性差異分析 | T1: 日報登錄 | Z1: 合計 次數 | AA1: 合計 時間/分 | AB1: 產線異常分析 說明(5分鐘以上) | AD1: 合計 次數 | AE1: 合計 設備次數 | AF1: 產能差異分析
A2: 03月03日 星期二 | D2: 人時性 | E2: =AVERAGE(O17,O30,O43,O56,O69,O82,O95,O108,O121,O134,O147,O160,O173) -> 123.10188 | F2: 平均廠價 | G2: =G1/E1 -> 40.63923 | H2: 多次生產數 | I2: =COUNT(I5:I173) -> 4 | Z2: =Z17+Z30+Z43+Z56+Z69+Z82+Z95+Z108+Z121+Z134+Z147+Z160+Z173 -> 0 | AA2: =AA17+AA30+AA43+AA56+AA69+AA82+AA95+AA108+AA121+AA134+AA147+AA160+AA173 -> 0 | AD2: =AD17+AD30+AD43+AD56+AD69+AD82+AD95+AD108+AD121+AD134+AD147+AD160+AD173 -> 1 | AE2: =AE17+AE30+AE43+AE56+AE69+AE82+AE95+AE108+AE121+AE134+AE147+AE160+AE173 -> 3
A3: 線別 | B3: 品類 | D3: 品名 | F3: 廠價 | G3: 生產量 | H3: 營收 | I3: 多次 生產 | J3: 人數 | K3: 產能/時 | L3: 人時性 | M3: 人數 | N3: 產能/時 | O3: 人時性 | P3: 人數 | Q3: 人時性 | R3: 達成率 | S3: 達成率平均 | T3: 生產時間 | V3: 前置、換線時間/分 | W3: 稼動時間/分 | X3: 休息時間 | Z3: 產線異常統計 (5分鐘以上) | AB3: 分析說明 | AD3: 短暫停線統計 (5分鐘以下) | AF3: 產能/時 | AG3: 達成率 | AH3: 達成率平均
T4: 開始 | U4: 結束 | X4: 開始 | Y4: 結束 | Z4: 次數 | AA4: 時間/分 | AD4: 總次數 | AE4: 設備因素(次數)
A5: 四度一組 (ET-600) | B5: 季節調理麵 | D5: 椒麻香蔥雞涼拌麵 | F5: 37.94 | G5: 2917.2 | H5: =F5*G5 -> 110678.57 | J5: 20 | K5: 2400 | L5: 120 | M5: 20 | N5: =G5/W5*60 -> 2244 | O5: =N5/M5 -> 112.2 | P5: =M5-J5 -> 0 | Q5: =O5-L5 -> -7.8 | R5: =O5/L5 -> 0.935 | S5: =R17 -> 0.93350559 | T5: 0.29166667 | U5: 0.34583333 | V5: 5 | W5: =(U5-T5)*24*60 -> 78 | AF5: =N5-K5 -> -156 | AG5: =N5/K5 -> 0.935 | AH5: =AG17 -> 0.97933059
B6: 季節調理麵 | D6: 台式麻醬涼麵 | F6: 31.266132 | G6: 1828.45 | H6: =F6*G6 -> 57168.559 | J6: 18 | K6: 2600 | L6: 144.44444 | M6: 19 | N6: =G6/W6*60 -> 2612.0714 | O6: =N6/M6 -> 137.47744 | P6: =M6-J6 -> 1 | Q6: =O6-L6 -> -6.9670008 | R6: =O6/L6 -> 0.95176692 | T6: 0.35 | U6: 0.37916667 | V6: 6 | W6: =(U6-T6)*24*60 -> 42 | AF6: =N6-K6 -> 12.071429 | AG6: =N6/K6 -> 1.0046429
B7: 季節調理麵 | D7: 大滿足香辣涼麵 | F7: 38.630952 | G7: 2608.45 | H7: =F7*G7 -> 100766.91 | J7: 18 | K7: 2600 | L7: 144.44444 | M7: 19 | N7: =G7/W7*60 -> 2652.661 | O7: =N7/M7 -> 139.61374 | P7: =M7-J7 -> 1 | Q7: =O7-L7 -> -4.8307067 | R7: =O7/L7 -> 0.96655665 | T7: 0.39444444 | U7: 0.43541667 | V7: 22 | W7: =(U7-T7)*24*60 -> 59 | X7: 0.38263889 | Y7: 0.39166667 | AF7: =N7-K7 -> 52.661017 | AG7: =N7/K7 -> 1.0202542
B8: 季節調理麵 | D8: 大滿足麻醬涼麵 | F8: 38 | G8: 3771.6 | H8: =F8*G8 -> 143320.8 | J8: 19 | K8: 2600 | L8: 136.84211 | M8: 20 | N8: =G8/W8*60 -> 2631.3488 | O8: =N8/M8 -> 131.56744 | P8: =M8-J8 -> 1 | Q8: =O8-L8 -> -5.2746634 | R8: =O8/L8 -> 0.96145438 | T8: 0.43958333 | U8: 0.49930556 | V8: 6 | W8: =(U8-T8)*24*60 -> 86 | AF8: =N8-K8 -> 31.348837 | AG8: =N8/K8 -> 1.0120572
B9: 熱食義麵 | D9: 辣腐乳麻醬拌麵 | F9: 38.1 | G9: 1389.3 | H9: =F9*G9 -> 52932.33 | J9: 17 | K9: 1500 | L9: 88.235294 | M9: 17 | N9: =G9/W9*60 -> 1323.1429 | O9: =N9/M9 -> 77.831933 | P9: =M9-J9 -> 0 | Q9: =O9-L9 -> -10.403361 | R9: =O9/L9 -> 0.88209524 | T9: 0.54097222 | U9: 0.58472222 | V9: 7 | W9: =(U9-T9)*24*60 -> 63 | AF9: =N9-K9 -> -176.85714 | AG9: =N9/K9 -> 0.88209524
B10: 季節調理麵 | D10: 大滿足麻醬涼麵 | F10: 38 | G10: 1616.4 | H10: =F10*G10 -> 61423.2 | J10: 19 | K10: 2600 | L10: 136.84211 | M10: 20 | N10: =G10/W10*60 -> 2621.1892 | O10: =N10/M10 -> 131.05946 | P10: =M10-J10 -> 1 | Q10: =O10-L10 -> -5.7826458 | R10: =O10/L10 -> 0.9577422 | T10: 0.58888889 | U10: 0.61458333 | V10: 6 | W10: =(U10-T10)*24*60 -> 37 | AF10: =N10-K10 -> 21.189189 | AG10: =N10/K10 -> 1.0081497
B11: 季節調理麵 | D11: 大滿足香辣涼麵 | F11: 38.630952 | G11: 1404.55 | H11: =F11*G11 -> 54259.104 | J11: 18 | K11: 2600 | L11: 144.44444 | M11: 20 | N11: =G11/W11*60 -> 2633.5312 | O11: =N11/M11 -> 131.67656 | P11: =M11-J11 -> 2 | Q11: =O11-L11 -> -12.767882 | R11: =O11/L11 -> 0.91160697 | T11: 0.62013889 | U11: 0.64236111 | V11: 8 | W11: =(U11-T11)*24*60 -> 32 | AF11: =N11-K11 -> 33.53125 | AG11: =N11/K11 -> 1.0128966
B12: 季節調理麵 | D12: 台式麻醬涼麵 | F12: 31.266132 | G12: 984.55 | H12: =F12*G12 -> 30783.07 | J12: 18 | K12: 2600 | L12: 144.44444 | M12: 20 | N12: =G12/W12*60 -> 2568.3913 | O12: =N12/M12 -> 128.41957 | P12: =M12-J12 -> 2 | Q12: =O12-L12 -> -16.024879 | R12: =O12/L12 -> 0.88905853 | T12: 0.65833333 | U12: 0.67430556 | V12: 23 | W12: =(U12-T12)*24*60 -> 23 | X12: 0.64583333 | Y12: 0.65555556 | AF12: =N12-K12 -> -31.608696 | AG12: =N12/K12 -> 0.98784281
B13: 季節調理麵 | D13: 椒麻香蔥雞涼拌麵 | F13: 37.94 | G13: 1570.8 | H13: =F13*G13 -> 59596.152 | J13: 20 | K13: 2400 | L13: 120 | M13: 20 | N13: =G13/W13*60 -> 2244 | O13: =N13/M13 -> 112.2 | P13: =M13-J13 -> 0 | Q13: =O13-L13 -> -7.8 | R13: =O13/L13 -> 0.935 | T13: 0.67847222 | U13: 0.70763889 | V13: 6 | W13: =(U13-T13)*24*60 -> 42 | AF13: =N13-K13 -> -156 | AG13: =N13/K13 -> 0.935
B14: 微波主食 | D14: 二配濃起司燻腸紅醬焗烤飯 | F14: 50.67 | G14: 1801.8 | H14: =F14*G14 -> 91297.206 | J14: 18 | K14: 1500 | L14: 83.333333 | M14: 18 | N14: =G14/W14*60 -> 1386 | O14: =N14/M14 -> 77 | P14: =M14-J14 -> 0 | Q14: =O14-L14 -> -6.3333333 | R14: =O14/L14 -> 0.924 | T14: 0.72222222 | U14: 0.77638889 | V14: 21 | W14: =(U14-T14)*24*60 -> 78 | X14: 0.71111111 | Y14: 0.71944444 | AD14: 1
B15: 0 | F15: 0 | H15: =F15*G15 -> 0 | W15: =(U15-T15)*24*60 -> 0
B16: 0 | F16: 0 | H16: =F16*G16 -> 0 | W16: =(U16-T16)*24*60 -> 0
B17: 0 | C17: 4度一組 | D17: 平均 | J17: 18.5 | K17: 2340 | L17: 126.30306 | M17: =AVERAGE(M5:M16) -> 19.3 | N17: =AVERAGE(N5:N16) -> 2291.6336 | O17: =AVERAGE(O5:O16) -> 117.90461 | P17: =M17-J17 -> 0.8 | Q17: =O17-L17 -> -8.3984473 | R17: =O17/L17 -> 0.93350559 | W17: =(U17-T17)*24*60 -> 0 | Z17: =SUM(Z5:Z16) -> 0 | AA17: =SUM(AA5:AA16) -> 0 | AD17: =SUM(AD5:AD16) -> 1 | AE17: =SUM(AE5:AE16) -> 0 | AF17: =N17-K17 -> -48.366412 | AG17: =N17/K17 -> 0.97933059
A18: 四度二組A 熱麵 固定線 (ET-55) | B18: 季節調理麵 | D18: 日式蕎麥沾麵 | F18: 36.86 | G18: 2710 | H18: =F18*G18 -> 99890.6 | J18: 17 | K18: 2250 | L18: 132.35294 | M18: 18 | N18: =G18/W18*60 -> 2168 | O18: =N18/M18 -> 120.44444 | P18: =M18-J18 -> 1 | Q18: =O18-L18 -> -11.908497 | R18: =O18/L18 -> 0.91002469 | S18: =R30 -> 0.89487511 | T18: 0.16666667 | U18: 0.21875 | V18: 5 | W18: =(U18-T18)*24*60 -> 75 | AE18: 1 | AF18: =N18-K18 -> -82 | AG18: =N18/K18 -> 0.96355556 | AH18: =AG30 -> 0.91958067
B19: 熱食義麵 | D19: 愛恨椒芝麵 | F19: 38.39 | G19: 2277.8 | H19: =F19*G19 -> 87444.742 | J19: 16 | K19: 1636 | L19: 102.25 | M19: 17 | N19: =G19/W19*60 -> 1438.6105 | O19: =N19/M19 -> 84.624149 | P19: =M19-J19 -> 1 | Q19: =O19-L19 -> -17.625851 | R19: =O19/L19 -> 0.82762004 | T19: 0.22361111 | U19: 0.28958333 | V19: 7 | W19: =(U19-T19)*24*60 -> 95 | AF19: =N19-K19 -> -197.38947 | AG19: =N19/K19 -> 0.87934629
B20: 小菜微波 | D20: 古早味炒炊粉 | F20: 43.14 | G20: 2106 | H20: =F20*G20 -> 90852.84 | J20: 16 | K20: 1440 | L20: 90 | M20: 16 | N20: =G20/W20*60 -> 1388.5714 | O20: =N20/M20 -> 86.785714 | P20: =M20-J20 -> 0 | Q20: =O20-L20 -> -3.2142857 | R20: =O20/L20 -> 0.96428571 | T20: 0.30486111 | U20: 0.36805556 | V20: 22 | W20: =(U20-T20)*24*60 -> 91 | X20: 0.29305556 | Y20: 0.30208333 | AF20: =N20-K20 -> -51.428571 | AG20: =N20/K20 -> 0.96428571
B21: 熱食義麵 | D21: 辣腐乳麻醬拌麵 | F21: 38.1 | G21: 3704.8 | H21: =F21*G21 -> 141152.88 | J21: 17 | K21: 1500 | L21: 88.235294 | M21: 17 | N21: =G21/W21*60 -> 1331.0659 | O21: =N21/M21 -> 78.297992 | P21: =M21-J21 -> 0 | Q21: =O21-L21 -> -9.9373019 | R21: =O21/L21 -> 0.88737725 | T21: 0.37291667 | U21: 0.48888889 | V21: 7 | W21: =(U21-T21)*24*60 -> 167 | AF21: =N21-K21 -> -168.93413 | AG21: =N21/K21 -> 0.88737725
B22: 熱食義麵 | D22: 辣腐乳麻醬拌麵 | F22: 38.1 | G22: 4167.9 | H22: =F22*G22 -> 158796.99 | J22: 17 | K22: 1500 | L22: 88.235294 | M22: 17 | N22: =G22/W22*60 -> 1330.1809 | O22: =N22/M22 -> 78.245932 | P22: =M22-J22 -> 0 | Q22: =O22-L22 -> -9.9893617 | R22: =O22/L22 -> 0.88678723 | T22: 0.52986111 | U22: 0.66041667 | V22: 6 | W22: =(U22-T22)*24*60 -> 188 | AF22: =N22-K22 -> -169.81915 | AG22: =N22/K22 -> 0.88678723
B23: 0 | F23: 0 | H23: =F23*G23 -> 0 | W23: =(U23-T23)*24*60 -> 0 | AF23: =N23-K23 -> 0 | AG23: =N23/K23 -> #DIV/0!
B24: 0 | F24: 0 | H24: =F24*G24 -> 0 | W24: =(U24-T24)*24*60 -> 0 | AF24: =N24-K24 -> 0 | AG24: =N24/K24 -> #DIV/0!
B25: 0 | F25: 0 | H25: =F25*G25 -> 0 | AF25: =N25-K25 -> 0 | AG25: =N25/K25 -> #DIV/0!
B26: 0 | F26: 0 | H26: =F26*G26 -> 0 | W26: =(U26-T26)*24*60 -> 0 | AF26: =N26-K26 -> 0 | AG26: =N26/K26 -> #DIV/0!
B27: 0 | F27: 0 | H27: =F27*G27 -> 0 | W27: =(U27-T27)*24*60 -> 0 | AF27: =N27-K27 -> 0 | AG27: =N27/K27 -> #DIV/0!
B28: 0 | F28: 0 | H28: =F28*G28 -> 0 | W28: =(U28-T28)*24*60 -> 0 | AF28: =N28-K28 -> 0 | AG28: =N28/K28 -> #DIV/0!
B29: 0 | F29: 0 | H29: =F29*G29 -> 0 | W29: =(U29-T29)*24*60 -> 0 | AF29: =N29-K29 -> 0
B30: 0 | C30: 4度二組A | D30: 平均 | J30: 16.6 | K30: 1665.2 | L30: 100.21471 | M30: =AVERAGE(M18:M29) -> 17 | N30: =AVERAGE(N18:N29) -> 1531.2857 | O30: =AVERAGE(O18:O29) -> 89.679646 | P30: =M30-J30 -> 0.4 | Q30: =O30-L30 -> -10.535059 | R30: =O30/L30 -> 0.89487511 | Z30: =SUM(Z18:Z29) -> 0 | AA30: =SUM(AA18:AA29) -> 0 | AD30: =SUM(AD18:AD29) -> 0 | AE30: =SUM(AE18:AE29) -> 1 | AF30: =N30-K30 -> -133.91427 | AG30: =N30/K30 -> 0.91958067
A31: 四度二組 (ET-55) | B31: 飯糰 | D31: 大口金黃薯牛堡飯糰 | F31: 34.23 | G31: 2166 | H31: =F31*G31 -> 74142.18 | J31: 13 | K31: 2250 | L31: 173.07692 | M31: 13 | N31: =G31/W31*60 -> 2096.129 | O31: =N31/M31 -> 161.24069 | P31: =M31-J31 -> 0 | Q31: =O31-L31 -> -11.836228 | R31: =O31/L31 -> 0.9316129 | S31: =R43 -> 0.88790221 | T31: 0.16666667 | U31: 0.20972222 | V31: 5 | W31: =(U31-T31)*24*60 -> 62 | AF31: =N31-K31 -> -153.87097 | AG31: =N31/K31 -> 0.9316129 | AH31: =AG43 -> 0.88855107
B32: 飯糰 | D32: 大口日式塔塔醬蝦排飯糰 | F32: 35.33 | G32: 2242 | H32: =F32*G32 -> 79209.86 | J32: 12 | K32: 2118 | L32: 176.5 | M32: 12 | N32: =G32/W32*60 -> 2101.875 | O32: =N32/M32 -> 175.15625 | P32: =M32-J32 -> 0 | Q32: =O32-L32 -> -1.34375 | R32: =O32/L32 -> 0.99238669 | T32: 0.21458333 | U32: 0.25902778 | V32: 7 | W32: =(U32-T32)*24*60 -> 64 | AF32: =N32-K32 -> -16.125 | AG32: =N32/K32 -> 0.99238669
B33: 飯糰 | D33: 大口義式香草雞腿排飯糰 | F33: 36.41 | G33: 2388.05 | H33: =F33*G33 -> 86948.9 | J33: 10 | K33: 2769 | L33: 276.9 | M33: 10 | N33: =G33/W33*60 -> 2274.3333 | O33: =N33/M33 -> 227.43333 | P33: =M33-J33 -> 0 | Q33: =O33-L33 -> -49.466667 | R33: =O33/L33 -> 0.82135548 | T33: 0.275 | U33: 0.31875 | V33: 23 | W33: =(U33-T33)*24*60 -> 63 | X33: 0.2625 | Y33: 0.27222222 | AF33: =N33-K33 -> -494.66667 | AG33: =N33/K33 -> 0.82135548
B34: 微波主食 | D34: 日式野菜烘蛋燴飯 | F34: 49.91 | G34: 832 | H34: =F34*G34 -> 41525.12 | J34: 17 | K34: 1500 | L34: 88.235294 | M34: 17 | N34: =G34/W34*60 -> 1313.6842 | O34: =N34/M34 -> 77.275542 | P34: =M34-J34 -> 0 | Q34: =O34-L34 -> -10.959752 | R34: =O34/L34 -> 0.87578947 | T34: 0.32291667 | U34: 0.34930556 | V34: 6 | W34: =(U34-T34)*24*60 -> 38 | AF34: =N34-K34 -> -186.31579 | AG34: =N34/K34 -> 0.87578947
B35: 微波主食 | D35: 壽喜燒牛丼 | F35: 53.27 | G35: 1443 | H35: =F35*G35 -> 76868.61 | J35: 18 | K35: 1500 | L35: 83.333333 | M35: 18 | N35: =G35/W35*60 -> 1332 | O35: =N35/M35 -> 74 | P35: =M35-J35 -> 0 | Q35: =O35-L35 -> -9.3333333 | R35: =O35/L35 -> 0.888 | T35: 0.36736111 | U35: 0.4125 | V35: 22 | W35: =(U35-T35)*24*60 -> 65 | X35: 0.35277778 | Y35: 0.36180556 | AF35: =N35-K35 -> -168 | AG35: =N35/K35 -> 0.888
B36: 小菜微波 | D36: 香辣醬粉絲煲 | F36: 29.11315 | G36: 2724.54 | H36: =F36*G36 -> 79319.941 | J36: 20 | K36: 1500 | L36: 75 | M36: 20 | N36: =G36/W36*60 -> 1329.0439 | O36: =N36/M36 -> 66.452195 | P36: =M36-J36 -> 0 | Q36: =O36-L36 -> -8.5478049 | R36: =O36/L36 -> 0.88602927 | T36: 0.42708333 | U36: 0.5125 | V36: 21 | W36: =(U36-T36)*24*60 -> 123 | X36: 0.41597222 | Y36: 0.42430556 | AF36: =N36-K36 -> -170.9561 | AG36: =N36/K36 -> 0.88602927
B37: 熱食義麵 | D37: 愛恨椒芝麵 | F37: 38.39 | G37: 976.2 | H37: =F37*G37 -> 37476.318 | I37: 2 | J37: 16 | K37: 1636 | L37: 102.25 | M37: 16 | N37: =G37/W37*60 -> 1362.1395 | O37: =N37/M37 -> 85.133721 | P37: =M37-J37 -> 0 | Q37: =O37-L37 -> -17.116279 | R37: =O37/L37 -> 0.83260363 | T37: 0.55347222 | U37: 0.58333333 | V37: 6 | W37: =(U37-T37)*24*60 -> 43 | AF37: =N37-K37 -> -273.86047 | AG37: =N37/K37 -> 0.83260363
B38: 小菜微波 | D38: 香辣醬粉絲煲 | F38: 29.11315 | G38: 768.46 | H38: =F38*G38 -> 22372.291 | J38: 20 | K38: 1500 | L38: 75 | M38: 20 | N38: =G38/W38*60 -> 1317.36 | O38: =N38/M38 -> 65.868 | P38: =M38-J38 -> 0 | Q38: =O38-L38 -> -9.132 | R38: =O38/L38 -> 0.87824 | T38: 0.58819444 | U38: 0.6125 | V38: 7 | W38: =(U38-T38)*24*60 -> 35 | AF38: =N38-K38 -> -182.64 | AG38: =N38/K38 -> 0.87824
B39: 0 | F39: 0 | H39: =F39*G39 -> 0 | W39: =(U39-T39)*24*60 -> 0 | AF39: =N39-K39 -> 0 | AG39: =N39/K39 -> #DIV/0!
B40: 0 | F40: 0 | H40: =F40*G40 -> 0 | W40: =(U40-T40)*24*60 -> 0 | AF40: =N40-K40 -> 0 | AG40: =N40/K40 -> #DIV/0!
B41: 0 | F41: 0 | W41: =(U41-T41)*24*60 -> 0
B42: 0 | F42: 0 | H42: =F42*G42 -> 0 | W42: =(U42-T42)*24*60 -> 0
B43: 0 | C43: 4度二組B | D43: 平均 | J43: 15.75 | K43: 1846.625 | L43: 131.28694 | M43: =AVERAGE(M31:M42) -> 15.75 | N43: =AVERAGE(N31:N42) -> 1640.8206 | O43: =AVERAGE(O31:O42) -> 116.56997 | P43: =M43-J43 -> 0 | Q43: =N43-K43 -> -205.80437 | R43: =O43/L43 -> 0.88790221 | Z43: =SUM(Z31:Z42) -> 0 | AA43: =SUM(AA31:AA42) -> 0 | AD43: =SUM(AD31:AD42) -> 0 | AE43: =SUM(AE31:AE42) -> 0 | AF43: =N43-K43 -> -205.80437 | AG43: =N43/K43 -> 0.88855107
A44: 四度二組 (烤飯糰/八爪機) | B44: 飯糰 | D44: 明太子奶油炸飯糰 | F44: 22.27 | G44: 690 | H44: =F44*G44 -> 15366.3 | J44: 4 | K44: 2000 | L44: 500 | M44: 5 | N44: =G44/W44*60 -> 2070 | O44: =N44/M44 -> 414 | P44: =M44-J44 -> 1 | Q44: =O44-L44 -> -86 | R44: =O44/L44 -> 0.828 | S44: =R56 -> 0.88036319 | T44: 0.16666667 | U44: 0.18055556 | V44: 5 | W44: =(U44-T44)*24*60 -> 20 | AF44: =N44-K44 -> 70 | AG44: =N44/K44 -> 1.035 | AH44: =AG56 -> 1.0108533
B45: 飯糰 | D45: 淡麗清酒蒸蛤蜊烤飯糰 | F45: 24.73 | G45: 2453 | H45: =F45*G45 -> 60662.69 | J45: 4 | K45: 2000 | L45: 500 | M45: 5 | N45: =G45/W45*60 -> 2133.0435 | O45: =N45/M45 -> 426.6087 | P45: =M45-J45 -> 1 | Q45: =O45-L45 -> -73.391304 | R45: =O45/L45 -> 0.85321739 | T45: 0.18402778 | U45: 0.23194444 | V45: 5 | W45: =(U45-T45)*24*60 -> 69 | AF45: =N45-K45 -> 133.04348 | AG45: =N45/K45 -> 1.0665217
B46: 飯糰 | D46: 糖燻野郎起司炙燒牛烤飯糰 | F46: 24.73 | G46: 2241 | H46: =F46*G46 -> 55419.93 | J46: 4 | K46: 2000 | L46: 500 | M46: 5 | N46: =G46/W46*60 -> 2134.2857 | O46: =N46/M46 -> 426.85714 | P46: =M46-J46 -> 1 | Q46: =O46-L46 -> -73.142857 | R46: =O46/L46 -> 0.85371429 | T46: 0.23541667 | U46: 0.27916667 | V46: 5 | W46: =(U46-T46)*24*60 -> 63 | AF46: =N46-K46 -> 134.28571 | AG46: =N46/K46 -> 1.0671429
B47: 小菜微波 | D47: 媽媽煮藝-鹹酥雞 | F47: 31.43 | G47: 2836 | H47: =F47*G47 -> 89135.48 | J47: 7 | K47: 1500 | L47: 214.28571 | M47: 7 | N47: =G47/W47*60 -> 1466.8966 | O47: =N47/M47 -> 209.55665 | P47: =M47-J47 -> 0 | Q47: =O47-L47 -> -4.729064 | R47: =O47/L47 -> 0.97793103 | T47: 0.29652778 | U47: 0.37708333 | V47: 25 | W47: =(U47-T47)*24*60 -> 116 | X47: 0.28263889 | Y47: 0.29375 | AF47: =N47-K47 -> -33.103448 | AG47: =N47/K47 -> 0.97793103
B48: 小菜微波 | D48: 多穀紫米飯 | F48: 11.6 | G48: 2387 | H48: =F48*G48 -> 27689.2 | J48: 7 | K48: 1636 | L48: 233.71429 | M48: 7 | N48: =G48/W48*60 -> 1446.6667 | O48: =N48/M48 -> 206.66667 | P48: =M48-J48 -> 0 | Q48: =O48-L48 -> -27.047619 | R48: =O48/L48 -> 0.88427058 | T48: 0.39444444 | U48: 0.46319444 | V48: 25 | W48: =(U48-T48)*24*60 -> 99 | X48: 0.38055556 | Y48: 0.39166667 | AF48: =N48-K48 -> -189.33333 | AG48: =N48/K48 -> 0.88427058
B49: 微波主食 | D49: 優質池上飯 | F49: 10.09 | G49: 2847.6 | H49: =F49*G49 -> 28732.284 | J49: 6 | K49: 1500 | L49: 250 | M49: 6 | N49: =G49/W49*60 -> 1435.7647 | O49: =N49/M49 -> 239.29412 | P49: =M49-J49 -> 0 | Q49: =O49-L49 -> -10.705882 | R49: =O49/L49 -> 0.95717647 | T49: 0.47013889 | U49: 0.55277778 | V49: 10 | W49: =(U49-T49)*24*60 -> 119 | AE49: 1 | AF49: =N49-K49 -> -64.235294 | AG49: =N49/K49 -> 0.95717647
B50: 微波主食 | D50: 優質池上飯 | F50: 10.09 | G50: 2989.98 | H50: =F50*G50 -> 30168.898 | J50: 6 | K50: 1500 | L50: 250 | M50: 6 | N50: =G50/W50*60 -> 1446.7645 | O50: =N50/M50 -> 241.12742 | P50: =M50-J50 -> 0 | Q50: =O50-L50 -> -8.8725806 | R50: =O50/L50 -> 0.96450968 | T50: 0.57361111 | U50: 0.65972222 | V50: 30 | W50: =(U50-T50)*24*60 -> 124 | X50: 0.55625 | Y50: 0.57083333 | AE50: 1 | AF50: =N50-K50 -> -53.235484 | AG50: =N50/K50 -> 0.96450968
B51: 飯糰 | D51: 蟹味可樂餅風炸飯糰 | F51: 21.92 | G51: 1078 | H51: =F51*G51 -> 23629.76 | J51: 4 | K51: 2000 | L51: 500 | M51: 5 | N51: =G51/W51*60 -> 2156 | O51: =N51/M51 -> 431.2 | P51: =M51-J51 -> 1 | Q51: =O51-L51 -> -68.8 | R51: =O51/L51 -> 0.8624 | T51: 0.66666667 | U51: 0.6875 | V51: 10 | W51: =(U51-T51)*24*60 -> 30 | AF51: =N51-K51 -> 156 | AG51: =N51/K51 -> 1.078
B52: 0 | F52: 0 | H52: =F52*G52 -> 0 | W52: =(U52-T52)*24*60 -> 0 | AF52: =N52-K52 -> 0 | AG52: =N52/K52 -> #DIV/0!
B53: 0 | F53: 0 | H53: =F53*G53 -> 0 | W53: =(U53-T53)*24*60 -> 0 | AF53: =N53-K53 -> 0 | AG53: =N53/K53 -> #DIV/0!
B54: 0 | F54: 0 | H54: =F54*G54 -> 0 | W54: =(U54-T54)*24*60 -> 0 | AF54: =N54-K54 -> 0 | AG54: =N54/K54 -> #DIV/0!
B55: 0 | F55: 0 | H55: =F55*G55 -> 0 | W55: =(U55-T55)*24*60 -> 0
B56: 0 | C56: 4度二組C1 | D56: 平均 | J56: 5.25 | K56: 1767 | L56: 368.5 | M56: =AVERAGE(M44:M55) -> 5.75 | N56: =AVERAGE(N44:N55) -> 1786.1777 | O56: =AVERAGE(O44:O55) -> 324.41384 | P56: =M56-J56 -> 0.5 | Q56: =N56-K56 -> 19.177704 | R56: =O56/L56 -> 0.88036319 | W56: =(U56-T56)*24*60 -> 0 | Z56: =SUM(Z44:Z55) -> 0 | AA56: =SUM(AA44:AA55) -> 0 | AD56: =SUM(AD44:AD55) -> 0 | AE56: =SUM(AE44:AE55) -> 2 | AF56: =N56-K56 -> 19.177704 | AG56: =N56/K56 -> 1.0108533
A57: 四度二組 (烤飯糰/十爪機) | B57: 小菜微波 | D57: 糖燻豬耳絲 | F57: 28.26 | G57: 1757 | H57: =F57*G57 -> 49652.82 | J57: 7 | K57: 1500 | L57: 214.28571 | M57: 7 | N57: =G57/W57*60 -> 1464.1667 | O57: =N57/M57 -> 209.16667 | P57: =M57-J57 -> 0 | Q57: =O57-L57 -> -5.1190476 | R57: =O57/L57 -> 0.97611111 | S57: =R69 -> 0.97653177 | T57: 0.16666667 | U57: 0.21666667 | V57: 5 | W57: =(U57-T57)*24*60 -> 72 | AF57: =N57-K57 -> -35.833333 | AG57: =N57/K57 -> 0.97611111 | AH57: =AG69 -> 0.97641323
B58: 小菜微波 | D58: 燻之味-糖燻雞胗 | F58: 27.88 | G58: 2762 | H58: =F58*G58 -> 77004.56 | J58: 7 | K58: 1500 | L58: 214.28571 | M58: 7 | N58: =G58/W58*60 -> 1466.5487 | O58: =N58/M58 -> 209.50695 | P58: =M58-J58 -> 0 | Q58: =O58-L58 -> -4.7787611 | R58: =O58/L58 -> 0.97769912 | T58: 0.22361111 | U58: 0.30208333 | V58: 10 | W58: =(U58-T58)*24*60 -> 113 | AF58: =N58-K58 -> -33.451327 | AG58: =N58/K58 -> 0.97769912
B59: 小菜微波 | D59: 韓式蒜味炸雞 | F59: 28 | G59: 2672 | H59: =F59*G59 -> 74816 | J59: 7 | K59: 1500 | L59: 214.28571 | M59: 7 | N59: =G59/W59*60 -> 1457.4545 | O59: =N59/M59 -> 208.20779 | P59: =M59-J59 -> 0 | Q59: =O59-L59 -> -6.0779221 | R59: =O59/L59 -> 0.97163636 | T59: 0.31944444 | U59: 0.39583333 | V59: 25 | W59: =(U59-T59)*24*60 -> 110 | X59: 0.30555556 | Y59: 0.31666667 | AF59: =N59-K59 -> -42.545455 | AG59: =N59/K59 -> 0.97163636
B60: 微波主食 | D60: 優質池上飯 | F60: 10.09 | G60: 2705.22 | H60: =F60*G60 -> 27295.67 | J60: 6 | K60: 1500 | L60: 250 | M60: 6 | N60: =G60/W60*60 -> 1449.225 | O60: =N60/M60 -> 241.5375 | P60: =M60-J60 -> 0 | Q60: =O60-L60 -> -8.4625 | R60: =O60/L60 -> 0.96615 | T60: 0.41319444 | U60: 0.49097222 | V60: 25 | W60: =(U60-T60)*24*60 -> 112 | X60: 0.39930556 | Y60: 0.41041667 | AF60: =N60-K60 -> -50.775 | AG60: =N60/K60 -> 0.96615
B61: 微波主食 | D61: 優質池上飯 | F61: 10.09 | G61: 5695.2 | H61: =F61*G61 -> 57464.568 | J61: 6 | K61: 1500 | L61: 250 | M61: 6 | N61: =G61/W61*60 -> 1485.7043 | O61: =N61/M61 -> 247.61739 | P61: =M61-J61 -> 0 | Q61: =O61-L61 -> -2.3826087 | R61: =O61/L61 -> 0.99046957 | T61: 0.51180556 | U61: 0.67152778 | V61: 30 | W61: =(U61-T61)*24*60 -> 230 | X61: 0.49444444 | Y61: 0.50902778 | AF61: =N61-K61 -> -14.295652 | AG61: =N61/K61 -> 0.99046957
B62: 0 | F62: 0 | H62: =F62*G62 -> 0 | AF62: =N62-K62 -> 0 | AG62: =N62/K62 -> #DIV/0!
B63: 0 | F63: 0 | H63: =F63*G63 -> 0 | AF63: =N63-K63 -> 0 | AG63: =N63/K63 -> #DIV/0!
B64: 0 | F64: 0 | H64: =F64*G64 -> 0 | AF64: =N64-K64 -> 0 | AG64: =N64/K64 -> #DIV/0!
B65: 0 | F65: 0 | H65: =F65*G65 -> 0 | W65: =(U65-T65)*24*60 -> 0 | AF65: =N65-K65 -> 0 | AG65: =N65/K65 -> #DIV/0!
B66: 0 | F66: 0 | H66: =F66*G66 -> 0 | W66: =(U66-T66)*24*60 -> 0 | AF66: =N66-K66 -> 0 | AG66: =N66/K66 -> #DIV/0!
B67: 0 | F67: 0 | H67: =F67*G67 -> 0 | W67: =(U67-T67)*24*60 -> 0 | AF67: =N67-K67 -> 0 | AG67: =N67/K67 -> #DIV/0!
B68: 0 | F68: 0 | H68: =F68*G68 -> 0 | W68: =(U68-T68)*24*60 -> 0
B69: 0 | C69: 4度二組C2 | D69: 平均 | J69: 6.6 | K69: 1500 | L69: 228.57143 | M69: =AVERAGE(M57:M68) -> 6.6 | N69: =AVERAGE(N57:N68) -> 1464.6198 | O69: =AVERAGE(O57:O68) -> 223.20726 | P69: =M69-J69 -> 0 | Q69: =N69-K69 -> -35.380153 | R69: =O69/L69 -> 0.97653177 | W69: =(U69-T69)*24*60 -> 0 | Z69: =SUM(Z57:Z68) -> 0 | AA69: =SUM(AA57:AA68) -> 0 | AD69: =SUM(AD57:AD68) -> 0 | AE69: =SUM(AE57:AE68) -> 0 | AF69: =N69-K69 -> -35.380153 | AG69: =N69/K69 -> 0.97641323
A70: 四度三組 (ET-55) | B70: 熱食義麵 | D70: 蕃茄起司手工千層麵(區2) | F70: 62.13 | G70: 507 | H70: =F70*G70 -> 31499.91 | J70: 14 | K70: 1500 | L70: 107.14286 | M70: 13 | N70: =G70/W70*60 -> 1216.8 | O70: =N70/M70 -> 93.6 | P70: =M70-J70 -> -1 | Q70: =O70-L70 -> -13.542857 | R70: =O70/L70 -> 0.8736 | S70: =R82 -> 0.87577747 | T70: 0.29166667 | U70: 0.30902778 | V70: 5 | W70: =(U70-T70)*24*60 -> 25 | AF70: =N70-K70 -> -283.2 | AG70: =N70/K70 -> 0.8112 | AH70: =AG82 -> 0.87807155
B71: 便當 | D71: 嘉義劉里長雞肉飯 | F71: 47.65 | G71: 2593.5 | H71: =F71*G71 -> 123580.27 | J71: 18 | K71: 1440 | L71: 80 | M71: 18 | N71: =G71/W71*60 -> 1341.4655 | O71: =N71/M71 -> 74.525862 | P71: =M71-J71 -> 0 | Q71: =O71-L71 -> -5.4741379 | R71: =O71/L71 -> 0.93157328 | T71: 0.31319444 | U71: 0.39375 | V71: 6 | W71: =(U71-T71)*24*60 -> 116 | AF71: =N71-K71 -> -98.534483 | AG71: =N71/K71 -> 0.93157328
B72: 微波主食 | D72: 日式中濃醬炭火漢堡排飯 | F72: 56.85 | G72: 2543.52 | H72: =F72*G72 -> 144599.11 | J72: 18 | K72: 1636 | L72: 90.888889 | M72: 18 | N72: =G72/W72*60 -> 1387.3745 | O72: =N72/M72 -> 77.076364 | P72: =M72-J72 -> 0 | Q72: =O72-L72 -> -13.812525 | R72: =O72/L72 -> 0.84802845 | T72: 0.40902778 | U72: 0.48541667 | V72: 22 | W72: =(U72-T72)*24*60 -> 110 | X72: 0.39722222 | Y72: 0.40625 | AF72: =N72-K72 -> -248.62545 | AG72: =N72/K72 -> 0.84802845
B73: 便當 | D73: 香腸腿排雙拼便當 | F73: 53.76 | G73: 2807 | H73: =F73*G73 -> 150904.32 | J73: 16 | K73: 1440 | L73: 90 | M73: 16 | N73: =G73/W73*60 -> 1336.6667 | O73: =N73/M73 -> 83.541667 | P73: =M73-J73 -> 0 | Q73: =O73-L73 -> -6.4583333 | R73: =O73/L73 -> 0.92824074 | T73: 0.52638889 | U73: 0.61388889 | V73: 6 | W73: =(U73-T73)*24*60 -> 126 | AF73: =N73-K73 -> -103.33333 | AG73: =N73/K73 -> 0.92824074
B74: 便當 | D74: 新招牌腿排便當 | F74: 47.51 | G74: 2791 | H74: =F74*G74 -> 132600.41 | J74: 17 | K74: 1440 | L74: 84.705882 | M74: 17 | N74: =G74/W74*60 -> 1350.4839 | O74: =N74/M74 -> 79.440228 | P74: =M74-J74 -> 0 | Q74: =O74-L74 -> -5.2656546 | R74: =O74/L74 -> 0.93783602 | T74: 0.62986111 | U74: 0.71597222 | V74: 23 | W74: =(U74-T74)*24*60 -> 124 | X74: 0.61736111 | Y74: 0.62708333 | AF74: =N74-K74 -> -89.516129 | AG74: =N74/K74 -> 0.93783602
B75: 便當 | D75: 嘉義劉里長雞肉飯 | F75: 47.65 | G75: 864.5 | H75: =F75*G75 -> 41193.425 | I75: 2 | J75: 18 | K75: 1440 | L75: 80 | M75: 18 | N75: =G75/W75*60 -> 1296.75 | O75: =N75/M75 -> 72.041667 | P75: =M75-J75 -> 0 | Q75: =O75-L75 -> -7.9583333 | R75: =O75/L75 -> 0.90052083 | T75: 0.73125 | U75: 0.75902778 | V75: 22 | W75: =(U75-T75)*24*60 -> 40 | X75: 0.71944444 | Y75: 0.72847222 | AF75: =N75-K75 -> -143.25 | AG75: =N75/K75 -> 0.90052083
B76: 微波主食 | D76: 二配香拌海鮮醬肉絲蛋炒飯 | F76: 55.32 | G76: 554 | H76: =F76*G76 -> 30647.28 | J76: 14 | K76: 1440 | L76: 102.85714 | M76: 15 | N76: =G76/W76*60 -> 1146.2069 | O76: =N76/M76 -> 76.413793 | P76: =M76-J76 -> 1 | Q76: =O76-L76 -> -26.44335 | R76: =O76/L76 -> 0.74291188 | T76: 0.76319444 | U76: 0.78333333 | V76: 6 | W76: =(U76-T76)*24*60 -> 29 | AF76: =N76-K76 -> -293.7931 | AG76: =N76/K76 -> 0.79597701
B77: 0 | F77: 0 | H77: =F77*G77 -> 0 | AF77: =N77-K77 -> 0 | AG77: =N77/K77 -> #DIV/0!
B78: 0 | F78: 0 | H78: =F78*G78 -> 0 | AF78: =N78-K78 -> 0 | AG78: =N78/K78 -> #DIV/0!
B79: 0 | F79: 0 | H79: =F79*G79 -> 0 | W79: =(U79-T79)*24*60 -> 0 | AF79: =N79-K79 -> 0 | AG79: =N79/K79 -> #DIV/0!
B80: 0 | H80: =F80*G80 -> 0 | W80: =(U80-T80)*24*60 -> 0 | AF80: =N80-K80 -> 0 | AG80: =N80/K80 -> #DIV/0!
B81: 0 | W81: =(U81-T81)*24*60 -> 0
B82: 0 | C82: 4度三組 | D82: 平均 | J82: 16.428571 | K82: 1476.5714 | L82: 90.799253 | M82: =AVERAGE(M70:M81) -> 16.428571 | N82: =AVERAGE(N70:N81) -> 1296.5354 | O82: =AVERAGE(O70:O81) -> 79.51994 | P82: =M82-J82 -> 0 | Q82: =N82-K82 -> -180.03607 | R82: =O82/L82 -> 0.87577747 | Z82: =SUM(Z70:Z81) -> 0 | AA82: =SUM(AA70:AA81) -> 0 | AD82: =SUM(AD70:AD81) -> 0 | AE82: =SUM(AE70:AE81) -> 0 | AF82: =N82-K82 -> -180.03607 | AG82: =N82/K82 -> 0.87807155
A83: 四度四組 (ET-55) | B83: 便當 | D83: 好吃雞肉便當 | F83: 53.36 | G83: 2382.04 | H83: =F83*G83 -> 127105.65 | J83: 19 | K83: 1440 | L83: 75.789474 | M83: 19 | N83: =G83/W83*60 -> 1232.0897 | O83: =N83/M83 -> 64.846824 | P83: =M83-J83 -> 0 | Q83: =O83-L83 -> -10.94265 | R83: =O83/L83 -> 0.85561782 | S83: =R95 -> 0.84854987 | T83: 0.33333333 | U83: 0.41388889 | V83: 5 | W83: =(U83-T83)*24*60 -> 116 | AF83: =N83-K83 -> -207.91034 | AG83: =N83/K83 -> 0.85561782 | AH83: =AG95 -> 0.84788451
B84: 便當 | D84: 好吃雞肉便當 | F84: 53.36 | G84: 2919.92 | H84: =F84*G84 -> 155806.93 | J84: 19 | K84: 1440 | L84: 75.789474 | M84: 19 | N84: =G84/W84*60 -> 1208.2428 | O84: =N84/M84 -> 63.591724 | P84: =M84-J84 -> 0 | Q84: =O84-L84 -> -12.19775 | R84: =O84/L84 -> 0.83905747 | T84: 0.42986111 | U84: 0.53055556 | V84: 23 | W84: =(U84-T84)*24*60 -> 145 | X84: 0.41736111 | Y84: 0.42708333 | AF84: =N84-K84 -> -231.75724 | AG84: =N84/K84 -> 0.83905747
B85: 微波主食 | D85: 好多蒜燒豚飯 | F85: 51.75 | G85: 1173 | H85: =F85*G85 -> 60702.75 | J85: 21 | K85: 1500 | L85: 71.428571 | M85: 21 | N85: =G85/W85*60 -> 1327.9245 | O85: =N85/M85 -> 63.234501 | P85: =M85-J85 -> 0 | Q85: =O85-L85 -> -8.1940701 | R85: =O85/L85 -> 0.88528302 | T85: 0.57152778 | U85: 0.60833333 | V85: 6 | W85: =(U85-T85)*24*60 -> 53 | AF85: =N85-K85 -> -172.07547 | AG85: =N85/K85 -> 0.88528302
B86: 便當 | D86: 美式雞丁餐盒 | F86: 59.34 | G86: 660 | H86: =F86*G86 -> 39164.4 | J86: 17 | K86: 1440 | L86: 84.705882 | M86: 17 | N86: =G86/W86*60 -> 1277.4194 | O86: =N86/M86 -> 75.142315 | P86: =M86-J86 -> 0 | Q86: =O86-L86 -> -9.5635674 | R86: =O86/L86 -> 0.88709677 | T86: 0.61388889 | U86: 0.63541667 | V86: 8 | W86: =(U86-T86)*24*60 -> 31 | AF86: =N86-K86 -> -162.58065 | AG86: =N86/K86 -> 0.88709677
B87: 便當 | D87: 好吃雞肉便當 | F87: 53.36 | G87: 2382.04 | H87: =F87*G87 -> 127105.65 | J87: 19 | K87: 1440 | L87: 75.789474 | M87: 19 | N87: =G87/W87*60 -> 1253.7053 | O87: =N87/M87 -> 65.984488 | P87: =M87-J87 -> 0 | Q87: =O87-L87 -> -9.8049861 | R87: =O87/L87 -> 0.87062865 | T87: 0.65069444 | U87: 0.72986111 | V87: 22 | W87: =(U87-T87)*24*60 -> 114 | X87: 0.63888889 | Y87: 0.64791667 | AF87: =N87-K87 -> -186.29474 | AG87: =N87/K87 -> 0.87062865
B88: 微波主食 | D88: 二配蒙古風味烤肉飯 | F88: 58.17 | G88: 1063 | H88: =F88*G88 -> 61834.71 | J88: 19 | K88: 1385 | L88: 72.894737 | M88: 19 | N88: =G88/W88*60 -> 1138.9286 | O88: =N88/M88 -> 59.943609 | P88: =M88-J88 -> 0 | Q88: =O88-L88 -> -12.951128 | R88: =O88/L88 -> 0.8223311 | T88: 0.74583333 | U88: 0.78472222 | V88: 23 | W88: =(U88-T88)*24*60 -> 56 | X88: 0.73333333 | Y88: 0.74305556 | AF88: =N88-K88 -> -246.07143 | AG88: =N88/K88 -> 0.8223311
B89: 微波主食 | D89: 二配起司控培根白醬焗烤飯 | F89: 53.68 | G89: 1338 | H89: =F89*G89 -> 71823.84 | J89: 20 | K89: 1500 | L89: 75 | M89: 20 | N89: =G89/W89*60 -> 1163.4783 | O89: =N89/M89 -> 58.173913 | P89: =M89-J89 -> 0 | Q89: =O89-L89 -> -16.826087 | R89: =O89/L89 -> 0.77565217 | T89: 0.78888889 | U89: 0.83680556 | V89: 6 | W89: =(U89-T89)*24*60 -> 69 | AF89: =N89-K89 -> -336.52174 | AG89: =N89/K89 -> 0.77565217
B90: 0 | F90: 0 | H90: =F90*G90 -> 0 | AF90: =N90-K90 -> 0 | AG90: =N90/K90 -> #DIV/0!
B91: 0 | F91: 0 | H91: =F91*G91 -> 0 | AF91: =N91-K91 -> 0 | AG91: =N91/K91 -> #DIV/0!
B92: 0 | F92: 0 | H92: =F92*G92 -> 0 | AF92: =N92-K92 -> 0 | AG92: =N92/K92 -> #DIV/0!
B93: 0 | F93: 0 | H93: =F93*G93 -> 0 | W93: =(U93-T93)*24*60 -> 0 | AF93: =N93-K93 -> 0 | AG93: =N93/K93 -> #DIV/0!
B94: 0 | F94: 0 | H94: =F94*G94 -> 0 | W94: =(U94-T94)*24*60 -> 0 | AF94: =N94-K94 -> 0 | AG94: =N94/K94 -> #DIV/0!
B95: 0 | C95: 4度四組 | D95: 平均 | J95: 19.142857 | K95: 1449.2857 | L95: 75.913945 | M95: =AVERAGE(M83:M94) -> 19.142857 | N95: =AVERAGE(N83:N94) -> 1228.8269 | O95: =AVERAGE(O83:O94) -> 64.416768 | P95: =M95-J95 -> 0 | Q95: =O95-L95 -> -11.497177 | R95: =O95/L95 -> 0.84854987 | Z95: =SUM(Z83:Z94) -> 0 | AA95: =SUM(AA83:AA94) -> 0 | AD95: =SUM(AD83:AD94) -> 0 | AE95: =SUM(AE83:AE94) -> 0 | AF95: =N95-K95 -> -220.4588 | AG95: =N95/K95 -> 0.84788451
A96: 四度五組 (ET-55) | B96: 小菜微波 | D96: 媽媽煮藝-(區)香滷牛肚絲 | F96: 36.92 | G96: 385 | H96: =F96*G96 -> 14214.2 | J96: 6 | K96: 1636 | L96: 272.66667 | M96: 6 | N96: =G96/W96*60 -> 1358.8235 | O96: =N96/M96 -> 226.47059 | P96: =M96-J96 -> 0 | Q96: =O96-L96 -> -46.196078 | R96: =O96/L96 -> 0.83057673 | S96: =R108 -> 0.86350347 | T96: 0.33333333 | U96: 0.34513889 | V96: 5 | W96: =(U96-T96)*24*60 -> 17 | AF96: =N96-K96 -> -277.17647 | AG96: =N96/K96 -> 0.83057673 | AH96: =AG108 -> 0.87107647
B97: 微波主食 | D97: 日式中濃醬炭火漢堡排飯 | F97: 56.85 | G97: 3633.6 | H97: =F97*G97 -> 206570.16 | J97: 18 | K97: 1636 | L97: 90.888889 | M97: 18 | N97: =G97/W97*60 -> 1313.3494 | O97: =N97/M97 -> 72.963855 | P97: =M97-J97 -> 0 | Q97: =O97-L97 -> -17.925033 | R97: =O97/L97 -> 0.80278081 | T97: 0.35 | U97: 0.46527778 | V97: 7 | W97: =(U97-T97)*24*60 -> 166 | AF97: =N97-K97 -> -322.6506 | AG97: =N97/K97 -> 0.80278081
B98: 便當 | D98: 蔬活腿排補力餐盒 | F98: 71.55 | G98: 1398 | H98: =F98*G98 -> 100026.9 | J98: 18 | K98: 1385 | L98: 76.944444 | M98: 18 | N98: =G98/W98*60 -> 1270.9091 | O98: =N98/M98 -> 70.606061 | P98: =M98-J98 -> 0 | Q98: =O98-L98 -> -6.3383838 | R98: =O98/L98 -> 0.91762389 | T98: 0.50625 | U98: 0.55208333 | V98: 6 | W98: =(U98-T98)*24*60 -> 66 | AF98: =N98-K98 -> -114.09091 | AG98: =N98/K98 -> 0.91762389
B99: 便當 | D99: 海陸雙拼肉肉餐盒 | F99: 59.54 | G99: 2003 | H99: =F99*G99 -> 119258.62 | J99: 18 | K99: 1385 | L99: 76.944444 | M99: 18 | N99: =G99/W99*60 -> 1292.2581 | O99: =N99/M99 -> 71.792115 | P99: =M99-J99 -> 0 | Q99: =O99-L99 -> -5.1523297 | R99: =O99/L99 -> 0.93303831 | T99: 0.55763889 | U99: 0.62222222 | V99: 8 | W99: =(U99-T99)*24*60 -> 93 | AF99: =N99-K99 -> -92.741935 | AG99: =N99/K99 -> 0.93303831
B100: 微波主食 | D100: 日式中濃醬炭火漢堡排飯 | F100: 56.85 | G100: 2906.88 | H100: =F100*G100 -> 165256.13 | J100: 18 | K100: 1636 | L100: 90.888889 | M100: 18 | N100: =G100/W100*60 -> 1311.3744 | O100: =N100/M100 -> 72.854135 | P100: =M100-J100 -> 0 | Q100: =O100-L100 -> -18.034754 | R100: =O100/L100 -> 0.80157362 | T100: 0.6375 | U100: 0.72986111 | V100: 22 | W100: =(U100-T100)*24*60 -> 133 | X100: 0.62569444 | Y100: 0.63472222 | AF100: =N100-K100 -> -324.62556 | AG100: =N100/K100 -> 0.80157362
...

Sheet 0304
B1: 晉欣廠組合室生產人時性分析
B3: 日期 | D3: 03月04日 星期三 | F3: 訂單量 | H3: 239059.4 | J3: 營業額 | L3: 7786045.8
B4: 項目 | D4: 項目 | F4: ➀ | H4: ➁ | J4: ➂ | L4: ➃ | N4: 異常停線 | P4: 短暫停線
B5: 人時性 | D5: 組合室 | F5: 全溫層 | H5: 4度C(含4度飯糰) | J5: 18度C 一配 | L5: 18度C 二配 | N5: 合計次數 | O5: 時間 | P5: 合計次數 | Q5: 設備次數
D6: 排關平均 | F6: =AVERAGE(D13:O13,P13:Q13,D30:F30,H30,J30:M30) -> 378.22012 | H6: =AVERAGE(D13:P13,Q13) -> 137.56018 | J6: =AVERAGE(D30:H30) -> 754 | L6: =AVERAGE(J30:M30) -> 881.25 | N6: 0 | O6: 0 | P6: 2 | Q6: 2
D7: 實績平均 | F7: =AVERAGE(D14:O14,P14:Q14,D31:F31,J31:M31,H31) -> 350.63525 | H7: =AVERAGE(D14:P14,Q14) -> 123.30822 | J7: =AVERAGE(D31:H31) -> 768.51367 | L7: =AVERAGE(J31:M31) -> 759.37572
D8: 達成率平均 | F8: =AVERAGE(D15:O15,P15:Q15,D32:F32,H32,J32:K32,L32) -> 0.90507217 | H8: =AVERAGE(D15:O15,P15:Q15) -> 0.88952599 | J8: =AVERAGE(D32:H32) -> 1.0020475 | L8: =AVERAGE(J32:M32) -> 0.86213688
B10: 溫層 | D10: ➁4度C-各編組展開
B11: 編組 | D11: 1 | E11: 2 | F11: 3 | G11: 4 | H11: 5 | I11: 6 | J11: 7 | K11: 8 | L11: 9 | M11: 10 | N11: 11 | O11: 12 | P11: 13 | Q11: 14
D12: 4度一組 | E12: 4度二組A | F12: 4度二組B | G12: 4度二組C1 | H12: 4度一組B | I12: 4度三組 | J12: 4度四組 | K12: 4度五組 | L12: 綜合一組 | M12: 綜合二組 | N12: 綜合三組 | O12: 綜合四組 | P12: 便當組 | Q12: 壽司線
B13: 人時性 | C13: 排關 | D13: 126.30306 | E13: 100.21471 | F13: 131.28694 | G13: 368.5 | H13: 228.57143 | I13: 92.599129 | J13: 75.913945 | K13: 113.47619 | L13: 85.272067 | M13: 81.34291 | N13: 83.75586 | O13: 87.786458 | P13: 200.81986 | Q13: 150
C14: 實績 | D14: 119.65111 | E14: 89.65453 | F14: 115.43889 | G14: 326.43782 | H14: 209.81149 | I14: 79.991837 | J14: 64.176253 | K14: 96.892882 | L14: 74.411995 | M14: 72.926084 | N14: 76.422787 | O14: 70.979054 | P14: 190.69368 | Q14: 138.82666
C15: 達成率 | D15: =D14/D13 -> 0.94733345 | E15: =E14/E13 -> 0.89462448 | F15: =F14/F13 -> 0.8792869 | G15: =G14/G13 -> 0.88585568 | H15: =H14/H13 -> 0.91792525 | I15: =I14/I13 -> 0.86385086 | J15: =J14/J13 -> 0.84538162 | K15: =K14/K13 -> 0.8538609 | ... Q15: =Q14/Q13 -> 0.92551108
B16: 作業 時間 | C16: 開始 | D16: 0.29166667 | E16: 0.16666667 | F16: 0.16666667 | G16: 0.16666667 | H16: 0.16666667 | I16: 0.29166667 | J16: 0.33333333 | K16: 0.33333333 | L16: 0.5 | M16: 0.5 | N16: 0.70833333 | O16: 0.70833333 | P16: 0.16666667 | Q16: 0.17361111
C17: 結束 | D17: 0.775 | E17: 0.55416667 | F17: 0.59722222 | G17: 0.65486111 | H17: 0.62152778 | I17: 0.72777778 | J17: 0.79236111 | K17: 0.77013889 | L17: 0.90069444 | M17: 0.93888889 | N17: 0.97291667 | O17: 0.82291667 | P17: 0.59583333 | Q17: 0.66319444
B18: 產線異常 (5分鐘以上)
B20: 短暫停線 (5分鐘以下) | L20: 1 | N20: 1
O21: 2
B22: 配置人數 | D22: 19 | E22: 17 | F22: 15.875 | G22: 5.75 | H22: 7 | I22: 16.333333 | J22: 19.285714 | K22: 15.571429 | L22: 17.75 | M22: 19.125 | N22: 17.833333 | O22: 17.25 | P22: 11.8 | Q22: 11.3
B23: 主要應用設備 | D23: ET-600 | E23: ET-600 | F23: ET-600 | G23: 八爪機 | H23: 十爪機 | I23: ET-55 | J23: ET-55 | K23: ET-55 | L23: ET-55 | M23: ET-55 | N23: ET-55 | O23: ET-55 | P23: 伺服包裝機 | Q23: 伺服包裝機
B24: 次要應用設備
B25: 備註 | E25: 熱麵固定線 | G25: 烤飯糰 | H25: 烤飯糰 | K25: 吸收產線 | P25: 大口固定線
B27: 溫層 | D27: ➂18度C 一配-各編組展開 | I27: ➃18度C 二配-各編組展開
B28: 編組 | D28: 1 | E28: 2 | F28: 3 | G28: 4 | H28: 5 | I28: 1 | J28: 2 | K28: 3 | L28: 4 | M28: 5
D29: 連續式 海苔機 | E29: 3300型 飯糰機A | F29: 3300型 飯糰機B | G29: 3600型 飯糰機A | H29: 3600型 飯糰機B | I29: 夾心型 飯糰機 | J29: 3300型 飯糰機A | K29: 3300型 飯糰機B | L29: 3600型 飯糰機A | M29: 3600型 飯糰機B
B30: 人時性 | C30: 排關 | D30: 320 | E30: 825 | F30: 825 | G30: 900 | H30: 900 | I30: 680 | J30: 825 | K30: 900 | L30: 900 | M30: 900
C31: 實績 | D31: 284.59503 | E31: 720.18859 | F31: 938.79552 | G31: 892.41085 | H31: 1006.5784 | I31: 0 | J31: 728.08889 | K31: 598.06667 | L31: 888.68823 | M31: 822.65909
C32: 達成率 | D32: =D31/D30 -> 0.88935947 | E32: =E31/E30 -> 0.87295587 | F32: =F31/F30 -> 1.137934 | G32: =G31/G30 -> 0.99156761 | H32: =H31/H30 -> 1.1184204 | I32: =I31/I30 -> 0 | J32: =J31/J30 -> 0.88253199 | K32: =K31/K30 -> 0.66451852 | ... M32: =M31/M30 -> 0.91406566
B33: 作業 時間 | C33: 開始 | D33: 0.18055556 | E33: 0.18055556 | F33: 0.17361111 | G33: 3229.0909 | H33: 0.18055556 | I33: 0 | J33: 0.72222222 | K33: 0.72222222 | L33: 0.72222222 | M33: 0.72222222
C34: 結束 | D34: 0.23472222 | E34: 0.33125 | F34: 0.2375 | G34: 1076.3636 | H34: 0.43055556 | I34: 0 | J34: 0.84027778 | K34: 0.875 | L34: 46086.101 | M34: 0.92708333
B35: 配置人數 | D35: 5.5 | E35: 4 | F35: 3 | G35: 3.75 | H35: 3.2 | I35: 0 | J35: 3.6666667 | K35: 3.6666667 | L35: 3.4 | M35: 3.5
B36: 主要應用設備 | D36: 連續式 海苔機 | E36: 3300型 | F36: 3300型 | G36: 3600型 | H36: 3600型 | I36: 夾心型 | J36: 3300型 | K36: 3300型 | L36: 3600型 | M36: 3600型
B37: 次要應用設備
B38: 備註

Sheet 晉欣18度C0304
A1: 晉欣廠18度C日報分析 | D1: 總生產量 | E1: =SUM(G5:G124) -> 85989 | F1: 營業額 | G1: =SUM(H5:H124) -> 1649621.2 | H1: 出勤人數 | I1: =+J16+J64+J24+J38+J51+J81+J100+J91+J57+J124+J111 -> 41.783333 | J1: 生產實績 | M1: 日報登錄
A2: 03月04日 星期三 | D2: 人時性 | E2: =AVERAGE(L16,L24,L38,L51,L100,L111,L91) -> 613.8928 | F2: 平均廠價 | G2: =G1/E1 -> 19.184095 | H2: 多次生產數 | I2: =COUNT(I5:I124) -> 0
A3: 線別 | B3: 品類 | D3: 品名 | F3: 廠價 | G3: 生產量 | H3: 營收 | I3: 多次 生產 | J3: 人數 | K3: 產能/時 | L3: 人時性 | M3: 生產時間 | O3: 換線/分 | P3: 稼動時間/分 | Q3: 休息時間
M4: 開始 | N4: 結束 | Q4: 開始 | R4: 結束
A5: 壽司線 | B5: 飯糰 | D5: 麻油雞飯糰 | F5: 29.965493 | G5: 1827 | H5: =F5*G5 -> 54746.957 | J5: 13 | K5: =G5/P5*60 -> 1289.6471 | L5: =K5/J5 -> 99.20362 | M5: 0.17361111 | N5: 0.23263889 | O5: 10 | P5: =(N5-M5)*24*60 -> 85
B6: 0 | D6: 雙饗雙手卷(捲) | F6: 0 | G6: 1416 | H6: =F6*G6 -> 0 | J6: 9 | K6: =G6/P6*60 -> 1544.7273 | L6: =K6/J6 -> 171.63636 | M6: 0.23958333 | N6: 0.27777778 | O6: 10 | P6: =(N6-M6)*24*60 -> 55
B7: 0 | D7: 海饌雙手卷(捲) | F7: 0 | G7: 1510 | H7: =F7*G7 -> 0 | J7: 9 | K7: =G7/P7*60 -> 1647.2727 | L7: =K7/J7 -> 183.0303 | M7: 0.28125 | N7: 0.31944444 | O7: 5 | P7: =(N7-M7)*24*60 -> 55
B8: 壽司手卷 | D8: 雙倍德腸飯卷 | F8: 36.45 | G8: 2074 | H8: =F8*G8 -> 75597.3 | J8: 13 | K8: =G8/P8*60 -> 1464 | L8: =K8/J8 -> 112.61538 | M8: 0.32291667 | N8: 0.38194444 | O8: 5 | P8: =(N8-M8)*24*60 -> 85
B9: 壽司手卷 | D9: 明太子泡菜牛飯卷 | F9: 27.05 | G9: 536 | H9: =F9*G9 -> 14498.8 | J9: 13 | K9: =G9/P9*60 -> 1608 | L9: =K9/J9 -> 123.69231 | M9: 0.38541667 | N9: 0.39930556 | O9: 5 | P9: =(N9-M9)*24*60 -> 20 | Q9: 0.39930556 | R9: 0.44097222
B10: 壽司手卷 | D10: 日式鮪魚美乃滋脆卷 | F10: 17.87 | G10: 2087 | H10: =F10*G10 -> 37294.69 | J10: 12 | K10: =G10/P10*60 -> 1192.5714 | L10: =K10/J10 -> 99.380952 | M10: 0.44097222 | N10: 0.51388889 | O10: 5 | P10: =(N10-M10)*24*60 -> 105
B11: 壽司手卷 | D11: 長野稻荷壽司 | F11: 25.64 | G11: 769 | H11: =F11*G11 -> 19717.16 | J11: 10 | K11: =G11/P11*60 -> 1538 | L11: =K11/J11 -> 153.8 | M11: 0.51736111 | N11: 0.53819444 | O11: 5 | P11: =(N11-M11)*24*60 -> 30
B12: 壽司手卷 | D12: 雙饗雙手卷 | F12: 29.52 | G12: 1416 | H12: =F12*G12 -> 41800.32 | J12: 12 | K12: =G12/P12*60 -> 1699.2 | L12: =K12/J12 -> 141.6 | M12: 0.54166667 | N12: 0.57638889 | O12: 5 | P12: =(N12-M12)*24*60 -> 50
B13: 壽司手卷 | D13: 海饌雙手卷 | F13: 29.857 | G13: 1510 | H13: =F13*G13 -> 45084.07 | J13: 12 | K13: =G13/P13*60 -> 1812 | L13: =K13/J13 -> 151 | M13: 0.57986111 | N13: 0.61458333 | O13: 5 | P13: =(N13-M13)*24*60 -> 50
B14: 飯糰 | D14: 兩粒飯糰(鮪魚.焦糖鮭魚) | F14: 28.57 | G14: 1650 | H14: =F14*G14 -> 47140.5 | J14: 10 | K14: =G14/P14*60 -> 1523.0769 | L14: =K14/J14 -> 152.30769 | M14: 0.61805556 | N14: 0.66319444 | O14: 5 | P14: =(N14-M14)*24*60 -> 65
B15: 0 | F15: 0 | H15: =F15*G15 -> 0
B16: 0 | C16: 壽司線 | D16: 平均 | J16: =AVERAGE(J5:J15) -> 11.3 | K16: =AVERAGE(K5:K15) -> 1531.8495 | L16: =AVERAGE(L5:L15) -> 138.82666
A17: 捲壽司機 | B17: 壽司手卷 | D17: 雙鬆細卷 | F17: 14.03 | G17: 601 | H17: =F17*G17 -> 8432.03 | J17: 6 | K17: =G17/P17*60 -> 1567.8261 | L17: =K17/J17 -> 261.30435 | M17: 0.18055556 | N17: 0.19652778 | O17: 20 | P17: =(N17-M17)*24*60 -> 23
B18: 飯糰 | D18: 經典鮪魚沙拉細卷 | F18: 14.49 | G18: 898 | H18: =F18*G18 -> 13012.02 | J18: 5 | K18: =G18/P18*60 -> 1539.4286 | L18: =K18/J18 -> 307.88571 | M18: 0.21041667 | N18: 0.23472222 | O18: 20 | P18: =(N18-M18)*24*60 -> 35
B19: 0 | F19: 0 | H19: =F19*G19 -> 0
B20: 0 | F20: 0 | H20: =F20*G20 -> 0
B21: 0 | F21: 0 | H21: =F21*G21 -> 0
B22: 0 | F22: 0 | H22: =F22*G22 -> 0
B23: 0 | F23: 0 | H23: =F23*G23 -> 0
B24: 0 | C24: 連續式 海苔機 | D24: 平均 | J24: =AVERAGE(J17:J23) -> 5.5 | K24: =AVERAGE(K17:K23) -> 1553.6273 | L24: =AVERAGE(L17:L23) -> 284.59503
A25: 3300型 飯糰機A | B25: 飯糰 | D25: 壹號醬炙烤牛飯糰 | F25: 22.281818 | G25: 642 | H25: =F25*G25 -> 14304.927 | J25: 4 | K25: =G25/P25*60 -> 2963.0769 | L25: =K25/J25 -> 740.76923 | M25: 0.18055556 | N25: 0.18958333 | O25: 20 | P25: =(N25-M25)*24*60 -> 13
B26: 飯糰 | D26: 碳烤燒肉飯飯糰(區) | F26: 18.18 | G26: 3041 | H26: =F26*G26 -> 55285.38 | J26: 4 | K26: =G26/P26*60 -> 2807.0769 | L26: =K26/J26 -> 701.76923 | M26: 0.20347222 | N26: 0.24861111 | O26: 20 | P26: =(N26-M26)*24*60 -> 65
B27: 飯糰 | D27: 紅運烏魚子紹興飯糰 | F27: 27.27 | G27: 1157 | H27: =F27*G27 -> 31551.39 | J27: 4 | K27: =G27/P27*60 -> 2892.5 | L27: =K27/J27 -> 723.125 | M27: 0.2625 | N27: 0.27916667 | O27: 20 | P27: =(N27-M27)*24*60 -> 24
B28: 飯糰 | D28: 煙燻培根飯糰(區) | F28: 15.03 | G28: 2622 | H28: =F28*G28 -> 39408.66 | J28: 4 | K28: =G28/P28*60 -> 2860.3636 | L28: =K28/J28 -> 715.09091 | M28: 0.29305556 | N28: 0.33125 | O28: 20 | P28: =(N28-M28)*24*60 -> 55
B29: 0 | F29: 0 | H29: =F29*G29 -> 0
B30: 0 | F30: 0 | H30: =F30*G30 -> 0
B31: 0 | F31: 0 | H31: =F31*G31 -> 0
B32: 0 | F32: 0 | H32: =F32*G32 -> 0
B33: 0 | F33: 0 | H33: =F33*G33 -> 0
B34: 0 | F34: 0 | H34: =F34*G34 -> 0
B35: 0 | F35: 0 | H35: =F35*G35 -> 0
B36: 0 | F36: 0 | H36: =F36*G36 -> 0
B37: 0 | F37: 0 | H37: =F37*G37 -> 0
B38: 0 | C38: 3300型 飯糰機A | D38: 平均 | J38: =AVERAGE(J25:J37) -> 4 | K38: =AVERAGE(K25:K37) -> 2880.7544 | L38: =AVERAGE(L25:L37) -> 720.18859
A39: 3300型B 飯糰機 | B39: 飯糰 | D39: 照燒雞肉飯糰 | F39: 21.45 | G39: 982 | H39: =F39*G39 -> 21063.9 | J39: 3 | K39: =G39/P39*60 -> 2805.7143 | L39: =K39/J39 -> 935.2381 | M39: 0.17361111 | N39: 0.18819444 | O39: 10 | P39: =(N39-M39)*24*60 -> 21
B40: 飯糰 | D40: 鮭魚奶油醬油飯糰 | F40: 18.53 | G40: 2403 | H40: =F40*G40 -> 44527.59 | J40: 3 | K40: =G40/P40*60 -> 2827.0588 | L40: =K40/J40 -> 942.35294 | M40: 0.20208333 | N40: 0.2375 | O40: 20 | P40: =(N40-M40)*24*60 -> 51
B41: 0 | F41: 0 | H41: =F41*G41 -> 0
B42: 0 | F42: 0 | H42: =F42*G42 -> 0
B43: 0 | F43: 0 | H43: =F43*G43 -> 0
B44: 0 | F44: 0 | H44: =F44*G44 -> 0
B45: 0 | F45: 0 | H45: =F45*G45 -> 0
B46: 0 | F46: 0 | H46: =F46*G46 -> 0
B47: 0 | F47: 0 | H47: =F47*G47 -> 0
B48: 0 | F48: 0
B49: 0 | F49: 0 | H49: =F49*G49 -> 0
B50: 0 | F50: 0 | H50: =F50*G50 -> 0
B51: 0 | C51: 3300型 飯糰機B | D51: 平均 | J51: =AVERAGE(J39:J50) -> 3 | K51: =AVERAGE(K39:K50) -> 2816.3866 | L51: =AVERAGE(L39:L50) -> 938.79552
A52: 3600型(A) 飯糰機 | B52: 飯糰 | D52: 熟成紅鮭飯糰 | F52: 25.03 | G52: 795 | H52: =F52*G52 -> 19898.85 | J52: 4 | K52: =G52/P52*60 -> 3407.1429 | L52: =K52/J52 -> 851.78571 | M52: 0.17361111 | N52: 0.18333333 | O52: 10 | P52: =(N52-M52)*24*60 -> 14
B53: 飯糰 | D53: 北海道秋鮭親子飯糰 | F53: 24.82 | G53: 1033 | H53: =F53*G53 -> 25639.06 | J53: 4 | K53: =G53/P53*60 -> 3262.1053 | L53: =K53/J53 -> 815.52632 | M53: 0.19722222 | N53: 0.21041667 | O53: 20 | P53: =(N53-M53)*24*60 -> 19
B54: 飯糰 | D54: 贅沢鮭魚肚飯糰 | F54: 30 | G54: 1707 | H54: =F54*G54 -> 51210 | J54: 4 | K54: =G54/P54*60 -> 3303.871 | L54: =K54/J54 -> 825.96774 | M54: 0.22430556 | N54: 0.24583333 | O54: 20 | P54: =(N54-M54)*24*60 -> 31
B55: 飯糰 | D55: 經典肉鬆飯糰 | F55: 14.03 | G55: 2960 | H55: =F55*G55 -> 41528.8 | J55: 3 | K55: =G55/P55*60 -> 3229.0909 | L55: =K55/J55 -> 1076.3636 | M55: 0.25972222 | N55: 0.29791667 | O55: 20 | P55: =(N55-M55)*24*60 -> 55 | Q55: 0.29791667 | R55: 0.33958333
B56: 0 | F56: 0 | H56: =F56*G56 -> 0 | P56: =(N56-M56)*24*60 -> 0
B57: 0 | C57: 夾心型 飯糰機 | F57: 0 | H57: =F57*G57 -> 0 | P57: =(N57-M57)*24*60 -> 0
B58: 0 | F58: 0 | H58: =F58*G58 -> 0 | P58: =(N58-M58)*24*60 -> 0
B59: 0 | F59: 0 | H59: =F59*G59 -> 0 | P59: =(N59-M59)*24*60 -> 0
B60: 0 | F60: 0 | H60: =F60*G60 -> 0 | P60: =(N60-M60)*24*60 -> 0
B61: 0 | F61: 0 | H61: =F61*G61 -> 0 | P61: =(N61-M61)*24*60 -> 0
B62: 0 | F62: 0 | H62: =F62*G62 -> 0 | P62: =(N62-M62)*24*60 -> 0
B63: 0 | F63: 0 | H63: =F63*G63 -> 0 | P63: =(N63-M63)*24*60 -> 0
B64: 0 | C64: 3600型 飯糰機A | D64: 平均 | J64: =AVERAGE(J52:J63) -> 3.75 | K64: =AVERAGE(K52:K63) -> 3300.5525 | L64: =AVERAGE(L52:L63) -> 892.41085
A65: 3600型(B) 飯糰機 | B65: 飯糰 | D65: 蔬食鮪魚飯糰 | F65: 18.18 | G65: 868 | H65: =F65*G65 -> 15780.24 | J65: 3 | K65: =G65/P65*60 -> 3255 | L65: =K65/J65 -> 1085 | M65: 0.18055556 | N65: 0.19166667 | O65: 20 | P65: =(N65-M65)*24*60 -> 16
B66: 飯糰 | D66: 雞肉飯飯糰 | F66: 16.66 | G66: 2961 | H66: =F66*G66 -> 49330.26 | J66: 4 | K66: =G66/P66*60 -> 3011.1864 | L66: =K66/J66 -> 752.79661 | M66: 0.20555556 | N66: 0.24652778 | O66: 20 | P66: =(N66-M66)*24*60 -> 59
B67: 飯糰 | D67: 鹽蔥燒肉飯糰 | F67: 17.890909 | G67: 1791 | H67: =F67*G67 -> 32042.618 | J67: 3 | K67: =G67/P67*60 -> 3070.2857 | L67: =K67/J67 -> 1023.4286 | M67: 0.26041667 | N67: 0.28472222 | O67: 20 | P67: =(N67-M67)*24*60 -> 35
B68: 飯糰 | D68: 明太子龍蝦風味沙拉飯糰 | F68: 18.18 | G68: 1615 | H68: =F68*G68 -> 29360.7 | J68: 3 | K68: =G68/P68*60 -> 3230 | L68: =K68/J68 -> 1076.6667 | M68: 0.29861111 | N68: 0.31944444 | O68: 20 | P68: =(N68-M68)*24*60 -> 30 | Q68: 0.31944444 | R68: 0.36111111
B69: 飯糰 | D69: 鮪魚飯糰 | F69: 14.285714 | G69: 4380 | H69: =F69*G69 -> 62571.429 | J69: 3 | K69: =G69/P69*60 -> 3285 | L69: =K69/J69 -> 1095 | M69: 0.375 | N69: 0.43055556 | O69: 20 | P69: =(N69-M69)*24*60 -> 80
B70: 0 | C70: 夾心型 飯糰機 | F70: 0 | H70: =F70*G70 -> 0
B71: 0 | F71: 0 | H71: =F71*G71 -> 0
B72: 0 | F72: 0 | H72: =F72*G72 -> 0
B73: 0 | F73: 0 | H73: =F73*G73 -> 0
B74: 0 | F74: 0 | H74: =F74*G74 -> 0
B75: 0 | C75: 3600型 飯糰機B | D75: 平均 | J75: =AVERAGE(J65:J74) -> 3.2 | K75: =AVERAGE(K65:K74) -> 3170.2944 | L75: =AVERAGE(L65:L74) -> 1006.5784
A76: 二配 夾心型 飯糰機 | B76: 0 | F76: 0 | H76: =F76*G76 -> 0 | J76: 0 | K76: 0 | L76: 0
B77: 0 | F77: 0 | H77: =F77*G77 -> 0
B78: 0 | F78: 0 | H78: =F78*G78 -> 0
B79: 0 | F79: 0 | H79: =F79*G79 -> 0
B80: 0 | F80: 0 | H80: =F80*G80 -> 0
B81: 0 | C81: 夾心型 飯糰機 | D81: 平均 | J81: =AVERAGE(J76:J80) -> 0 | K81: =AVERAGE(K76:K80) -> 0 | L81: =AVERAGE(L76:L80) -> 0
A82: 二配 3300型A 飯糰機 | B82: 飯糰 | D82: 二配油蔥G絲飯糰 | F82: 18.18 | G82: 474 | H82: =F82*G82 -> 8617.32 | J82: 4 | K82: =G82/P82*60 -> 2844 | L82: =K82/J82 -> 711 | M82: 0.72222222 | N82: 0.72916667 | O82: 20 | P82: =(N82-M82)*24*60 -> 10
B83: 飯糰 | D83: 二配三杯醬爆菇菇飯糰 | F83: 16.7 | G83: 1237 | H83: =F83*G83 -> 20657.9 | J83: 3 | K83: =G83/P83*60 -> 2474 | L83: =K83/J83 -> 824.66667 | M83: 0.74305556 | N83: 0.76388889 | O83: 20 | P83: =(N83-M83)*24*60 -> 30 | Q83: 0.76388889 | R83: 0.80555556
B84: 飯糰 | D84: 二配壹號醬炙烤牛飯糰 | F84: 22.281818 | G84: 1081 | H84: =F84*G84 -> 24086.645 | J84: 4 | K84: =G84/P84*60 -> 2594.4 | L84: =K84/J84 -> 648.6 | M84: 0.82291667 | N84: 0.84027778 | O84: 20 | P84: =(N84-M84)*24*60 -> 25
B85: 0 | F85: 0 | H85: =F85*G85 -> 0
B86: 0 | F86: 0 | H86: =F86*G86 -> 0
F87: 0 | H87: =F87*G87 -> 0
B88: 0 | F88: 0 | H88: =F88*G88 -> 0
B89: 0 | F89: 0 | H89: =F89*G89 -> 0
B90: 0 | F90: 0 | H90: =F90*G90 -> 0
B91: 0 | C91: 3300型 飯糰機A | D91: 平均 | J91: =AVERAGE(J82:J90) -> 3.6666667 | K91: =AVERAGE(K82:K90) -> 2637.4667 | L91: =AVERAGE(L82:L90) -> 728.08889
A92: 二配 3300型B 飯糰機 | B92: 飯糰 | D92: 二配大飯糰韓式蒜烤豬五花 | F92: 24.54 | G92: 1762 | H92: =F92*G92 -> 43239.48 | J92: 3 | K92: =G92/P92*60 -> 2114.4 | L92: =K92/J92 -> 704.8 | M92: 0.72222222 | N92: 0.75694444 | O92: 20 | P92: =(N92-M92)*24*60 -> 50
B93: 飯糰 | D93: 二配大飯糰滷肉飯加蛋 | F93: 22.48 | G93: 1091 | H93: =F93*G93 -> 24525.68 | J93: 4 | K93: =G93/P93*60 -> 2182 | L93: =K93/J93 -> 545.5 | M93: 0.77083333 | N93: 0.79166667 | O93: 20 | P93: =(N93-M93)*24*60 -> 30
B94: 飯糰 | D94: 二配大飯糰鮪魚昆布 | F94: 22.21 | G94: 3626 | H94: =F94*G94 -> 80533.46 | J94: 4 | K94: =G94/P94*60 -> 2175.6 | L94: =K94/J94 -> 543.9 | M94: 0.80555556 | N94: 0.875 | O94: 20 | P94: =(N94-M94)*24*60 -> 100
B95: 0 | F95: 0 | H95: =F95*G95 -> 0
B96: 0 | F96: 0 | H96: =F96*G96 -> 0
B97: 0 | F97: 0 | H97: =F97*G97 -> 0
B98: 0
B99: 0 | F99: 0 | H99: =F99*G99 -> 0
B100: 0 | C100: 3300型 飯糰機B | D100: 平均 | J100: =AVERAGE(J92:J99) -> 3.6666667 | K100: =AVERAGE(K92:K99) -> 2157.3333 | L100: =AVERAGE(L92:L99) -> 598.06667
...

Sheet 晉欣4度C0304
A1: 晉欣廠四度C日報分析 | D1: 總生產量 | E1: =SUM(G5:G173) -> 153070.4 | F1: 營業額 | G1: =SUM(H5:H173) -> 6136424.6 | H1: 出勤人數 | I1: =M17+M30+M43+M56+M69+M82+M95+M108+M121+M134+M147+M160+M173 -> 199.57381 | J1: 產線配置圖 | M1: 生產實績 | P1: 人時性差異分析 | T1: 日報登錄 | Z1: 合計 次數 | AA1: 合計 時間/分 | AB1: 產線異常分析 說明(5分鐘以上) | AD1: 合計 次數 | AE1: 合計 設備次數 | AF1: 產能差異分析
A2: 03月04日 星期三 | D2: 人時性 | E2: =AVERAGE(O17,O30,O43,O56,O69,O82,O95,O108,O121,O134,O147,O160,O173) -> 122.11449 | F2: 平均廠價 | G2: =G1/E1 -> 40.088904 | H2: 多次生產數 | I2: =COUNT(I5:I173) -> 3 | Z2: =Z17+Z30+Z43+Z56+Z69+Z82+Z95+Z108+Z121+Z134+Z147+Z160+Z173 -> 0 | AA2: =AA17+AA30+AA43+AA56+AA69+AA82+AA95+AA108+AA121+AA134+AA147+AA160+AA173 -> 0 | AD2: =AD17+AD30+AD43+AD56+AD69+AD82+AD95+AD108+AD121+AD134+AD147+AD160+AD173 -> 2 | AE2: =AE17+AE30+AE43+AE56+AE69+AE82+AE95+AE108+AE121+AE134+AE147+AE160+AE173 -> 2
A3: 線別 | B3: 品類 | D3: 品名 | F3: 廠價 | G3: 生產量 | H3: 營收 | I3: 多次 生產 | J3: 人數 | K3: 產能/時 | L3: 人時性 | M3: 人數 | N3: 產能/時 | O3: 人時性 | P3: 人數 | Q3: 人時性 | R3: 達成率 | S3: 達成率平均 | T3: 生產時間 | V3: 前置、換線時間/分 | W3: 稼動時間/分 | X3: 休息時間 | Z3: 產線異常統計 (5分鐘以上) | AB3: 分析說明 | AD3: 短暫停線統計 (5分鐘以下) | AF3: 產能/時 | AG3: 達成率 | AH3: 達成率平均
T4: 開始 | U4: 結束 | X4: 開始 | Y4: 結束 | Z4: 次數 | AA4: 時間/分 | AD4: 總次數 | AE4: 設備因素(次數)
A5: 四度一組 (ET-600) | B5: 季節調理麵 | D5: 椒麻香蔥雞涼拌麵 | F5: 37.94 | G5: 3207.1 | H5: =F5*G5 -> 121677.37 | J5: 20 | K5: 2400 | L5: 120 | M5: 20 | N5: =G5/W5*60 -> 2237.5116 | O5: =N5/M5 -> 111.87558 | P5: =M5-J5 -> 0 | Q5: =O5-L5 -> -8.1244186 | R5: =O5/L5 -> 0.93229651 | S5: =R17 -> 0.94733345 | T5: 0.29166667 | U5: 0.35138889 | V5: 5 | W5: =(U5-T5)*24*60 -> 86 | AF5: =N5-K5 -> -162.48837 | AG5: =N5/K5 -> 0.93229651 | AH5: =AG17 -> 0.97861657
B6: 季節調理麵 | D6: 台式麻醬涼麵 | F6: 31.266132 | G6: 1899.95 | H6: =F6*G6 -> 59404.087 | J6: 18 | K6: 2600 | L6: 144.44444 | M6: 19 | N6: =G6/W6*60 -> 2590.8409 | O6: =N6/M6 -> 136.36005 | P6: =M6-J6 -> 1 | Q6: =O6-L6 -> -8.0843966 | R6: =O6/L6 -> 0.9440311 | T6: 0.35625 | U6: 0.38680556 | V6: 7 | W6: =(U6-T6)*24*60 -> 44 | AF6: =N6-K6 -> -9.1590909 | AG6: =N6/K6 -> 0.99647727
B7: 季節調理麵 | D7: 大滿足香辣涼麵 | F7: 38.630952 | G7: 2269.8 | H7: =F7*G7 -> 87684.536 | J7: 18 | K7: 2600 | L7: 144.44444 | M7: 19 | N7: =G7/W7*60 -> 2619 | O7: =N7/M7 -> 137.84211 | P7: =M7-J7 -> 1 | Q7: =O7-L7 -> -6.6023392 | R7: =O7/L7 -> 0.9542915 | T7: 0.40277778 | U7: 0.43888889 | V7: 23 | W7: =(U7-T7)*24*60 -> 52 | X7: 0.39027778 | Y7: 0.4 | AF7: =N7-K7 -> 19 | AG7: =N7/K7 -> 1.0073077
B8: 季節調理麵 | D8: 大滿足麻醬涼麵 | F8: 38 | G8: 4720.8 | H8: =F8*G8 -> 179390.4 | J8: 19 | K8: 2600 | L8: 136.84211 | M8: 20 | N8: =G8/W8*60 -> 2672.1509 | O8: =N8/M8 -> 133.60755 | P8: =M8-J8 -> 1 | Q8: =O8-L8 -> -3.2345581 | R8: =O8/L8 -> 0.97636284 | T8: 0.44375 | U8: 0.51736111 | V8: 7 | W8: =(U8-T8)*24*60 -> 106 | AF8: =N8-K8 -> 72.150943 | AG8: =N8/K8 -> 1.0277504
B9: 熱食義麵 | D9: 辣腐乳麻醬拌麵 | F9: 38.1 | G9: 832.65 | H9: =F9*G9 -> 31723.965 | J9: 17 | K9: 1500 | L9: 88.235294 | M9: 16 | N9: =G9/W9*60 -> 1314.7105 | O9: =N9/M9 -> 82.169408 | P9: =M9-J9 -> -1 | Q9: =O9-L9 -> -6.0658862 | R9: =O9/L9 -> 0.93125329 | T9: 0.55833333 | U9: 0.58472222 | V9: 6 | W9: =(U9-T9)*24*60 -> 38 | AF9: =N9-K9 -> -185.28947 | AG9: =N9/K9 -> 0.87647368
B10: 季節調理麵 | D10: 大滿足麻醬涼麵 | F10: 38 | G10: 2023.2 | H10: =F10*G10 -> 76881.6 | J10: 19 | K10: 2600 | L10: 136.84211 | M10: 20 | N10: =G10/W10*60 -> 2638.9565 | O10: =N10/M10 -> 131.94783 | P10: =M10-J10 -> 1 | Q10: =O10-L10 -> -4.8942792 | R10: =O10/L10 -> 0.96423411 | T10: 0.58958333 | U10: 0.62152778 | V10: 7 | W10: =(U10-T10)*24*60 -> 46 | AF10: =N10-K10 -> 38.956522 | AG10: =N10/K10 -> 1.0149833
B11: 季節調理麵 | D11: 大滿足香辣涼麵 | F11: 38.630952 | G11: 1222.2 | H11: =F11*G11 -> 47214.75 | J11: 18 | K11: 2600 | L11: 144.44444 | M11: 19 | N11: =G11/W11*60 -> 2619 | O11: =N11/M11 -> 137.84211 | P11: =M11-J11 -> 1 | Q11: =O11-L11 -> -6.6023392 | R11: =O11/L11 -> 0.9542915 | T11: 0.62569444 | U11: 0.64513889 | V11: 6 | W11: =(U11-T11)*24*60 -> 28 | AF11: =N11-K11 -> 19 | AG11: =N11/K11 -> 1.0073077
B12: 季節調理麵 | D12: 台式麻醬涼麵 | F12: 31.266132 | G12: 1023.05 | H12: =F12*G12 -> 31986.816 | J12: 18 | K12: 2600 | L12: 144.44444 | M12: 19 | N12: =G12/W12*60 -> 2557.625 | O12: =N12/M12 -> 134.61184 | P12: =M12-J12 -> 1 | Q12: =O12-L12 -> -9.8326023 | R12: =O12/L12 -> 0.93192814 | T12: 0.66041667 | U12: 0.67708333 | V12: 22 | W12: =(U12-T12)*24*60 -> 24 | X12: 0.64861111 | Y12: 0.65763889 | AF12: =N12-K12 -> -42.375 | AG12: =N12/K12 -> 0.98370192
B13: 季節調理麵 | D13: 椒麻香蔥雞涼拌麵 | F13: 37.94 | G13: 1726.9 | H13: =F13*G13 -> 65518.586 | J13: 20 | K13: 2400 | L13: 120 | M13: 20 | N13: =G13/W13*60 -> 2252.4783 | O13: =N13/M13 -> 112.62391 | P13: =M13-J13 -> 0 | Q13: =O13-L13 -> -7.376087 | R13: =O13/L13 -> 0.93853261 | T13: 0.68194444 | U13: 0.71388889 | V13: 7 | W13: =(U13-T13)*24*60 -> 46 | AF13: =N13-K13 -> -147.52174 | AG13: =N13/K13 -> 0.93853261
B14: 微波主食 | D14: 二配濃起司燻腸紅醬焗烤飯 | F14: 50.67 | G14: 1513.8 | H14: =F14*G14 -> 76704.246 | J14: 18 | K14: 1500 | L14: 83.333333 | M14: 18 | N14: =G14/W14*60 -> 1397.3538 | O14: =N14/M14 -> 77.630769 | P14: =M14-J14 -> 0 | Q14: =O14-L14 -> -5.7025641 | R14: =O14/L14 -> 0.93156923 | T14: 0.72986111 | U14: 0.775 | V14: 23 | W14: =(U14-T14)*24*60 -> 65 | X14: 0.71736111 | Y14: 0.72708333
B15: 0 | F15: 0 | H15: =F15*G15 -> 0 | W15: =(U15-T15)*24*60 -> 0
B16: 0 | F16: 0 | H16: =F16*G16 -> 0 | W16: =(U16-T16)*24*60 -> 0
B17: 0 | C17: 4度一組 | D17: 平均 | J17: 18.5 | K17: 2340 | L17: 126.30306 | M17: =AVERAGE(M5:M16) -> 19 | N17: =AVERAGE(N5:N16) -> 2289.9628 | O17: =AVERAGE(O5:O16) -> 119.65111 | P17: =M17-J17 -> 0.5 | Q17: =O17-L17 -> -6.651947 | R17: =O17/L17 -> 0.94733345 | W17: =(U17-T17)*24*60 -> 0 | Z17: =SUM(Z5:Z16) -> 0 | AA17: =SUM(AA5:AA16) -> 0 | AD17: =SUM(AD5:AD16) -> 0 | AE17: =SUM(AE5:AE16) -> 0 | AF17: =N17-K17 -> -50.037236 | AG17: =N17/K17 -> 0.97861657
A18: 四度二組A 熱麵 固定線 (ET-55) | B18: 季節調理麵 | D18: 日式蕎麥沾麵 | F18: 36.86 | G18: 2845 | H18: =F18*G18 -> 104866.7 | J18: 17 | K18: 2250 | L18: 132.35294 | M18: 18 | N18: =G18/W18*60 -> 2188.4615 | O18: =N18/M18 -> 121.5812 | P18: =M18-J18 -> 1 | Q18: =O18-L18 -> -10.771745 | R18: =O18/L18 -> 0.91861349 | S18: =R30 -> 0.89462448 | T18: 0.16666667 | U18: 0.22083333 | V18: 5 | W18: =(U18-T18)*24*60 -> 78 | AF18: =N18-K18 -> -61.538462 | AG18: =N18/K18 -> 0.97264957 | AH18: =AG30 -> 0.91935307
B19: 熱食義麵 | D19: 愛恨椒芝麵 | F19: 38.39 | G19: 1937.6 | H19: =F19*G19 -> 74384.464 | J19: 16 | K19: 1636 | L19: 102.25 | M19: 17 | N19: =G19/W19*60 -> 1417.7561 | O19: =N19/M19 -> 83.397418 | P19: =M19-J19 -> 1 | Q19: =O19-L19 -> -18.852582 | R19: =O19/L19 -> 0.81562267 | T19: 0.225 | U19: 0.28194444 | V19: 6 | W19: =(U19-T19)*24*60 -> 82 | AF19: =N19-K19 -> -218.2439 | AG19: =N19/K19 -> 0.86659908
B20: 小菜微波 | D20: 古早味炒炊粉 | F20: 43.14 | G20: 2081 | H20: =F20*G20 -> 89774.34 | J20: 16 | K20: 1440 | L20: 90 | M20: 16 | N20: =G20/W20*60 -> 1402.9213 | O20: =N20/M20 -> 87.682584 | P20: =M20-J20 -> 0 | Q20: =O20-L20 -> -2.3174157 | R20: =O20/L20 -> 0.97425094 | T20: 0.29791667 | U20: 0.35972222 | V20: 23 | W20: =(U20-T20)*24*60 -> 89 | X20: 0.28541667 | Y20: 0.29513889 | AF20: =N20-K20 -> -37.078652 | AG20: =N20/K20 -> 0.97425094
B21: 熱食義麵 | D21: 辣腐乳麻醬拌麵 | F21: 38.1 | G21: 2220.4 | H21: =F21*G21 -> 84597.24 | J21: 17 | K21: 1500 | L21: 88.235294 | M21: 17 | N21: =G21/W21*60 -> 1319.0495 | O21: =N21/M21 -> 77.591147 | P21: =M21-J21 -> 0 | Q21: =O21-L21 -> -10.644147 | R21: =O21/L21 -> 0.87936634 | T21: 0.36527778 | U21: 0.43541667 | V21: 8 | W21: =(U21-T21)*24*60 -> 101 | AF21: =N21-K21 -> -180.9505 | AG21: =N21/K21 -> 0.87936634
B22: 熱食義麵 | D22: 辣腐乳麻醬拌麵 | F22: 38.1 | G22: 2497.95 | H22: =F22*G22 -> 95171.895 | J22: 17 | K22: 1500 | L22: 88.235294 | M22: 17 | N22: =G22/W22*60 -> 1326.3451 | O22: =N22/M22 -> 78.020302 | P22: =M22-J22 -> 0 | Q22: =O22-L22 -> -10.214992 | R22: =O22/L22 -> 0.88423009 | T22: 0.47569444 | U22: 0.55416667 | V22: 5 | W22: =(U22-T22)*24*60 -> 113 | AF22: =N22-K22 -> -173.65487 | AG22: =N22/K22 -> 0.88423009
B23: 0 | F23: 0 | H23: =F23*G23 -> 0 | W23: =(U23-T23)*24*60 -> 0 | AF23: =N23-K23 -> 0 | AG23: =N23/K23 -> #DIV/0!
B24: 0 | F24: 0 | H24: =F24*G24 -> 0 | W24: =(U24-T24)*24*60 -> 0 | AF24: =N24-K24 -> 0 | AG24: =N24/K24 -> #DIV/0!
B25: 0 | F25: 0 | H25: =F25*G25 -> 0 | W25: =(U25-T25)*24*60 -> 0 | AF25: =N25-K25 -> 0 | AG25: =N25/K25 -> #DIV/0!
B26: 0 | F26: 0 | H26: =F26*G26 -> 0 | W26: =(U26-T26)*24*60 -> 0 | AF26: =N26-K26 -> 0 | AG26: =N26/K26 -> #DIV/0!
B27: 0 | F27: 0 | H27: =F27*G27 -> 0 | W27: =(U27-T27)*24*60 -> 0 | AF27: =N27-K27 -> 0 | AG27: =N27/K27 -> #DIV/0!
B28: 0 | F28: 0 | H28: =F28*G28 -> 0 | W28: =(U28-T28)*24*60 -> 0 | AF28: =N28-K28 -> 0 | AG28: =N28/K28 -> #DIV/0!
B29: 0 | F29: 0 | H29: =F29*G29 -> 0 | W29: =(U29-T29)*24*60 -> 0 | AF29: =N29-K29 -> 0
B30: 0 | C30: 4度二組A | D30: 平均 | J30: 16.6 | K30: 1665.2 | L30: 100.21471 | M30: =AVERAGE(M18:M29) -> 17 | N30: =AVERAGE(N18:N29) -> 1530.9067 | O30: =AVERAGE(O18:O29) -> 89.65453 | P30: =M30-J30 -> 0.4 | Q30: =O30-L30 -> -10.560176 | R30: =O30/L30 -> 0.89462448 | Z30: =SUM(Z18:Z29) -> 0 | AA30: =SUM(AA18:AA29) -> 0 | AD30: =SUM(AD18:AD29) -> 0 | AE30: =SUM(AE18:AE29) -> 0 | AF30: =N30-K30 -> -134.29328 | AG30: =N30/K30 -> 0.91935307
A31: 四度二組 (ET-55) | B31: 飯糰 | D31: 大口金黃薯牛堡飯糰 | F31: 34.23 | G31: 2136 | H31: =F31*G31 -> 73115.28 | J31: 13 | K31: 2250 | L31: 173.07692 | M31: 13 | N31: =G31/W31*60 -> 2067.0968 | O31: =N31/M31 -> 159.00744 | P31: =M31-J31 -> 0 | Q31: =O31-L31 -> -14.069479 | R31: =O31/L31 -> 0.91870968 | S31: =R43 -> 0.8792869 | T31: 0.16666667 | U31: 0.20972222 | V31: 5 | W31: =(U31-T31)*24*60 -> 62 | AF31: =N31-K31 -> -182.90323 | AG31: =N31/K31 -> 0.91870968 | AH31: =AG43 -> 0.88453795
B32: 飯糰 | D32: 大口日式塔塔醬蝦排飯糰 | F32: 35.33 | G32: 2243 | H32: =F32*G32 -> 79245.19 | J32: 12 | K32: 2118 | L32: 176.5 | M32: 12 | N32: =G32/W32*60 -> 2070.4615 | O32: =N32/M32 -> 172.53846 | P32: =M32-J32 -> 0 | Q32: =O32-L32 -> -3.9615385 | R32: =O32/L32 -> 0.97755502 | T32: 0.21527778 | U32: 0.26041667 | V32: 8 | W32: =(U32-T32)*24*60 -> 65 | AF32: =N32-K32 -> -47.538462 | AG32: =N32/K32 -> 0.97755502
B33: 飯糰 | D33: 大口義式香草雞腿排飯糰 | F33: 36.41 | G33: 2445.1 | H33: =F33*G33 -> 89026.091 | J33: 10 | K33: 2769 | L33: 276.9 | M33: 10 | N33: =G33/W33*60 -> 2292.2812 | O33: =N33/M33 -> 229.22812 | P33: =M33-J33 -> 0 | Q33: =O33-L33 -> -47.671875 | R33: =O33/L33 -> 0.82783722 | T33: 0.27569444 | U33: 0.32013889 | V33: 22 | W33: =(U33-T33)*24*60 -> 64 | X33: 0.26388889 | Y33: 0.27291667 | AF33: =N33-K33 -> -476.71875 | AG33: =N33/K33 -> 0.82783722
B34: 微波主食 | D34: 日式野菜烘蛋燴飯 | F34: 49.91 | G34: 724 | H34: =F34*G34 -> 36134.84 | J34: 17 | K34: 1500 | L34: 88.235294 | M34: 17 | N34: =G34/W34*60 -> 1316.3636 | O34: =N34/M34 -> 77.433155 | P34: =M34-J34 -> 0 | Q34: =O34-L34 -> -10.802139 | R34: =O34/L34 -> 0.87757576 | T34: 0.325 | U34: 0.34791667 | V34: 7 | W34: =(U34-T34)*24*60 -> 33 | AF34: =N34-K34 -> -183.63636 | AG34: =N34/K34 -> 0.87757576
B35: 微波主食 | D35: 壽喜燒牛丼 | F35: 53.27 | G35: 1260 | H35: =F35*G35 -> 67120.2 | J35: 18 | K35: 1500 | L35: 83.333333 | M35: 18 | N35: =G35/W35*60 -> 1326.3158 | O35: =N35/M35 -> 73.684211 | P35: =M35-J35 -> 0 | Q35: =O35-L35 -> -9.6491228 | R35: =O35/L35 -> 0.88421053 | T35: 0.3625 | U35: 0.40208333 | V35: 21 | W35: =(U35-T35)*24*60 -> 57 | X35: 0.35138889 | Y35: 0.35972222 | AF35: =N35-K35 -> -173.68421 | AG35: =N35/K35 -> 0.88421053
B36: 小菜微波 | D36: 香辣醬粉絲煲 | F36: 29.11315 | G36: 2570.88 | H36: =F36*G36 -> 74846.415 | J36: 20 | K36: 1500 | L36: 75 | M36: 20 | N36: =G36/W36*60 -> 1329.7655 | O36: =N36/M36 -> 66.488276 | P36: =M36-J36 -> 0 | Q36: =O36-L36 -> -8.5117241 | R36: =O36/L36 -> 0.88651034 | T36: 0.41805556 | U36: 0.49861111 | V36: 23 | W36: =(U36-T36)*24*60 -> 116 | X36: 0.40555556 | Y36: 0.41527778 | AF36: =N36-K36 -> -170.23448 | AG36: =N36/K36 -> 0.88651034
B37: 熱食義麵 | D37: 愛恨椒芝麵 | F37: 38.39 | G37: 830.4 | H37: =F37*G37 -> 31879.056 | I37: 2 | J37: 16 | K37: 1636 | L37: 102.25 | M37: 17 | N37: =G37/W37*60 -> 1346.5946 | O37: =N37/M37 -> 79.211447 | P37: =M37-J37 -> 1 | Q37: =O37-L37 -> -23.038553 | R37: =O37/L37 -> 0.77468408 | T37: 0.54305556 | U37: 0.56875 | V37: 7 | W37: =(U37-T37)*24*60 -> 37 | AF37: =N37-K37 -> -289.40541 | AG37: =N37/K37 -> 0.82310183
B38: 小菜微波 | D38: 香辣醬粉絲煲 | F38: 29.11315 | G38: 725.12 | H38: =F38*G38 -> 21110.527 | I38: 2 | J38: 20 | K38: 1500 | L38: 75 | M38: 20 | N38: =G38/W38*60 -> 1318.4 | O38: =N38/M38 -> 65.92 | P38: =M38-J38 -> 0 | Q38: =O38-L38 -> -9.08 | R38: =O38/L38 -> 0.87893333 | T38: 0.57430556 | U38: 0.59722222 | V38: 8 | W38: =(U38-T38)*24*60 -> 33 | AF38: =N38-K38 -> -181.6 | AG38: =N38/K38 -> 0.87893333
B39: 0 | F39: 0 | H39: =F39*G39 -> 0 | W39: =(U39-T39)*24*60 -> 0 | AF39: =N39-K39 -> 0 | AG39: =N39/K39 -> #DIV/0!
B40: 0 | F40: 0 | H40: =F40*G40 -> 0 | W40: =(U40-T40)*24*60 -> 0 | AF40: =N40-K40 -> 0 | AG40: =N40/K40 -> #DIV/0!
B41: 0 | F41: 0 | W41: =(U41-T41)*24*60 -> 0
B42: 0 | F42: 0 | H42: =F42*G42 -> 0 | W42: =(U42-T42)*24*60 -> 0
B43: 0 | C43: 4度二組B | D43: 平均 | J43: 15.75 | K43: 1846.625 | L43: 131.28694 | M43: =AVERAGE(M31:M42) -> 15.875 | N43: =AVERAGE(N31:N42) -> 1633.4099 | O43: =AVERAGE(O31:O42) -> 115.43889 | P43: =M43-J43 -> 0.125 | Q43: =N43-K43 -> -213.21511 | R43: =O43/L43 -> 0.8792869 | Z43: =SUM(Z31:Z42) -> 0 | AA43: =SUM(AA31:AA42) -> 0 | AD43: =SUM(AD31:AD42) -> 0 | AE43: =SUM(AE31:AE42) -> 0 | AF43: =N43-K43 -> -213.21511 | AG43: =N43/K43 -> 0.88453795
A44: 四度二組 (烤飯糰/八爪機) | B44: 飯糰 | D44: 明太子奶油炸飯糰 | F44: 22.27 | G44: 643 | H44: =F44*G44 -> 14319.61 | J44: 4 | K44: 2000 | L44: 500 | M44: 5 | N44: =G44/W44*60 -> 2143.3333 | O44: =N44/M44 -> 428.66667 | P44: =M44-J44 -> 1 | Q44: =O44-L44 -> -71.333333 | R44: =O44/L44 -> 0.85733333 | S44: =R56 -> 0.88585568 | T44: 0.16666667 | U44: 0.17916667 | V44: 5 | W44: =(U44-T44)*24*60 -> 18 | AF44: =N44-K44 -> 143.33333 | AG44: =N44/K44 -> 1.0716667 | AH44: =AG56 -> 1.0177991
B45: 飯糰 | D45: 淡麗清酒蒸蛤蜊烤飯糰 | F45: 24.73 | G45: 2309 | H45: =F45*G45 -> 57101.57 | J45: 4 | K45: 2000 | L45: 500 | M45: 5 | N45: =G45/W45*60 -> 2131.3846 | O45: =N45/M45 -> 426.27692 | P45: =M45-J45 -> 1 | Q45: =O45-L45 -> -73.723077 | R45: =O45/L45 -> 0.85255385 | T45: 0.18263889 | U45: 0.22777778 | V45: 5 | W45: =(U45-T45)*24*60 -> 65 | AF45: =N45-K45 -> 131.38462 | AG45: =N45/K45 -> 1.0656923
B46: 飯糰 | D46: 糖燻野郎起司炙燒牛烤飯糰 | F46: 24.73 | G46: 2187 | H46: =F46*G46 -> 54084.51 | J46: 4 | K46: 2000 | L46: 500 | M46: 5 | N46: =G46/W46*60 -> 2151.1475 | O46: =N46/M46 -> 430.22951 | P46: =M46-J46 -> 1 | Q46: =O46-L46 -> -69.770492 | R46: =O46/L46 -> 0.86045902 | T46: 0.23125 | U46: 0.27361111 | V46: 5 | W46: =(U46-T46)*24*60 -> 61 | AF46: =N46-K46 -> 151.14754 | AG46: =N46/K46 -> 1.0755738
B47: 小菜微波 | D47: 媽媽煮藝-鹹酥雞 | F47: 31.43 | G47: 2858 | H47: =F47*G47 -> 89826.94 | J47: 7 | K47: 1500 | L47: 214.28571 | M47: 7 | N47: =G47/W47*60 -> 1478.2759 | O47: =N47/M47 -> 211.18227 | P47: =M47-J47 -> 0 | Q47: =O47-L47 -> -3.1034483 | R47: =O47/L47 -> 0.98551724 | T47: 0.29097222 | U47: 0.37152778 | V47: 25 | W47: =(U47-T47)*24*60 -> 116 | X47: 0.27708333 | Y47: 0.28819444 | AF47: =N47-K47 -> -21.724138 | AG47: =N47/K47 -> 0.98551724
B48: 小菜微波 | D48: 多穀紫米飯 | F48: 11.6 | G48: 2365 | H48: =F48*G48 -> 27434 | J48: 7 | K48: 1636 | L48: 233.71429 | M48: 7 | N48: =G48/W48*60 -> 1462.8866 | O48: =N48/M48 -> 208.9838 | P48: =M48-J48 -> 0 | Q48: =O48-L48 -> -24.730486 | R48: =O48/L48 -> 0.89418496 | T48: 0.38888889 | U48: 0.45625 | V48: 25 | W48: =(U48-T48)*24*60 -> 97 | X48: 0.375 | Y48: 0.38611111 | AF48: =N48-K48 -> -173.1134 | AG48: =N48/K48 -> 0.89418496
B49: 微波主食 | D49: 優質池上飯 | F49: 10.09 | G49: 2461 | H49: =F49*G49 -> 24831.49 | J49: 6 | K49: 1500 | L49: 250 | M49: 6 | N49: =G49/W49*60 -> 1461.9802 | O49: =N49/M49 -> 243.66337 | P49: =M49-J49 -> 0 | Q49: =O49-L49 -> -6.3366337 | R49: =O49/L49 -> 0.97465347 | T49: 0.46319444 | U49: 0.53333333 | V49: 10 | W49: =(U49-T49)*24*60 -> 101 | AF49: =N49-K49 -> -38.019802 | AG49: =N49/K49 -> 0.97465347
B50: 微波主食 | D50: 優質池上飯 | F50: 10.09 | G50: 2584.05 | H50: =F50*G50 -> 26073.064 | J50: 6 | K50: 1500 | L50: 250 | M50: 6 | N50: =G50/W50*60 -> 1476.6 | O50: =N50/M50 -> 246.1 | P50: =M50-J50 -> 0 | Q50: =O50-L50 -> -3.9 | R50: =O50/L50 -> 0.9844 | T50: 0.55416667 | U50: 0.62708333 | V50: 30 | W50: =(U50-T50)*24*60 -> 105 | X50: 0.53680556 | Y50: 0.55138889 | AF50: =N50-K50 -> -23.4 | AG50: =N50/K50 -> 0.9844
B51: 飯糰 | D51: 蟹味可樂餅風炸飯糰 | F51: 21.92 | G51: 1041 | H51: =F51*G51 -> 22818.72 | J51: 4 | K51: 2000 | L51: 500 | M51: 5 | N51: =G51/W51*60 -> 2082 | O51: =N51/M51 -> 416.4 | P51: =M51-J51 -> 1 | Q51: =O51-L51 -> -83.6 | R51: =O51/L51 -> 0.8328 | T51: 0.63402778 | U51: 0.65486111 | V51: 10 | W51: =(U51-T51)*24*60 -> 30 | AF51: =N51-K51 -> 82 | AG51: =N51/K51 -> 1.041
B52: 0 | F52: 0 | H52: =F52*G52 -> 0 | W52: =(U52-T52)*24*60 -> 0 | AF52: =N52-K52 -> 0 | AG52: =N52/K52 -> #DIV/0!
B53: 0 | F53: 0 | H53: =F53*G53 -> 0 | W53: =(U53-T53)*24*60 -> 0 | AF53: =N53-K53 -> 0 | AG53: =N53/K53 -> #DIV/0!
B54: 0 | F54: 0 | H54: =F54*G54 -> 0 | W54: =(U54-T54)*24*60 -> 0 | AF54: =N54-K54 -> 0 | AG54: =N54/K54 -> #DIV/0!
B55: 0 | F55: 0 | H55: =F55*G55 -> 0 | W55: =(U55-T55)*24*60 -> 0
B56: 0 | C56: 4度二組C1 | D56: 平均 | J56: 5.25 | K56: 1767 | L56: 368.5 | M56: =AVERAGE(M44:M55) -> 5.75 | N56: =AVERAGE(N44:N55) -> 1798.451 | O56: =AVERAGE(O44:O55) -> 326.43782 | P56: =M56-J56 -> 0.5 | Q56: =N56-K56 -> 31.451018 | R56: =O56/L56 -> 0.88585568 | W56: =(U56-T56)*24*60 -> 0 | Z56: =SUM(Z44:Z55) -> 0 | AA56: =SUM(AA44:AA55) -> 0 | AD56: =SUM(AD44:AD55) -> 0 | AE56: =SUM(AE44:AE55) -> 0 | AF56: =N56-K56 -> 31.451018 | AG56: =N56/K56 -> 1.0177991
A57: 四度二組 (烤飯糰/十爪機) | B57: 小菜微波 | D57: 糖燻豬耳絲 | F57: 28.26 | G57: 1586 | H57: =F57*G57 -> 44820.36 | J57: 7 | K57: 1500 | L57: 214.28571 | M57: 7 | N57: =G57/W57*60 -> 1464 | O57: =N57/M57 -> 209.14286 | P57: =M57-J57 -> 0 | Q57: =O57-L57 -> -5.1428571 | R57: =O57/L57 -> 0.976 | S57: =R69 -> 0.91792525 | T57: 0.16666667 | U57: 0.21180556 | V57: 5 | W57: =(U57-T57)*24*60 -> 65 | AF57: =N57-K57 -> -36 | AG57: =N57/K57 -> 0.976 | AH57: =AG69 -> 0.97912026
B58: 小菜微波 | D58: 燻之味-糖燻雞胗 | F58: 27.88 | G58: 2365 | H58: =F58*G58 -> 65936.2 | J58: 7 | K58: 1500 | L58: 214.28571 | M58: 7 | N58: =G58/W58*60 -> 1447.9592 | O58: =N58/M58 -> 206.85131 | P58: =M58-J58 -> 0 | Q58: =O58-L58 -> -7.4344023 | R58: =O58/L58 -> 0.96530612 | T58: 0.21875 | U58: 0.28680556 | V58: 10 | W58: =(U58-T58)*24*60 -> 98 | AF58: =N58-K58 -> -52.040816 | AG58: =N58/K58 -> 0.96530612
B59: 小菜微波 | D59: 韓式蒜味炸雞 | F59: 28 | G59: 2679 | H59: =F59*G59 -> 75012 | J59: 7 | K59: 1500 | L59: 214.28571 | M59: 7 | N59: =G59/W59*60 -> 1448.1081 | O59: =N59/M59 -> 206.87259 | P59: =M59-J59 -> 0 | Q59: =O59-L59 -> -7.4131274 | R59: =O59/L59 -> 0.96540541 | T59: 0.30416667 | U59: 0.38125 | V59: 25 | W59: =(U59-T59)*24*60 -> 111 | X59: 0.29027778 | Y59: 0.30138889 | AF59: =N59-K59 -> -51.891892 | AG59: =N59/K59 -> 0.96540541
B60: 微波主食 | D60: 優質池上飯 | F60: 10.09 | G60: 2337.95 | H60: =F60*G60 -> 23589.915 | J60: 6 | K60: 1500 | L60: 250 | M60: 7 | N60: =G60/W60*60 -> 1476.6 | O60: =N60/M60 -> 210.94286 | P60: =M60-J60 -> 1 | Q60: =O60-L60 -> -39.057143 | R60: =O60/L60 -> 0.84377143 | T60: 0.39861111 | U60: 0.46458333 | V60: 25 | W60: =(U60-T60)*24*60 -> 95 | X60: 0.38472222 | Y60: 0.39583333 | AF60: =N60-K60 -> -23.4 | AG60: =N60/K60 -> 0.9844
B61: 微波主食 | D61: 優質池上飯 | F61: 10.09 | G61: 4922 | H61: =F61*G61 -> 49662.98 | J61: 6 | K61: 1500 | L61: 250 | M61: 7 | N61: =G61/W61*60 -> 1506.7347 | O61: =N61/M61 -> 215.24781 | P61: =M61-J61 -> 1 | Q61: =O61-L61 -> -34.752187 | R61: =O61/L61 -> 0.86099125 | T61: 0.48541667 | U61: 0.62152778 | V61: 30 | W61: =(U61-T61)*24*60 -> 196 | X61: 0.46805556 | Y61: 0.48263889 | AF61: =N61-K61 -> 6.7346939 | AG61: =N61/K61 -> 1.0044898
B62: 0 | F62: 0 | H62: =F62*G62 -> 0 | AF62: =N62-K62 -> 0 | AG62: =N62/K62 -> #DIV/0!
B63: 0 | F63: 0 | H63: =F63*G63 -> 0 | AF63: =N63-K63 -> 0 | AG63: =N63/K63 -> #DIV/0!
B64: 0 | F64: 0 | H64: =F64*G64 -> 0 | AF64: =N64-K64 -> 0 | AG64: =N64/K64 -> #DIV/0!
B65: 0 | F65: 0 | H65: =F65*G65 -> 0 | W65: =(U65-T65)*24*60 -> 0 | AF65: =N65-K65 -> 0 | AG65: =N65/K65 -> #DIV/0!
B66: 0 | F66: 0 | H66: =F66*G66 -> 0 | W66: =(U66-T66)*24*60 -> 0 | AF66: =N66-K66 -> 0 | AG66: =N66/K66 -> #DIV/0!
B67: 0 | F67: 0 | H67: =F67*G67 -> 0 | W67: =(U67-T67)*24*60 -> 0 | AF67: =N67-K67 -> 0 | AG67: =N67/K67 -> #DIV/0!
B68: 0 | F68: 0 | H68: =F68*G68 -> 0 | W68: =(U68-T68)*24*60 -> 0
B69: 0 | C69: 4度二組C2 | D69: 平均 | J69: 6.6 | K69: 1500 | L69: 228.57143 | M69: =AVERAGE(M57:M68) -> 7 | N69: =AVERAGE(N57:N68) -> 1468.6804 | O69: =AVERAGE(O57:O68) -> 209.81149 | P69: =M69-J69 -> 0.4 | Q69: =N69-K69 -> -31.319603 | R69: =O69/L69 -> 0.91792525 | W69: =(U69-T69)*24*60 -> 0 | Z69: =SUM(Z57:Z68) -> 0 | AA69: =SUM(AA57:AA68) -> 0 | AD69: =SUM(AD57:AD68) -> 0 | AE69: =SUM(AE57:AE68) -> 0 | AF69: =N69-K69 -> -31.319603 | AG69: =N69/K69 -> 0.97912026
A70: 四度三組 (ET-55) | B70: 熱食義麵 | D70: 蕃茄起司手工千層麵(區2) | F70: 62.13 | G70: 442 | H70: =F70*G70 -> 27461.46 | J70: 14 | K70: 1500 | L70: 107.14286 | M70: 14 | N70: =G70/W70*60 -> 1262.8571 | O70: =N70/M70 -> 90.204082 | P70: =M70-J70 -> 0 | Q70: =O70-L70 -> -16.938776 | R70: =O70/L70 -> 0.84190476 | S70: =R82 -> 0.86385086 | T70: 0.29166667 | U70: 0.30625 | V70: 5 | W70: =(U70-T70)*24*60 -> 21 | AF70: =N70-K70 -> -237.14286 | AG70: =N70/K70 -> 0.84190476 | AH70: =AG82 -> 0.87708515
B71: 便當 | D71: 嘉義劉里長雞肉飯 | F71: 47.65 | G71: 2284 | H71: =F71*G71 -> 108832.6 | J71: 18 | K71: 1440 | L71: 80 | M71: 18 | N71: =G71/W71*60 -> 1330.4854 | O71: =N71/M71 -> 73.915858 | P71: =M71-J71 -> 0 | Q71: =O71-L71 -> -6.0841424 | R71: =O71/L71 -> 0.92394822 | T71: 0.31111111 | U71: 0.38263889 | V71: 7 | W71: =(U71-T71)*24*60 -> 103 | AF71: =N71-K71 -> -109.51456 | AG71: =N71/K71 -> 0.92394822
B72: 微波主食 | D72: 日式中濃醬炭火漢堡排飯 | F72: 56.85 | G72: 1502.76 | H72: =F72*G72 -> 85431.906 | J72: 18 | K72: 1636 | L72: 90.888889 | M72: 18 | N72: =G72/W72*60 -> 1387.1631 | O72: =N72/M72 -> 77.064615 | P72: =M72-J72 -> 0 | Q72: =O72-L72 -> -13.824274 | R72: =O72/L72 -> 0.84789919 | T72: 0.39861111 | U72: 0.44375 | V72: 23 | W72: =(U72-T72)*24*60 -> 65 | X72: 0.38611111 | Y72: 0.39583333 | AF72: =N72-K72 -> -248.83692 | AG72: =N72/K72 -> 0.84789919
B73: 便當 | D73: 香腸腿排雙拼便當 | F73: 53.76 | G73: 2390 | H73: =F73*G73 -> 128486.4 | J73: 16 | K73: 1440 | L73: 90 | M73: 16 | N73: =G73/W73*60 -> 1327.7778 | O73: =N73/M73 -> 82.986111 | P73: =M73-J73 -> 0 | Q73: =O73-L73 -> -7.0138889 | R73: =O73/L73 -> 0.9220679 | T73: 0.48402778 | U73: 0.55902778 | V73: 5 | W73: =(U73-T73)*24*60 -> 108 | AF73: =N73-K73 -> -112.22222 | AG73: =N73/K73 -> 0.9220679
B74: 便當 | D74: 新招牌腿排便當 | F74: 47.51 | G74: 2433 | H74: =F74*G74 -> 115591.83 | J74: 17 | K74: 1440 | L74: 84.705882 | M74: 17 | N74: =G74/W74*60 -> 1339.2661 | O74: =N74/M74 -> 78.780356 | P74: =M74-J74 -> 0 | Q74: =O74-L74 -> -5.9255262 | R74: =O74/L74 -> 0.93004587 | T74: 0.57430556 | U74: 0.65 | V74: 22 | W74: =(U74-T74)*24*60 -> 109 | X74: 0.5625 | Y74: 0.57152778 | AF74: =N74-K74 -> -100.73394 | AG74: =N74/K74 -> 0.93004587
B75: 微波主食 | D75: 二配香拌海鮮醬肉絲蛋炒飯 | F75: 55.32 | G75: 539 | H75: =F75*G75 -> 29817.48 | J75: 14 | K75: 1440 | L75: 102.85714 | M75: 15 | N75: =G75/W75*60 -> 1155 | O75: =N75/M75 -> 77 | P75: =M75-J75 -> 1 | Q75: =O75-L75 -> -25.857143 | R75: =O75/L75 -> 0.74861111 | T75: 0.70833333 | U75: 0.72777778 | V75: 5 | W75: =(U75-T75)*24*60 -> 28 | AF75: =N75-K75 -> -285 | AG75: =N75/K75 -> 0.80208333
B76: 0 | F76: 0 | H76: =F76*G76 -> 0 | AF76: =N76-K76 -> 0 | AG76: =N76/K76 -> #DIV/0!
B77: 0 | F77: 0 | H77: =F77*G77 -> 0 | AF77: =N77-K77 -> 0 | AG77: =N77/K77 -> #DIV/0!
B78: 0 | F78: 0 | H78: =F78*G78 -> 0 | AF78: =N78-K78 -> 0 | AG78: =N78/K78 -> #DIV/0!
B79: 0 | F79: 0 | H79: =F79*G79 -> 0 | W79: =(U79-T79)*24*60 -> 0 | AF79: =N79-K79 -> 0 | AG79: =N79/K79 -> #DIV/0!
B80: 0 | H80: =F80*G80 -> 0 | W80: =(U80-T80)*24*60 -> 0 | AF80: =N80-K80 -> 0 | AG80: =N80/K80 -> #DIV/0!
B81: 0 | W81: =(U81-T81)*24*60 -> 0
B82: 0 | C82: 4度三組 | D82: 平均 | J82: 16.166667 | K82: 1482.6667 | L82: 92.599129 | M82: =AVERAGE(M70:M81) -> 16.333333 | N82: =AVERAGE(N70:N81) -> 1300.4249 | O82: =AVERAGE(O70:O81) -> 79.991837 | P82: =M82-J82 -> 0.16666667 | Q82: =N82-K82 -> -182.24175 | R82: =O82/L82 -> 0.86385086 | Z82: =SUM(Z70:Z81) -> 0 | AA82: =SUM(AA70:AA81) -> 0 | AD82: =SUM(AD70:AD81) -> 0 | AE82: =SUM(AE70:AE81) -> 0 | AF82: =N82-K82 -> -182.24175 | AG82: =N82/K82 -> 0.87708515
A83: 四度四組 (ET-55) | B83: 便當 | D83: 好吃雞肉便當 | F83: 53.36 | G83: 2093.74 | H83: =F83*G83 -> 111721.97 | J83: 19 | K83: 1440 | L83: 75.789474 | M83: 19 | N83: =G83/W83*60 -> 1243.8059 | O83: =N83/M83 -> 65.463471 | P83: =M83-J83 -> 0 | Q83: =O83-L83 -> -10.326003 | R83: =O83/L83 -> 0.86375413 | S83: =R95 -> 0.84538162 | T83: 0.33333333 | U83: 0.40347222 | V83: 5 | W83: =(U83-T83)*24*60 -> 101 | AF83: =N83-K83 -> -196.19406 | AG83: =N83/K83 -> 0.86375413 | AH83: =AG95 -> 0.85032031
B84: 便當 | D84: 好吃雞肉便當 | F84: 53.36 | G84: 2566.52 | H84: =F84*G84 -> 136949.51 | J84: 19 | K84: 1440 | L84: 75.789474 | M84: 19 | N84: =G84/W84*60 -> 1222.1524 | O84: =N84/M84 -> 64.32381 | P84: =M84-J84 -> 0 | Q84: =O84-L84 -> -11.465664 | R84: =O84/L84 -> 0.84871693 | T84: 0.41875 | U84: 0.50625 | V84: 22 | W84: =(U84-T84)*24*60 -> 126 | X84: 0.40694444 | Y84: 0.41666667 | AF84: =N84-K84 -> -217.84762 | AG84: =N84/K84 -> 0.84871693
B85: 微波主食 | D85: 好多蒜燒豚飯 | F85: 51.75 | G85: 1032 | H85: =F85*G85 -> 53406 | J85: 21 | K85: 1500 | L85: 71.428571 | M85: 21 | N85: =G85/W85*60 -> 1317.4468 | O85: =N85/M85 -> 62.735562 | P85: =M85-J85 -> 0 | Q85: =O85-L85 -> -8.6930091 | R85: =O85/L85 -> 0.87829787 | T85: 0.54791667 | U85: 0.58055556 | V85: 7 | W85: =(U85-T85)*24*60 -> 47 | AF85: =N85-K85 -> -182.55319 | AG85: =N85/K85 -> 0.87829787
B86: 便當 | D86: 美式雞丁餐盒 | F86: 59.34 | G86: 678 | H86: =F86*G86 -> 40232.52 | J86: 17 | K86: 1440 | L86: 84.705882 | M86: 17 | N86: =G86/W86*60 -> 1271.25 | O86: =N86/M86 -> 74.779412 | P86: =M86-J86 -> 0 | Q86: =O86-L86 -> -9.9264706 | R86: =O86/L86 -> 0.8828125 | T86: 0.58472222 | U86: 0.60694444 | V86: 6 | W86: =(U86-T86)*24*60 -> 32 | AF86: =N86-K86 -> -168.75 | AG86: =N86/K86 -> 0.8828125
B87: 便當 | D87: 好吃雞肉便當 | F87: 53.36 | G87: 2093.74 | H87: =F87*G87 -> 111721.97 | J87: 19 | K87: 1440 | L87: 75.789474 | M87: 19 | N87: =G87/W87*60 -> 1268.9333 | O87: =N87/M87 -> 66.785965 | P87: =M87-J87 -> 0 | Q87: =O87-L87 -> -9.0035088 | R87: =O87/L87 -> 0.8812037 | T87: 0.62291667 | U87: 0.69166667 | V87: 23 | W87: =(U87-T87)*24*60 -> 99 | X87: 0.61041667 | Y87: 0.62013889 | AF87: =N87-K87 -> -171.06667 | AG87: =N87/K87 -> 0.8812037
B88: 微波主食 | D88: 二配蒙古風味烤肉飯 | F88: 58.17 | G88: 1002 | H88: =F88*G88 -> 58286.34 | J88: 19 | K88: 1385 | L88: 72.894737 | M88: 20 | N88: =G88/W88*60 -> 1134.3396 | O88: =N88/M88 -> 56.716981 | P88: =M88-J88 -> 1 | Q88: =O88-L88 -> -16.177756 | R88: =O88/L88 -> 0.77806689 | T88: 0.70694444 | U88: 0.74375 | V88: 22 | W88: =(U88-T88)*24*60 -> 53 | X88: 0.69513889 | Y88: 0.70416667 | AF88: =N88-K88 -> -250.66038 | AG88: =N88/K88 -> 0.81901778
B89: 微波主食 | D89: 二配起司控培根白醬焗烤飯 | F89: 53.68 | G89: 1227 | H89: =F89*G89 -> 65865.36 | J89: 20 | K89: 1500 | L89: 75 | M89: 20 | N89: =G89/W89*60 -> 1168.5714 | O89: =N89/M89 -> 58.428571 | P89: =M89-J89 -> 0 | Q89: =O89-L89 -> -16.571429 | R89: =O89/L89 -> 0.77904762 | T89: 0.74861111 | U89: 0.79236111 | V89: 7 | W89: =(U89-T89)*24*60 -> 63 | AF89: =N89-K89 -> -331.42857 | AG89: =N89/K89 -> 0.77904762
B90: 0 | F90: 0 | H90: =F90*G90 -> 0 | AF90: =N90-K90 -> 0 | AG90: =N90/K90 -> #DIV/0!
B91: 0 | F91: 0 | H91: =F91*G91 -> 0 | AF91: =N91-K91 -> 0 | AG91: =N91/K91 -> #DIV/0!
B92: 0 | F92: 0 | H92: =F92*G92 -> 0 | AF92: =N92-K92 -> 0 | AG92: =N92/K92 -> #DIV/0!
B93: 0 | F93: 0 | H93: =F93*G93 -> 0 | W93: =(U93-T93)*24*60 -> 0 | AF93: =N93-K93 -> 0 | AG93: =N93/K93 -> #DIV/0!
B94: 0 | F94: 0 | H94: =F94*G94 -> 0 | W94: =(U94-T94)*24*60 -> 0 | AF94: =N94-K94 -> 0 | AG94: =N94/K94 -> #DIV/0!
B95: 0 | C95: 4度四組 | D95: 平均 | J95: 19.142857 | K95: 1449.2857 | L95: 75.913945 | M95: =AVERAGE(M83:M94) -> 19.285714 | N95: =AVERAGE(N83:N94) -> 1232.3571 | O95: =AVERAGE(O83:O94) -> 64.176253 | P95: =M95-J95 -> 0.14285714 | Q95: =O95-L95 -> -11.737691 | R95: =O95/L95 -> 0.84538162 | Z95: =SUM(Z83:Z94) -> 0 | AA95: =SUM(AA83:AA94) -> 0 | AD95: =SUM(AD83:AD94) -> 0 | AE95: =SUM(AE83:AE94) -> 0 | AF95: =N95-K95 -> -216.92864 | AG95: =N95/K95 -> 0.85032031
A96: 四度五組 (ET-55) | B96: 小菜微波 | D96: 媽媽煮藝-(區)香滷牛肚絲 | F96: 36.92 | G96: 353 | H96: =F96*G96 -> 13032.76 | J96: 6 | K96: 1636 | L96: 272.66667 | M96: 6 | N96: =G96/W96*60 -> 1323.75 | O96: =N96/M96 -> 220.625 | P96: =M96-J96 -> 0 | Q96: =O96-L96 -> -52.041667 | R96: =O96/L96 -> 0.80913814 | S96: =R108 -> 0.8538609 | T96: 0.33333333 | U96: 0.34444444 | V96: 5 | W96: =(U96-T96)*24*60 -> 16 | AF96: =N96-K96 -> -312.25 | AG96: =N96/K96 -> 0.80913814 | AH96: =AG108 -> 0.86470895
B97: 微波主食 | D97: 日式中濃醬炭火漢堡排飯 | F97: 56.85 | G97: 2146.8 | H97: =F97*G97 -> 122045.58 | J97: 18 | K97: 1636 | L97: 90.888889 | M97: 18 | N97: =G97/W97*60 -> 1301.0909 | O97: =N97/M97 -> 72.282828 | P97: =M97-J97 -> 0 | Q97: =O97-L97 -> -18.606061 | R97: =O97/L97 -> 0.79528784 | T97: 0.35 | U97: 0.41875 | V97: 8 | W97: =(U97-T97)*24*60 -> 99 | AF97: =N97-K97 -> -334.90909 | AG97: =N97/K97 -> 0.79528784
B98: 便當 | D98: 蔬活腿排補力餐盒 | F98: 71.55 | G98: 1231 | H98: =F98*G98 -> 88078.05 | J98: 18 | K98: 1385 | L98: 76.944444 | M98: 18 | N98: =G98/W98*60 -> 1273.4483 | O98: =N98/M98 -> 70.747126 | P98: =M98-J98 -> 0 | Q98: =O98-L98 -> -6.197318 | R98: =O98/L98 -> 0.91945724 | T98: 0.46041667 | U98: 0.50069444 | V98: 7 | W98: =(U98-T98)*24*60 -> 58 | AF98: =N98-K98 -> -111.55172 | AG98: =N98/K98 -> 0.91945724
B99: 便當 | D99: 海陸雙拼肉肉餐盒 | F99: 59.54 | G99: 1829 | H99: =F99*G99 -> 108898.66 | J99: 18 | K99: 1385 | L99: 76.944444 | M99: 18 | N99: =G99/W99*60 -> 1276.0465 | O99: =N99/M99 -> 70.891473 | P99: =M99-J99 -> 0 | Q99: =O99-L99 -> -6.0529716 | R99: =O99/L99 -> 0.92133322 | T99: 0.50486111 | U99: 0.56458333 | V99: 6 | W99: =(U99-T99)*24*60 -> 86 | AF99: =N99-K99 -> -108.95349 | AG99: =N99/K99 -> 0.92133322
B100: 微波主食 | D100: 日式中濃醬炭火漢堡排飯 | F100: 56.85 | G100: 1717.44 | H100: =F100*G100 -> 97636.464 | J100: 18 | K100: 1636 | L100: 90.888889 | M100: 18 | N100: =G100/W100*60 -> 1304.3848 | O100: =N100/M100 -> 72.465823 | P100: =M100-J100 -> 0 | Q100: =O100-L100 -> -18.423066 | R100: =O100/L100 -> 0.79730123 | T100: 0.58055556 | U100: 0.63541667 | V100: 23 | W100: =(U100-T100)*24*60 -> 79 | X100: 0.56805556 | Y100: 0.57777778 | AF100: =N100-K100 -> -331.61519 | AG100: =N100/K100 -> 0.79730123
...

Sheet 0305
B1: 晉欣廠組合室生產人時性分析
B3: 日期 | D3: 03月05日 星期四 | F3: 訂單量 | H3: 219457.8 | J3: 營業額 | L3: 7056112.2
B4: 項目 | D4: 項目 | F4: ➀ | H4: ➁ | J4: ➂ | L4: ➃ | N4: 異常停線 | P4: 短暫停線
B5: 人時性 | D5: 組合室 | F5: 全溫層 | H5: 4度C(含4度飯糰) | J5: 18度C 一配 | L5: 18度C 二配 | N5: 合計次數 | O5: 時間 | P5: 合計次數 | Q5: 設備次數
D6: 排關平均 | F6: =AVERAGE(D13:O13,P13:Q13,D30:F30,H30,J30:M30) -> 378.41238 | H6: =AVERAGE(D13:P13,Q13) -> 137.86231 | J6: =AVERAGE(D30:H30) -> 754 | L6: =AVERAGE(J30:M30) -> 881.25 | N6: 0 | O6: 0 | P6: 1 | Q6: 0
D7: 實績平均 | F7: =AVERAGE(D14:O14,P14:Q14,D31:F31,J31:M31,H31) -> 357.43896 | H7: =AVERAGE(D14:P14,Q14) -> 122.57858 | J7: =AVERAGE(D31:H31) -> 745.29643 | L7: =AVERAGE(J31:M31) -> 821.82475
D8: 達成率平均 | F8: =AVERAGE(D15:O15,P15:Q15,D32:F32,H32,J32:K32,L32) -> 0.90516521 | H8: =AVERAGE(D15:O15,P15:Q15) -> 0.88441195 | J8: =AVERAGE(D32:H32) -> 0.96942047 | L8: =AVERAGE(J32:M32) -> 0.93434021
B10: 溫層 | D10: ➁4度C-各編組展開
B11: 編組 | D11: 1 | E11: 2 | F11: 3 | G11: 4 | H11: 5 | I11: 6 | J11: 7 | K11: 8 | L11: 9 | M11: 10 | N11: 11 | O11: 12 | P11: 13 | Q11: 14
D12: 4度一組 | E12: 4度二組A | F12: 4度二組B | G12: 4度二組C1 | H12: 4度一組B | I12: 4度三組 | J12: 4度四組 | K12: 4度五組 | L12: 綜合一組 | M12: 綜合二組 | N12: 綜合三組 | O12: 綜合四組 | P12: 便當組 | Q12: 壽司線
B13: 人時性 | C13: 排關 | D13: 130.53281 | E13: 100.21471 | F13: 131.28694 | G13: 368.5 | H13: 228.57143 | I13: 92.599129 | J13: 75.913945 | K13: 113.47619 | L13: 85.272067 | M13: 81.34291 | N13: 83.75586 | O13: 87.786458 | P13: 200.81986 | Q13: 150
C14: 實績 | D14: 123.97829 | E14: 89.953753 | F14: 115.86827 | G14: 317.08008 | H14: 210.11766 | I14: 80.16876 | J14: 62.862716 | K14: 96.994624 | L14: 74.158531 | M14: 70.535632 | N14: 75.809671 | O14: 72.972307 | P14: 189.89019 | Q14: 135.70961
C15: 達成率 | D15: =D14/D13 -> 0.94978643 | E15: =E14/E13 -> 0.89761031 | F15: =F14/F13 -> 0.88255745 | G15: =G14/G13 -> 0.86046156 | H15: =H14/H13 -> 0.91926476 | I15: =I14/I13 -> 0.8657615 | J15: =J14/J13 -> 0.82807864 | K15: =K14/K13 -> 0.85475749 | ... Q15: =Q14/Q13 -> 0.90473076
B16: 作業 時間 | C16: 開始 | D16: 0.29166667 | E16: 0.16666667 | F16: 0.16666667 | G16: 0.16666667 | H16: 0.16666667 | I16: 0.29166667 | J16: 0.33333333 | K16: 0.33333333 | L16: 0.5 | M16: 0.5 | N16: 0.70833333 | O16: 0.70833333 | P16: 0.16666667 | Q16: 0.17361111
C17: 結束 | D17: 0.73055556 | E17: 0.54513889 | F17: 0.57847222 | G17: 0.65555556 | H17: 0.63472222 | I17: 0.72638889 | J17: 0.78194444 | K17: 0.76458333 | L17: 0.87430556 | M17: 0.90555556 | N17: 0.94097222 | O17: 0.80972222 | P17: 0.57986111 | Q17: 0.63194444
B18: 產線異常 (5分鐘以上)
B20: 短暫停線 (5分鐘以下) | F20: 1
B22: 配置人數 | D22: 19.333333 | E22: 17 | F22: 15.875 | G22: 5.75 | H22: 7 | I22: 16.166667 | J22: 19.285714 | K22: 15.571429 | L22: 17.75 | M22: 19.125 | N22: 17.833333 | O22: 17.25 | P22: 11.8 | Q22: 11.2
B23: 主要應用設備 | D23: ET-600 | E23: ET-600 | F23: ET-600 | G23: 八爪機 | H23: 十爪機 | I23: ET-55 | J23: ET-55 | K23: ET-55 | L23: ET-55 | M23: ET-55 | N23: ET-55 | O23: ET-55 | P23: 伺服包裝機 | Q23: 伺服包裝機
B24: 次要應用設備
B25: 備註 | E25: 熱麵固定線 | G25: 烤飯糰 | H25: 烤飯糰 | K25: 吸收產線 | P25: 大口固定線
B27: 溫層 | D27: ➂18度C 一配-各編組展開 | I27: ➃18度C 二配-各編組展開
B28: 編組 | D28: 1 | E28: 2 | F28: 3 | G28: 4 | H28: 5 | I28: 1 | J28: 2 | K28: 3 | L28: 4 | M28: 5
D29: 連續式 海苔機 | E29: 3300型 飯糰機A | F29: 3300型 飯糰機B | G29: 3600型 飯糰機A | H29: 3600型 飯糰機B | I29: 夾心型 飯糰機 | J29: 3300型 飯糰機A | K29: 3300型 飯糰機B | L29: 3600型 飯糰機A | M29: 3600型 飯糰機B
B30: 人時性 | C30: 排關 | D30: 320 | E30: 825 | F30: 825 | G30: 900 | H30: 900 | I30: 680 | J30: 825 | K30: 900 | L30: 900 | M30: 900
C31: 實績 | D31: 270.41905 | E31: 681.6132 | F31: 921.91667 | G31: 866.22413 | H31: 986.3091 | I31: 0 | J31: 839.58333 | K31: 642.29954 | L31: 909.65541 | M31: 895.76071
C32: 達成率 | D32: =D31/D30 -> 0.84505952 | E32: =E31/E30 -> 0.82619781 | F32: =F31/F30 -> 1.1174747 | G32: =G31/G30 -> 0.96247125 | H32: =H31/H30 -> 1.095899 | I32: =I31/I30 -> 0 | J32: =J31/J30 -> 1.0176768 | K32: =K31/K30 -> 0.71366615 | ... M32: =M31/M30 -> 0.99528968
B33: 作業 時間 | C33: 開始 | D33: 0.18055556 | E33: 0.18055556 | F33: 0.18055556 | G33: 3138.9474 | H33: 0.18055556 | I33: 0 | J33: 0.72222222 | K33: 0.72222222 | L33: 0.72222222 | M33: 0.72222222
C34: 結束 | D34: 0.23541667 | E34: 0.33333333 | F34: 0.24166667 | G34: 1070.5882 | H34: 0.42569444 | I34: 0 | J34: 0.82638889 | K34: 0.85416667 | L34: 46087.073 | M34: 0.90972222
B35: 配置人數 | D35: 5.5 | E35: 4 | F35: 3 | G35: 3.75 | H35: 3.2 | I35: 0 | J35: 3.6666667 | K35: 3.6666667 | L35: 3.4 | M35: 3.5
B36: 主要應用設備 | D36: 連續式 海苔機 | E36: 3300型 | F36: 3300型 | G36: 3600型 | H36: 3600型 | I36: 夾心型 | J36: 3300型 | K36: 3300型 | L36: 3600型 | M36: 3600型
B37: 次要應用設備
B38: 備註

Sheet 晉欣18度C0305
A1: 晉欣廠18度C日報分析 | D1: 總生產量 | E1: =SUM(G5:G124) -> 79881 | F1: 營業額 | G1: =SUM(H5:H124) -> 1533631 | H1: 出勤人數 | I1: =+J16+J64+J24+J38+J51+J81+J100+J91+J57+J124+J111 -> 41.683333 | J1: 生產實績 | M1: 日報登錄
A2: 03月05日 星期四 | D2: 人時性 | E2: =AVERAGE(L16,L24,L38,L51,L100,L111,L91) -> 628.7424 | F2: 平均廠價 | G2: =G1/E1 -> 19.198946 | H2: 多次生產數 | I2: =COUNT(I5:I124) -> 0
A3: 線別 | B3: 品類 | D3: 品名 | F3: 廠價 | G3: 生產量 | H3: 營收 | I3: 多次 生產 | J3: 人數 | K3: 產能/時 | L3: 人時性 | M3: 生產時間 | O3: 換線/分 | P3: 稼動時間/分 | Q3: 休息時間
M4: 開始 | N4: 結束 | Q4: 開始 | R4: 結束
A5: 壽司線 | B5: 飯糰 | D5: 麻油雞飯糰 | F5: 29.965493 | G5: 1541 | H5: =F5*G5 -> 46176.825 | J5: 13 | K5: =G5/P5*60 -> 1232.8 | L5: =K5/J5 -> 94.830769 | M5: 0.17361111 | N5: 0.22569444 | O5: 10 | P5: =(N5-M5)*24*60 -> 75
B6: 0 | D6: 雙饗雙手卷(捲) | F6: 0 | G6: 1356 | H6: =F6*G6 -> 0 | J6: 9 | K6: =G6/P6*60 -> 1479.2727 | L6: =K6/J6 -> 164.36364 | M6: 0.22916667 | N6: 0.26736111 | O6: 5 | P6: =(N6-M6)*24*60 -> 55
B7: 0 | D7: 海饌雙手卷(捲) | F7: 0 | G7: 1445 | H7: =F7*G7 -> 0 | J7: 9 | K7: =G7/P7*60 -> 1576.3636 | L7: =K7/J7 -> 175.15152 | M7: 0.27083333 | N7: 0.30902778 | O7: 5 | P7: =(N7-M7)*24*60 -> 55
B8: 壽司手卷 | D8: 雙倍德腸飯卷 | F8: 36.45 | G8: 2077 | H8: =F8*G8 -> 75706.65 | J8: 10 | K8: =G8/P8*60 -> 1466.1176 | L8: =K8/J8 -> 146.61176 | M8: 0.3125 | N8: 0.37152778 | O8: 5 | P8: =(N8-M8)*24*60 -> 85
B9: 壽司手卷 | D9: 明太子泡菜牛飯卷 | F9: 27.05 | G9: 500 | H9: =F9*G9 -> 13525 | J9: 13 | K9: =G9/P9*60 -> 1500 | L9: =K9/J9 -> 115.38462 | M9: 0.375 | N9: 0.38888889 | O9: 5 | P9: =(N9-M9)*24*60 -> 20 | Q9: 0.38888889 | R9: 0.43055556
B10: 壽司手卷 | D10: 日式鮪魚美乃滋脆卷 | F10: 17.87 | G10: 1536 | H10: =F10*G10 -> 27448.32 | J10: 12 | K10: =G10/P10*60 -> 1152 | L10: =K10/J10 -> 96 | M10: 0.43055556 | N10: 0.48611111 | O10: 5 | P10: =(N10-M10)*24*60 -> 80
B11: 壽司手卷 | D11: 長野稻荷壽司 | F11: 25.64 | G11: 743 | H11: =F11*G11 -> 19050.52 | J11: 12 | K11: =G11/P11*60 -> 1486 | L11: =K11/J11 -> 123.83333 | M11: 0.48958333 | N11: 0.51041667 | O11: 5 | P11: =(N11-M11)*24*60 -> 30
B12: 壽司手卷 | D12: 雙饗雙手卷 | F12: 29.52 | G12: 1356 | H12: =F12*G12 -> 40029.12 | J12: 12 | K12: =G12/P12*60 -> 1808 | L12: =K12/J12 -> 150.66667 | M12: 0.51388889 | N12: 0.54513889 | O12: 5 | P12: =(N12-M12)*24*60 -> 45
B13: 壽司手卷 | D13: 海饌雙手卷 | F13: 29.857 | G13: 1445 | H13: =F13*G13 -> 43143.365 | J13: 12 | K13: =G13/P13*60 -> 1734 | L13: =K13/J13 -> 144.5 | M13: 0.54861111 | N13: 0.58333333 | O13: 5 | P13: =(N13-M13)*24*60 -> 50
B14: 飯糰 | D14: 兩粒飯糰(鮪魚.焦糖鮭魚) | F14: 28.57 | G14: 1579 | H14: =F14*G14 -> 45112.03 | J14: 10 | K14: =G14/P14*60 -> 1457.5385 | L14: =K14/J14 -> 145.75385 | M14: 0.58680556 | N14: 0.63194444 | O14: 5 | P14: =(N14-M14)*24*60 -> 65
B15: 0 | F15: 0 | H15: =F15*G15 -> 0
B16: 0 | C16: 壽司線 | D16: 平均 | J16: =AVERAGE(J5:J15) -> 11.2 | K16: =AVERAGE(K5:K15) -> 1489.2092 | L16: =AVERAGE(L5:L15) -> 135.70961
A17: 捲壽司機 | B17: 壽司手卷 | D17: 雙鬆細卷 | F17: 14.03 | G17: 592 | H17: =F17*G17 -> 8305.76 | J17: 6 | K17: =G17/P17*60 -> 1480 | L17: =K17/J17 -> 246.66667 | M17: 0.18055556 | N17: 0.19722222 | O17: 20 | P17: =(N17-M17)*24*60 -> 24
B18: 飯糰 | D18: 經典鮪魚沙拉細卷 | F18: 14.49 | G18: 858 | H18: =F18*G18 -> 12432.42 | J18: 5 | K18: =G18/P18*60 -> 1470.8571 | L18: =K18/J18 -> 294.17143 | M18: 0.21111111 | N18: 0.23541667 | O18: 20 | P18: =(N18-M18)*24*60 -> 35
B19: 0 | F19: 0 | H19: =F19*G19 -> 0
B20: 0 | F20: 0 | H20: =F20*G20 -> 0
B21: 0 | F21: 0 | H21: =F21*G21 -> 0
B22: 0 | F22: 0 | H22: =F22*G22 -> 0
B23: 0 | F23: 0 | H23: =F23*G23 -> 0
B24: 0 | C24: 連續式 海苔機 | D24: 平均 | J24: =AVERAGE(J17:J23) -> 5.5 | K24: =AVERAGE(K17:K23) -> 1475.4286 | L24: =AVERAGE(L17:L23) -> 270.41905
A25: 3300型 飯糰機A | B25: 飯糰 | D25: 壹號醬炙烤牛飯糰 | F25: 22.281818 | G25: 628 | H25: =F25*G25 -> 13992.982 | J25: 4 | K25: =G25/P25*60 -> 2691.4286 | L25: =K25/J25 -> 672.85714 | M25: 0.18055556 | N25: 0.19027778 | O25: 20 | P25: =(N25-M25)*24*60 -> 14
B26: 飯糰 | D26: 碳烤燒肉飯飯糰(區) | F26: 18.18 | G26: 2901 | H26: =F26*G26 -> 52740.18 | J26: 4 | K26: =G26/P26*60 -> 2762.8571 | L26: =K26/J26 -> 690.71429 | M26: 0.20416667 | N26: 0.24791667 | O26: 20 | P26: =(N26-M26)*24*60 -> 63
B27: 飯糰 | D27: 紅運烏魚子紹興飯糰 | F27: 27.27 | G27: 1088 | H27: =F27*G27 -> 29669.76 | J27: 4 | K27: =G27/P27*60 -> 2720 | L27: =K27/J27 -> 680 | M27: 0.26180556 | N27: 0.27847222 | O27: 20 | P27: =(N27-M27)*24*60 -> 24
B28: 飯糰 | D28: 煙燻培根飯糰(區) | F28: 15.03 | G28: 2686 | H28: =F28*G28 -> 40370.58 | J28: 4 | K28: =G28/P28*60 -> 2731.5254 | L28: =K28/J28 -> 682.88136 | M28: 0.29236111 | N28: 0.33333333 | O28: 20 | P28: =(N28-M28)*24*60 -> 59
B29: 0 | F29: 0 | H29: =F29*G29 -> 0
B30: 0 | F30: 0 | H30: =F30*G30 -> 0
B31: 0 | F31: 0 | H31: =F31*G31 -> 0
B32: 0 | F32: 0 | H32: =F32*G32 -> 0
B33: 0 | F33: 0 | H33: =F33*G33 -> 0
B34: 0 | F34: 0 | H34: =F34*G34 -> 0
B35: 0 | F35: 0 | H35: =F35*G35 -> 0
B36: 0 | F36: 0 | H36: =F36*G36 -> 0
B37: 0 | F37: 0 | H37: =F37*G37 -> 0
B38: 0 | C38: 3300型 飯糰機A | D38: 平均 | J38: =AVERAGE(J25:J37) -> 4 | K38: =AVERAGE(K25:K37) -> 2726.4528 | L38: =AVERAGE(L25:L37) -> 681.6132
A39: 3300型B 飯糰機 | B39: 飯糰 | D39: 照燒雞肉飯糰 | F39: 21.45 | G39: 913 | H39: =F39*G39 -> 19583.85 | J39: 3 | K39: =G39/P39*60 -> 2739 | L39: =K39/J39 -> 913 | M39: 0.18055556 | N39: 0.19444444 | O39: 20 | P39: =(N39-M39)*24*60 -> 20
B40: 飯糰 | D40: 鮭魚奶油醬油飯糰 | F40: 18.53 | G40: 2234 | H40: =F40*G40 -> 41396.02 | J40: 3 | K40: =G40/P40*60 -> 2792.5 | L40: =K40/J40 -> 930.83333 | M40: 0.20833333 | N40: 0.24166667 | O40: 20 | P40: =(N40-M40)*24*60 -> 48
B41: 0 | F41: 0 | H41: =F41*G41 -> 0
B42: 0 | F42: 0 | H42: =F42*G42 -> 0
B43: 0 | F43: 0 | H43: =F43*G43 -> 0
B44: 0 | F44: 0 | H44: =F44*G44 -> 0
B45: 0 | F45: 0 | H45: =F45*G45 -> 0
B46: 0 | F46: 0 | H46: =F46*G46 -> 0
B47: 0 | F47: 0 | H47: =F47*G47 -> 0
B48: 0 | F48: 0
B49: 0 | F49: 0 | H49: =F49*G49 -> 0
B50: 0 | F50: 0 | H50: =F50*G50 -> 0
B51: 0 | C51: 3300型 飯糰機B | D51: 平均 | J51: =AVERAGE(J39:J50) -> 3 | K51: =AVERAGE(K39:K50) -> 2765.75 | L51: =AVERAGE(L39:L50) -> 921.91667
A52: 3600型(A) 飯糰機 | B52: 飯糰 | D52: 熟成紅鮭飯糰 | F52: 25.03 | G52: 757 | H52: =F52*G52 -> 18947.71 | J52: 4 | K52: =G52/P52*60 -> 3244.2857 | L52: =K52/J52 -> 811.07143 | M52: 0.18055556 | N52: 0.19027778 | O52: 20 | P52: =(N52-M52)*24*60 -> 14
B53: 飯糰 | D53: 北海道秋鮭親子飯糰 | F53: 24.82 | G53: 994 | H53: =F53*G53 -> 24671.08 | J53: 4 | K53: =G53/P53*60 -> 3138.9474 | L53: =K53/J53 -> 784.73684 | M53: 0.20416667 | N53: 0.21736111 | O53: 20 | P53: =(N53-M53)*24*60 -> 19
B54: 飯糰 | D54: 贅沢鮭魚肚飯糰 | F54: 30 | G54: 1597 | H54: =F54*G54 -> 47910 | J54: 4 | K54: =G54/P54*60 -> 3194 | L54: =K54/J54 -> 798.5 | M54: 0.23125 | N54: 0.25208333 | O54: 20 | P54: =(N54-M54)*24*60 -> 30
B55: 飯糰 | D55: 經典肉鬆飯糰 | F55: 14.03 | G55: 2730 | H55: =F55*G55 -> 38301.9 | J55: 3 | K55: =G55/P55*60 -> 3211.7647 | L55: =K55/J55 -> 1070.5882 | M55: 0.26597222 | N55: 0.30138889 | O55: 20 | P55: =(N55-M55)*24*60 -> 51
B56: 0 | F56: 0 | H56: =F56*G56 -> 0 | P56: =(N56-M56)*24*60 -> 0
B57: 0 | C57: 夾心型 飯糰機 | F57: 0 | H57: =F57*G57 -> 0 | P57: =(N57-M57)*24*60 -> 0
B58: 0 | F58: 0 | H58: =F58*G58 -> 0 | P58: =(N58-M58)*24*60 -> 0
B59: 0 | F59: 0 | H59: =F59*G59 -> 0 | P59: =(N59-M59)*24*60 -> 0
B60: 0 | F60: 0 | H60: =F60*G60 -> 0 | P60: =(N60-M60)*24*60 -> 0
B61: 0 | F61: 0 | H61: =F61*G61 -> 0 | P61: =(N61-M61)*24*60 -> 0
B62: 0 | F62: 0 | H62: =F62*G62 -> 0 | P62: =(N62-M62)*24*60 -> 0
B63: 0 | F63: 0 | H63: =F63*G63 -> 0 | P63: =(N63-M63)*24*60 -> 0
B64: 0 | C64: 3600型 飯糰機A | D64: 平均 | J64: =AVERAGE(J52:J63) -> 3.75 | K64: =AVERAGE(K52:K63) -> 3197.2494 | L64: =AVERAGE(L52:L63) -> 866.22413
A65: 3600型(B) 飯糰機 | B65: 飯糰 | D65: 蔬食鮪魚飯糰 | F65: 18.18 | G65: 850 | H65: =F65*G65 -> 15453 | J65: 3 | K65: =G65/P65*60 -> 3187.5 | L65: =K65/J65 -> 1062.5 | M65: 0.18055556 | N65: 0.19166667 | O65: 20 | P65: =(N65-M65)*24*60 -> 16
B66: 飯糰 | D66: 雞肉飯飯糰 | F66: 16.66 | G66: 2771 | H66: =F66*G66 -> 46164.86 | J66: 4 | K66: =G66/P66*60 -> 3022.9091 | L66: =K66/J66 -> 755.72727 | M66: 0.20555556 | N66: 0.24375 | O66: 20 | P66: =(N66-M66)*24*60 -> 55
B67: 飯糰 | D67: 鹽蔥燒肉飯糰 | F67: 17.890909 | G67: 1727 | H67: =F67*G67 -> 30897.6 | J67: 3 | K67: =G67/P67*60 -> 3047.6471 | L67: =K67/J67 -> 1015.8824 | M67: 0.25763889 | N67: 0.28125 | O67: 20 | P67: =(N67-M67)*24*60 -> 34
B68: 飯糰 | D68: 明太子龍蝦風味沙拉飯糰 | F68: 18.18 | G68: 1550 | H68: =F68*G68 -> 28179 | J68: 3 | K68: =G68/P68*60 -> 3100 | L68: =K68/J68 -> 1033.3333 | M68: 0.29513889 | N68: 0.31597222 | O68: 20 | P68: =(N68-M68)*24*60 -> 30 | Q68: 0.31597222 | R68: 0.35763889
B69: 飯糰 | D69: 鮪魚飯糰 | F69: 14.285714 | G69: 4150 | H69: =F69*G69 -> 59285.714 | J69: 3 | K69: =G69/P69*60 -> 3192.3077 | L69: =K69/J69 -> 1064.1026 | M69: 0.37152778 | N69: 0.42569444 | O69: 20 | P69: =(N69-M69)*24*60 -> 78
B70: 0 | C70: 夾心型 飯糰機 | F70: 0 | H70: =F70*G70 -> 0
B71: 0 | F71: 0 | H71: =F71*G71 -> 0
B72: 0 | F72: 0 | H72: =F72*G72 -> 0
B73: 0 | F73: 0 | H73: =F73*G73 -> 0
B74: 0 | F74: 0 | H74: =F74*G74 -> 0
B75: 0 | C75: 3600型 飯糰機B | D75: 平均 | J75: =AVERAGE(J65:J74) -> 3.2 | K75: =AVERAGE(K65:K74) -> 3110.0728 | L75: =AVERAGE(L65:L74) -> 986.3091
A76: 二配 夾心型 飯糰機 | B76: 0 | F76: 0 | H76: =F76*G76 -> 0 | J76: 0 | K76: 0 | L76: 0
B77: 0 | F77: 0 | H77: =F77*G77 -> 0
B78: 0 | F78: 0 | H78: =F78*G78 -> 0
B79: 0 | F79: 0 | H79: =F79*G79 -> 0
B80: 0 | F80: 0 | H80: =F80*G80 -> 0
B81: 0 | C81: 夾心型 飯糰機 | D81: 平均 | J81: =AVERAGE(J76:J80) -> 0 | K81: =AVERAGE(K76:K80) -> 0 | L81: =AVERAGE(L76:L80) -> 0
A82: 二配 3300型A 飯糰機 | B82: 飯糰 | D82: 二配油蔥G絲飯糰 | F82: 18.18 | G82: 421 | H82: =F82*G82 -> 7653.78 | J82: 4 | K82: =G82/P82*60 -> 2526 | L82: =K82/J82 -> 631.5 | M82: 0.72222222 | N82: 0.72916667 | O82: 20 | P82: =(N82-M82)*24*60 -> 10
B83: 飯糰 | D83: 二配三杯醬爆菇菇飯糰 | F83: 16.7 | G83: 1120 | H83: =F83*G83 -> 18704 | J83: 3 | K83: =G83/P83*60 -> 3360 | L83: =K83/J83 -> 1120 | M83: 0.74305556 | N83: 0.75694444 | O83: 20 | P83: =(N83-M83)*24*60 -> 20 | Q83: 0.75694444 | R83: 0.79861111
B84: 飯糰 | D84: 二配壹號醬炙烤牛飯糰 | F84: 22.281818 | G84: 1023 | H84: =F84*G84 -> 22794.3 | J84: 4 | K84: =G84/P84*60 -> 3069 | L84: =K84/J84 -> 767.25 | M84: 0.8125 | N84: 0.82638889 | O84: 20 | P84: =(N84-M84)*24*60 -> 20
B85: 0 | F85: 0 | H85: =F85*G85 -> 0
B86: 0 | F86: 0 | H86: =F86*G86 -> 0
F87: 0 | H87: =F87*G87 -> 0
B88: 0 | F88: 0 | H88: =F88*G88 -> 0
B89: 0 | F89: 0 | H89: =F89*G89 -> 0
B90: 0 | F90: 0 | H90: =F90*G90 -> 0
B91: 0 | C91: 3300型 飯糰機A | D91: 平均 | J91: =AVERAGE(J82:J90) -> 3.6666667 | K91: =AVERAGE(K82:K90) -> 2985 | L91: =AVERAGE(L82:L90) -> 839.58333
A92: 二配 3300型B 飯糰機 | B92: 飯糰 | D92: 二配大飯糰韓式蒜烤豬五花 | F92: 24.54 | G92: 1654 | H92: =F92*G92 -> 40589.16 | J92: 3 | K92: =G92/P92*60 -> 2205.3333 | L92: =K92/J92 -> 735.11111 | M92: 0.72222222 | N92: 0.75347222 | O92: 20 | P92: =(N92-M92)*24*60 -> 45
B93: 飯糰 | D93: 二配大飯糰滷肉飯加蛋 | F93: 22.48 | G93: 1021 | H93: =F93*G93 -> 22952.08 | J93: 4 | K93: =G93/P93*60 -> 2450.4 | L93: =K93/J93 -> 612.6 | M93: 0.76736111 | N93: 0.78472222 | O93: 20 | P93: =(N93-M93)*24*60 -> 25
B94: 飯糰 | D94: 二配大飯糰鮪魚昆布 | F94: 22.21 | G94: 3089 | H94: =F94*G94 -> 68606.69 | J94: 4 | K94: =G94/P94*60 -> 2316.75 | L94: =K94/J94 -> 579.1875 | M94: 0.79861111 | N94: 0.85416667 | O94: 20 | P94: =(N94-M94)*24*60 -> 80
B95: 0 | F95: 0 | H95: =F95*G95 -> 0
B96: 0 | F96: 0 | H96: =F96*G96 -> 0
B97: 0 | F97: 0 | H97: =F97*G97 -> 0
B98: 0
B99: 0 | F99: 0 | H99: =F99*G99 -> 0
B100: 0 | C100: 3300型 飯糰機B | D100: 平均 | J100: =AVERAGE(J92:J99) -> 3.6666667 | K100: =AVERAGE(K92:K99) -> 2324.1611 | L100: =AVERAGE(L92:L99) -> 642.29954
...

Sheet 晉欣4度C0305
A1: 晉欣廠四度C日報分析 | D1: 總生產量 | E1: =SUM(G5:G173) -> 139576.8 | F1: 營業額 | G1: =SUM(H5:H173) -> 5522481.2 | H1: 出勤人數 | I1: =M17+M30+M43+M56+M69+M82+M95+M108+M121+M134+M147+M160+M173 -> 199.74048 | J1: 產線配置圖 | M1: 生產實績 | P1: 人時性差異分析 | T1: 日報登錄 | Z1: 合計 次數 | AA1: 合計 時間/分 | AB1: 產線異常分析 說明(5分鐘以上) | AD1: 合計 次數 | AE1: 合計 設備次數 | AF1: 產能差異分析
A2: 03月05日 星期四 | D2: 人時性 | E2: =AVERAGE(O17,O30,O43,O56,O69,O82,O95,O108,O121,O134,O147,O160,O173) -> 121.5685 | F2: 平均廠價 | G2: =G1/E1 -> 39.565896 | H2: 多次生產數 | I2: =COUNT(I5:I173) -> 6 | Z2: =Z17+Z30+Z43+Z56+Z69+Z82+Z95+Z108+Z121+Z134+Z147+Z160+Z173 -> 0 | AA2: =AA17+AA30+AA43+AA56+AA69+AA82+AA95+AA108+AA121+AA134+AA147+AA160+AA173 -> 0 | AD2: =AD17+AD30+AD43+AD56+AD69+AD82+AD95+AD108+AD121+AD134+AD147+AD160+AD173 -> 1 | AE2: =AE17+AE30+AE43+AE56+AE69+AE82+AE95+AE108+AE121+AE134+AE147+AE160+AE173 -> 0
A3: 線別 | B3: 品類 | D3: 品名 | F3: 廠價 | G3: 生產量 | H3: 營收 | I3: 多次 生產 | J3: 人數 | K3: 產能/時 | L3: 人時性 | M3: 人數 | N3: 產能/時 | O3: 人時性 | P3: 人數 | Q3: 人時性 | R3: 達成率 | S3: 達成率平均 | T3: 生產時間 | V3: 前置、換線時間/分 | W3: 稼動時間/分 | X3: 休息時間 | Z3: 產線異常統計 (5分鐘以上) | AB3: 分析說明 | AD3: 短暫停線統計 (5分鐘以下) | AF3: 產能/時 | AG3: 達成率 | AH3: 達成率平均
T4: 開始 | U4: 結束 | X4: 開始 | Y4: 結束 | Z4: 次數 | AA4: 時間/分 | AD4: 總次數 | AE4: 設備因素(次數)
A5: 四度一組 (ET-600) | B5: 季節調理麵 | D5: 椒麻香蔥雞涼拌麵 | F5: 37.94 | G5: 2737.8 | H5: =F5*G5 -> 103872.13 | J5: 20 | K5: 2400 | L5: 120 | M5: 20 | N5: =G5/W5*60 -> 2281.5 | O5: =N5/M5 -> 114.075 | P5: =M5-J5 -> 0 | Q5: =O5-L5 -> -5.925 | R5: =O5/L5 -> 0.950625 | S5: =R17 -> 0.94978643 | T5: 0.29166667 | U5: 0.34166667 | V5: 5 | W5: =(U5-T5)*24*60 -> 72 | AF5: =N5-K5 -> -118.5 | AG5: =N5/K5 -> 0.950625 | AH5: =AG17 -> 0.98684619
B6: 季節調理麵 | D6: 台式麻醬涼麵 | F6: 31.266132 | G6: 1180.4 | H6: =F6*G6 -> 36906.542 | J6: 18 | K6: 2600 | L6: 144.44444 | M6: 19 | N6: =G6/W6*60 -> 2623.1111 | O6: =N6/M6 -> 138.05848 | P6: =M6-J6 -> 1 | Q6: =O6-L6 -> -6.3859649 | R6: =O6/L6 -> 0.95578947 | T6: 0.34722222 | U6: 0.36597222 | V6: 8 | W6: =(U6-T6)*24*60 -> 27 | AF6: =N6-K6 -> 23.111111 | AG6: =N6/K6 -> 1.0088889
B7: 季節調理麵 | D7: 大滿足香辣涼麵 | F7: 38.630952 | G7: 1933.75 | H7: =F7*G7 -> 74702.604 | J7: 18 | K7: 2600 | L7: 144.44444 | M7: 19 | N7: =G7/W7*60 -> 2636.9318 | O7: =N7/M7 -> 138.78589 | P7: =M7-J7 -> 1 | Q7: =O7-L7 -> -5.6585593 | R7: =O7/L7 -> 0.96082536 | T7: 0.38263889 | U7: 0.41319444 | V7: 24 | W7: =(U7-T7)*24*60 -> 44 | X7: 0.36944444 | Y7: 0.37986111 | AF7: =N7-K7 -> 36.931818 | AG7: =N7/K7 -> 1.0142045
B8: 季節調理麵 | D8: 大滿足麻醬涼麵 | F8: 38 | G8: 3367.7 | H8: =F8*G8 -> 127972.6 | J8: 19 | K8: 2600 | L8: 136.84211 | M8: 20 | N8: =G8/W8*60 -> 2624.1818 | O8: =N8/M8 -> 131.20909 | P8: =M8-J8 -> 1 | Q8: =O8-L8 -> -5.6330144 | R8: =O8/L8 -> 0.95883566 | T8: 0.41736111 | U8: 0.47083333 | V8: 6 | W8: =(U8-T8)*24*60 -> 77 | AF8: =N8-K8 -> 24.181818 | AG8: =N8/K8 -> 1.0093007
B9: 季節調理麵 | D9: 大滿足麻醬涼麵 | F9: 38 | G9: 1443.3 | H9: =F9*G9 -> 54845.4 | J9: 19 | K9: 2600 | L9: 136.84211 | M9: 20 | N9: =G9/W9*60 -> 2624.1818 | O9: =N9/M9 -> 131.20909 | P9: =M9-J9 -> 1 | Q9: =O9-L9 -> -5.6330144 | R9: =O9/L9 -> 0.95883566 | T9: 0.5125 | U9: 0.53541667 | V9: 7 | W9: =(U9-T9)*24*60 -> 33 | AF9: =N9-K9 -> 24.181818 | AG9: =N9/K9 -> 1.0093007
B10: 季節調理麵 | D10: 大滿足香辣涼麵 | F10: 38.630952 | G10: 1041.25 | H10: =F10*G10 -> 40224.479 | J10: 18 | K10: 2600 | L10: 144.44444 | M10: 19 | N10: =G10/W10*60 -> 2603.125 | O10: =N10/M10 -> 137.00658 | P10: =M10-J10 -> 1 | Q10: =O10-L10 -> -7.4378655 | R10: =O10/L10 -> 0.94850709 | T10: 0.54097222 | U10: 0.55763889 | V10: 8 | W10: =(U10-T10)*24*60 -> 24 | AF10: =N10-K10 -> 3.125 | AG10: =N10/K10 -> 1.0012019
B11: 季節調理麵 | D11: 台式麻醬涼麵 | F11: 31.266132 | G11: 635.6 | H11: =F11*G11 -> 19872.753 | J11: 18 | K11: 2600 | L11: 144.44444 | M11: 19 | N11: =G11/W11*60 -> 2542.4 | O11: =N11/M11 -> 133.81053 | P11: =M11-J11 -> 1 | Q11: =O11-L11 -> -10.633918 | R11: =O11/L11 -> 0.92638057 | T11: 0.56111111 | U11: 0.57152778 | V11: 5 | W11: =(U11-T11)*24*60 -> 15 | AF11: =N11-K11 -> -57.6 | AG11: =N11/K11 -> 0.97784615
B12: 季節調理麵 | D12: 椒麻香蔥雞涼拌麵 | F12: 37.94 | G12: 1474.2 | H12: =F12*G12 -> 55931.148 | J12: 20 | K12: 2400 | L12: 120 | M12: 20 | N12: =G12/W12*60 -> 2268 | O12: =N12/M12 -> 113.4 | P12: =M12-J12 -> 0 | Q12: =O12-L12 -> -6.6 | R12: =O12/L12 -> 0.945 | T12: 0.5875 | U12: 0.61458333 | V12: 23 | W12: =(U12-T12)*24*60 -> 39 | X12: 0.575 | Y12: 0.58472222 | AF12: =N12-K12 -> -132 | AG12: =N12/K12 -> 0.945
B13: 微波主食 | D13: 二配濃起司燻腸紅醬焗烤飯 | F13: 50.67 | G13: 751.2 | H13: =F13*G13 -> 38063.304 | J13: 18 | K13: 1500 | L13: 83.333333 | M13: 18 | N13: =G13/W13*60 -> 1408.5 | O13: =N13/M13 -> 78.25 | P13: =M13-J13 -> 0 | Q13: =O13-L13 -> -5.0833333 | R13: =O13/L13 -> 0.939 | T13: 0.70833333 | U13: 0.73055556 | V13: 5 | W13: =(U13-T13)*24*60 -> 32 | AF13: =N13-K13 -> -91.5 | AG13: =N13/K13 -> 0.939
B14: 0 | F14: 0 | H14: =F14*G14 -> 0
B15: 0 | F15: 0 | H15: =F15*G15 -> 0 | W15: =(U15-T15)*24*60 -> 0
B16: 0 | F16: 0 | H16: =F16*G16 -> 0 | W16: =(U16-T16)*24*60 -> 0
B17: 0 | C17: 4度一組 | D17: 平均 | J17: 18.666667 | K17: 2433.3333 | L17: 130.53281 | M17: =AVERAGE(M5:M16) -> 19.333333 | N17: =AVERAGE(N5:N16) -> 2401.3257 | O17: =AVERAGE(O5:O16) -> 123.97829 | P17: =M17-J17 -> 0.66666667 | Q17: =O17-L17 -> -6.5545189 | R17: =O17/L17 -> 0.94978643 | W17: =(U17-T17)*24*60 -> 0 | Z17: =SUM(Z5:Z16) -> 0 | AA17: =SUM(AA5:AA16) -> 0 | AD17: =SUM(AD5:AD16) -> 0 | AE17: =SUM(AE5:AE16) -> 0 | AF17: =N17-K17 -> -32.007604 | AG17: =N17/K17 -> 0.98684619
A18: 四度二組A 熱麵 固定線 (ET-55) | B18: 季節調理麵 | D18: 日式蕎麥沾麵 | F18: 36.86 | G18: 2370 | H18: =F18*G18 -> 87358.2 | J18: 17 | K18: 2250 | L18: 132.35294 | M18: 18 | N18: =G18/W18*60 -> 2187.6923 | O18: =N18/M18 -> 121.53846 | P18: =M18-J18 -> 1 | Q18: =O18-L18 -> -10.81448 | R18: =O18/L18 -> 0.9182906 | S18: =R30 -> 0.89761031 | T18: 0.16666667 | U18: 0.21180556 | V18: 5 | W18: =(U18-T18)*24*60 -> 65 | AF18: =N18-K18 -> -62.307692 | AG18: =N18/K18 -> 0.97230769 | AH18: =AG30 -> 0.92237101
B19: 熱食義麵 | D19: 愛恨椒芝麵 | F19: 38.39 | G19: 1917.3 | H19: =F19*G19 -> 73605.147 | J19: 16 | K19: 1636 | L19: 102.25 | M19: 17 | N19: =G19/W19*60 -> 1456.1772 | O19: =N19/M19 -> 85.657483 | P19: =M19-J19 -> 1 | Q19: =O19-L19 -> -16.592517 | R19: =O19/L19 -> 0.837726 | T19: 0.21666667 | U19: 0.27152778 | V19: 7 | W19: =(U19-T19)*24*60 -> 79 | AF19: =N19-K19 -> -179.82278 | AG19: =N19/K19 -> 0.89008387
B20: 小菜微波 | D20: 古早味炒炊粉 | F20: 43.14 | G20: 1970 | H20: =F20*G20 -> 84985.8 | J20: 16 | K20: 1440 | L20: 90 | M20: 16 | N20: =G20/W20*60 -> 1407.1429 | O20: =N20/M20 -> 87.946429 | P20: =M20-J20 -> 0 | Q20: =O20-L20 -> -2.0535714 | R20: =O20/L20 -> 0.97718254 | T20: 0.28680556 | U20: 0.34513889 | V20: 22 | W20: =(U20-T20)*24*60 -> 84 | X20: 0.275 | Y20: 0.28402778 | AF20: =N20-K20 -> -32.857143 | AG20: =N20/K20 -> 0.97718254
B21: 熱食義麵 | D21: 辣腐乳麻醬拌麵 | F21: 38.1 | G21: 2431.5 | H21: =F21*G21 -> 92640.15 | J21: 17 | K21: 1500 | L21: 88.235294 | M21: 17 | N21: =G21/W21*60 -> 1314.3243 | O21: =N21/M21 -> 77.313196 | P21: =M21-J21 -> 0 | Q21: =O21-L21 -> -10.922099 | R21: =O21/L21 -> 0.87621622 | T21: 0.35 | U21: 0.42708333 | V21: 7 | W21: =(U21-T21)*24*60 -> 111 | AF21: =N21-K21 -> -185.67568 | AG21: =N21/K21 -> 0.87621622
B22: 熱食義麵 | D22: 辣腐乳麻醬拌麵 | F22: 38.1 | G22: 2431.5 | H22: =F22*G22 -> 92640.15 | J22: 17 | K22: 1500 | L22: 88.235294 | M22: 17 | N22: =G22/W22*60 -> 1314.3243 | O22: =N22/M22 -> 77.313196 | P22: =M22-J22 -> 0 | Q22: =O22-L22 -> -10.922099 | R22: =O22/L22 -> 0.87621622 | T22: 0.46805556 | U22: 0.54513889 | V22: 6 | W22: =(U22-T22)*24*60 -> 111 | AF22: =N22-K22 -> -185.67568 | AG22: =N22/K22 -> 0.87621622
B23: 0 | F23: 0 | H23: =F23*G23 -> 0 | W23: =(U23-T23)*24*60 -> 0 | AF23: =N23-K23 -> 0 | AG23: =N23/K23 -> #DIV/0!
B24: 0 | F24: 0 | H24: =F24*G24 -> 0 | W24: =(U24-T24)*24*60 -> 0 | AF24: =N24-K24 -> 0 | AG24: =N24/K24 -> #DIV/0!
B25: 0 | F25: 0 | H25: =F25*G25 -> 0 | W25: =(U25-T25)*24*60 -> 0 | AF25: =N25-K25 -> 0 | AG25: =N25/K25 -> #DIV/0!
B26: 0 | F26: 0 | H26: =F26*G26 -> 0 | W26: =(U26-T26)*24*60 -> 0 | AF26: =N26-K26 -> 0 | AG26: =N26/K26 -> #DIV/0!
B27: 0 | F27: 0 | H27: =F27*G27 -> 0 | W27: =(U27-T27)*24*60 -> 0 | AF27: =N27-K27 -> 0 | AG27: =N27/K27 -> #DIV/0!
B28: 0 | F28: 0 | H28: =F28*G28 -> 0 | W28: =(U28-T28)*24*60 -> 0 | AF28: =N28-K28 -> 0 | AG28: =N28/K28 -> #DIV/0!
B29: 0 | F29: 0 | H29: =F29*G29 -> 0 | W29: =(U29-T29)*24*60 -> 0 | AF29: =N29-K29 -> 0
B30: 0 | C30: 4度二組A | D30: 平均 | J30: 16.6 | K30: 1665.2 | L30: 100.21471 | M30: =AVERAGE(M18:M29) -> 17 | N30: =AVERAGE(N18:N29) -> 1535.9322 | O30: =AVERAGE(O18:O29) -> 89.953753 | P30: =M30-J30 -> 0.4 | Q30: =O30-L30 -> -10.260953 | R30: =O30/L30 -> 0.89761031 | Z30: =SUM(Z18:Z29) -> 0 | AA30: =SUM(AA18:AA29) -> 0 | AD30: =SUM(AD18:AD29) -> 0 | AE30: =SUM(AE18:AE29) -> 0 | AF30: =N30-K30 -> -129.26779 | AG30: =N30/K30 -> 0.92237101
A31: 四度二組 (ET-55) | B31: 飯糰 | D31: 大口金黃薯牛堡飯糰 | F31: 34.23 | G31: 2003 | H31: =F31*G31 -> 68562.69 | J31: 13 | K31: 2250 | L31: 173.07692 | M31: 13 | N31: =G31/W31*60 -> 2072.069 | O31: =N31/M31 -> 159.38992 | P31: =M31-J31 -> 0 | Q31: =O31-L31 -> -13.687003 | R31: =O31/L31 -> 0.92091954 | S31: =R43 -> 0.88255745 | T31: 0.16666667 | U31: 0.20694444 | V31: 5 | W31: =(U31-T31)*24*60 -> 58 | AF31: =N31-K31 -> -177.93103 | AG31: =N31/K31 -> 0.92091954 | AH31: =AG43 -> 0.88608952
B32: 飯糰 | D32: 大口日式塔塔醬蝦排飯糰 | F32: 35.33 | G32: 2124 | H32: =F32*G32 -> 75040.92 | J32: 12 | K32: 2118 | L32: 176.5 | M32: 12 | N32: =G32/W32*60 -> 2089.1803 | O32: =N32/M32 -> 174.09836 | P32: =M32-J32 -> 0 | Q32: =O32-L32 -> -2.4016393 | R32: =O32/L32 -> 0.98639298 | T32: 0.21180556 | U32: 0.25416667 | V32: 7 | W32: =(U32-T32)*24*60 -> 61 | AF32: =N32-K32 -> -28.819672 | AG32: =N32/K32 -> 0.98639298
B33: 飯糰 | D33: 大口義式香草雞腿排飯糰 | F33: 36.41 | G33: 2324.35 | H33: =F33*G33 -> 84629.583 | J33: 10 | K33: 2769 | L33: 276.9 | M33: 10 | N33: =G33/W33*60 -> 2324.35 | O33: =N33/M33 -> 232.435 | P33: =M33-J33 -> 0 | Q33: =O33-L33 -> -44.465 | R33: =O33/L33 -> 0.83941856 | T33: 0.27013889 | U33: 0.31180556 | V33: 23 | W33: =(U33-T33)*24*60 -> 60 | X33: 0.26111111 | Y33: 0.27083333 | AF33: =N33-K33 -> -444.65 | AG33: =N33/K33 -> 0.83941856
B34: 微波主食 | D34: 日式野菜烘蛋燴飯 | F34: 49.91 | G34: 669 | H34: =F34*G34 -> 33389.79 | J34: 17 | K34: 1500 | L34: 88.235294 | M34: 17 | N34: =G34/W34*60 -> 1294.8387 | O34: =N34/M34 -> 76.166983 | P34: =M34-J34 -> 0 | Q34: =O34-L34 -> -12.068311 | R34: =O34/L34 -> 0.86322581 | T34: 0.31597222 | U34: 0.3375 | V34: 6 | W34: =(U34-T34)*24*60 -> 31 | AF34: =N34-K34 -> -205.16129 | AG34: =N34/K34 -> 0.86322581
B35: 微波主食 | D35: 壽喜燒牛丼 | F35: 53.27 | G35: 1180 | H35: =F35*G35 -> 62858.6 | J35: 18 | K35: 1500 | L35: 83.333333 | M35: 18 | N35: =G35/W35*60 -> 1311.1111 | O35: =N35/M35 -> 72.839506 | P35: =M35-J35 -> 0 | Q35: =O35-L35 -> -10.493827 | R35: =O35/L35 -> 0.87407407 | T35: 0.35625 | U35: 0.39375 | V35: 22 | W35: =(U35-T35)*24*60 -> 54 | X35: 0.34097222 | Y35: 0.35 | AF35: =N35-K35 -> -188.88889 | AG35: =N35/K35 -> 0.87407407
B36: 小菜微波 | D36: 香辣醬粉絲煲 | F36: 29.11315 | G36: 2458.56 | H36: =F36*G36 -> 71576.426 | J36: 20 | K36: 1500 | L36: 75 | M36: 20 | N36: =G36/W36*60 -> 1328.9514 | O36: =N36/M36 -> 66.447568 | P36: =M36-J36 -> 0 | Q36: =O36-L36 -> -8.5524324 | R36: =O36/L36 -> 0.88596757 | T36: 0.40833333 | U36: 0.48541667 | V36: 21 | W36: =(U36-T36)*24*60 -> 111 | X36: 0.39722222 | Y36: 0.40555556 | AF36: =N36-K36 -> -171.04865 | AG36: =N36/K36 -> 0.88596757
B37: 熱食義麵 | D37: 愛恨椒芝麵 | F37: 38.39 | G37: 821.7 | H37: =F37*G37 -> 31545.063 | I37: 2 | J37: 16 | K37: 1636 | L37: 102.25 | M37: 17 | N37: =G37/W37*60 -> 1369.5 | O37: =N37/M37 -> 80.558824 | P37: =M37-J37 -> 1 | Q37: =O37-L37 -> -21.691176 | R37: =O37/L37 -> 0.78786135 | T37: 0.52638889 | U37: 0.55138889 | V37: 6 | W37: =(U37-T37)*24*60 -> 36 | AD37: 1 | AF37: =N37-K37 -> -266.5 | AG37: =N37/K37 -> 0.83710269
B38: 小菜微波 | D38: 香辣醬粉絲煲 | F38: 29.11315 | G38: 693.44 | H38: =F38*G38 -> 20188.223 | I38: 2 | J38: 20 | K38: 1500 | L38: 75 | M38: 20 | N38: =G38/W38*60 -> 1300.2 | O38: =N38/M38 -> 65.01 | P38: =M38-J38 -> 0 | Q38: =O38-L38 -> -9.99 | R38: =O38/L38 -> 0.8668 | T38: 0.55625 | U38: 0.57847222 | V38: 7 | W38: =(U38-T38)*24*60 -> 32 | AF38: =N38-K38 -> -199.8 | AG38: =N38/K38 -> 0.8668
B39: 0 | F39: 0 | H39: =F39*G39 -> 0 | W39: =(U39-T39)*24*60 -> 0 | AF39: =N39-K39 -> 0 | AG39: =N39/K39 -> #DIV/0!
B40: 0 | F40: 0 | H40: =F40*G40 -> 0 | W40: =(U40-T40)*24*60 -> 0 | AF40: =N40-K40 -> 0 | AG40: =N40/K40 -> #DIV/0!
B41: 0 | F41: 0 | W41: =(U41-T41)*24*60 -> 0
B42: 0 | F42: 0 | H42: =F42*G42 -> 0 | W42: =(U42-T42)*24*60 -> 0
B43: 0 | C43: 4度二組B | D43: 平均 | J43: 15.75 | K43: 1846.625 | L43: 131.28694 | M43: =AVERAGE(M31:M42) -> 15.875 | N43: =AVERAGE(N31:N42) -> 1636.2751 | O43: =AVERAGE(O31:O42) -> 115.86827 | P43: =M43-J43 -> 0.125 | Q43: =N43-K43 -> -210.34994 | R43: =O43/L43 -> 0.88255745 | Z43: =SUM(Z31:Z42) -> 0 | AA43: =SUM(AA31:AA42) -> 0 | AD43: =SUM(AD31:AD42) -> 1 | AE43: =SUM(AE31:AE42) -> 0 | AF43: =N43-K43 -> -210.34994 | AG43: =N43/K43 -> 0.88608952
A44: 四度二組 (烤飯糰/八爪機) | B44: 飯糰 | D44: 明太子奶油炸飯糰 | F44: 22.27 | G44: 498 | H44: =F44*G44 -> 11090.46 | J44: 4 | K44: 2000 | L44: 500 | M44: 5 | N44: =G44/W44*60 -> 1757.6471 | O44: =N44/M44 -> 351.52941 | P44: =M44-J44 -> 1 | Q44: =O44-L44 -> -148.47059 | R44: =O44/L44 -> 0.70305882 | S44: =R56 -> 0.86046156 | T44: 0.16666667 | U44: 0.17847222 | V44: 5 | W44: =(U44-T44)*24*60 -> 17 | AF44: =N44-K44 -> -242.35294 | AG44: =N44/K44 -> 0.87882353 | AH44: =AG56 -> 0.9913577
B45: 飯糰 | D45: 淡麗清酒蒸蛤蜊烤飯糰 | F45: 24.73 | G45: 2139 | H45: =F45*G45 -> 52897.47 | J45: 4 | K45: 2000 | L45: 500 | M45: 5 | N45: =G45/W45*60 -> 2139 | O45: =N45/M45 -> 427.8 | P45: =M45-J45 -> 1 | Q45: =O45-L45 -> -72.2 | R45: =O45/L45 -> 0.8556 | T45: 0.18194444 | U45: 0.22361111 | V45: 5 | W45: =(U45-T45)*24*60 -> 60 | AF45: =N45-K45 -> 139 | AG45: =N45/K45 -> 1.0695
B46: 飯糰 | D46: 糖燻野郎起司炙燒牛烤飯糰 | F46: 24.73 | G46: 2060 | H46: =F46*G46 -> 50943.8 | J46: 4 | K46: 2000 | L46: 500 | M46: 5 | N46: =G46/W46*60 -> 2131.0345 | O46: =N46/M46 -> 426.2069 | P46: =M46-J46 -> 1 | Q46: =O46-L46 -> -73.793103 | R46: =O46/L46 -> 0.85241379 | T46: 0.22708333 | U46: 0.26736111 | V46: 5 | W46: =(U46-T46)*24*60 -> 58 | AF46: =N46-K46 -> 131.03448 | AG46: =N46/K46 -> 1.0655172
B47: 小菜微波 | D47: 媽媽煮藝-鹹酥雞 | F47: 31.43 | G47: 2852 | H47: =F47*G47 -> 89638.36 | J47: 7 | K47: 1500 | L47: 214.28571 | M47: 7 | N47: =G47/W47*60 -> 1475.1724 | O47: =N47/M47 -> 210.73892 | P47: =M47-J47 -> 0 | Q47: =O47-L47 -> -3.546798 | R47: =O47/L47 -> 0.98344828 | T47: 0.28472222 | U47: 0.36527778 | V47: 25 | W47: =(U47-T47)*24*60 -> 116 | X47: 0.27083333 | Y47: 0.28194444 | AF47: =N47-K47 -> -24.827586 | AG47: =N47/K47 -> 0.98344828
B48: 小菜微波 | D48: 多穀紫米飯 | F48: 11.6 | G48: 2372 | H48: =F48*G48 -> 27515.2 | J48: 7 | K48: 1636 | L48: 233.71429 | M48: 7 | N48: =G48/W48*60 -> 1482.5 | O48: =N48/M48 -> 211.78571 | P48: =M48-J48 -> 0 | Q48: =O48-L48 -> -21.928571 | R48: =O48/L48 -> 0.90617359 | T48: 0.38263889 | U48: 0.44930556 | V48: 25 | W48: =(U48-T48)*24*60 -> 96 | X48: 0.36875 | Y48: 0.37986111 | AF48: =N48-K48 -> -153.5 | AG48: =N48/K48 -> 0.90617359
B49: 微波主食 | D49: 優質池上飯 | F49: 10.09 | G49: 2546.4 | H49: =F49*G49 -> 25693.176 | J49: 6 | K49: 1500 | L49: 250 | M49: 6 | N49: =G49/W49*60 -> 1455.0857 | O49: =N49/M49 -> 242.51429 | P49: =M49-J49 -> 0 | Q49: =O49-L49 -> -7.4857143 | R49: =O49/L49 -> 0.97005714 | T49: 0.45625 | U49: 0.52916667 | V49: 10 | W49: =(U49-T49)*24*60 -> 105 | AF49: =N49-K49 -> -44.914286 | AG49: =N49/K49 -> 0.97005714
B50: 微波主食 | D50: 優質池上飯 | F50: 10.09 | G50: 2673.72 | H50: =F50*G50 -> 26977.835 | J50: 6 | K50: 1500 | L50: 250 | M50: 6 | N50: =G50/W50*60 -> 1458.3927 | O50: =N50/M50 -> 243.06545 | P50: =M50-J50 -> 0 | Q50: =O50-L50 -> -6.9345455 | R50: =O50/L50 -> 0.97226182 | T50: 0.55 | U50: 0.62638889 | V50: 30 | W50: =(U50-T50)*24*60 -> 110 | X50: 0.53263889 | Y50: 0.54722222 | AF50: =N50-K50 -> -41.607273 | AG50: =N50/K50 -> 0.97226182
B51: 飯糰 | D51: 蟹味可樂餅風炸飯糰 | F51: 21.92 | G51: 1128 | H51: =F51*G51 -> 24725.76 | J51: 4 | K51: 2000 | L51: 500 | M51: 5 | N51: =G51/W51*60 -> 2115 | O51: =N51/M51 -> 423 | P51: =M51-J51 -> 1 | Q51: =O51-L51 -> -77 | R51: =O51/L51 -> 0.846 | T51: 0.63333333 | U51: 0.65555556 | V51: 10 | W51: =(U51-T51)*24*60 -> 32 | AF51: =N51-K51 -> 115 | AG51: =N51/K51 -> 1.0575
B52: 0 | F52: 0 | H52: =F52*G52 -> 0 | W52: =(U52-T52)*24*60 -> 0 | AF52: =N52-K52 -> 0 | AG52: =N52/K52 -> #DIV/0!
B53: 0 | F53: 0 | H53: =F53*G53 -> 0 | W53: =(U53-T53)*24*60 -> 0 | AF53: =N53-K53 -> 0 | AG53: =N53/K53 -> #DIV/0!
B54: 0 | F54: 0 | H54: =F54*G54 -> 0 | W54: =(U54-T54)*24*60 -> 0 | AF54: =N54-K54 -> 0 | AG54: =N54/K54 -> #DIV/0!
B55: 0 | F55: 0 | H55: =F55*G55 -> 0 | W55: =(U55-T55)*24*60 -> 0
B56: 0 | C56: 4度二組C1 | D56: 平均 | J56: 5.25 | K56: 1767 | L56: 368.5 | M56: =AVERAGE(M44:M55) -> 5.75 | N56: =AVERAGE(N44:N55) -> 1751.729 | O56: =AVERAGE(O44:O55) -> 317.08008 | P56: =M56-J56 -> 0.5 | Q56: =N56-K56 -> -15.27095 | R56: =O56/L56 -> 0.86046156 | W56: =(U56-T56)*24*60 -> 0 | Z56: =SUM(Z44:Z55) -> 0 | AA56: =SUM(AA44:AA55) -> 0 | AD56: =SUM(AD44:AD55) -> 0 | AE56: =SUM(AE44:AE55) -> 0 | AF56: =N56-K56 -> -15.27095 | AG56: =N56/K56 -> 0.9913577
A57: 四度二組 (烤飯糰/十爪機) | B57: 小菜微波 | D57: 糖燻豬耳絲 | F57: 28.26 | G57: 1696 | H57: =F57*G57 -> 47928.96 | J57: 7 | K57: 1500 | L57: 214.28571 | M57: 7 | N57: =G57/W57*60 -> 1453.7143 | O57: =N57/M57 -> 207.67347 | P57: =M57-J57 -> 0 | Q57: =O57-L57 -> -6.6122449 | R57: =O57/L57 -> 0.96914286 | S57: =R69 -> 0.91926476 | T57: 0.16666667 | U57: 0.21527778 | V57: 5 | W57: =(U57-T57)*24*60 -> 70 | AF57: =N57-K57 -> -46.285714 | AG57: =N57/K57 -> 0.96914286 | AH57: =AG69 -> 0.98054908
B58: 小菜微波 | D58: 燻之味-糖燻雞胗 | F58: 27.88 | G58: 2424 | H58: =F58*G58 -> 67581.12 | J58: 7 | K58: 1500 | L58: 214.28571 | M58: 7 | N58: =G58/W58*60 -> 1469.0909 | O58: =N58/M58 -> 209.87013 | P58: =M58-J58 -> 0 | Q58: =O58-L58 -> -4.4155844 | R58: =O58/L58 -> 0.97939394 | T58: 0.22222222 | U58: 0.29097222 | V58: 10 | W58: =(U58-T58)*24*60 -> 99 | AF58: =N58-K58 -> -30.909091 | AG58: =N58/K58 -> 0.97939394
B59: 小菜微波 | D59: 韓式蒜味炸雞 | F59: 28 | G59: 2739 | H59: =F59*G59 -> 76692 | J59: 7 | K59: 1500 | L59: 214.28571 | M59: 7 | N59: =G59/W59*60 -> 1467.3214 | O59: =N59/M59 -> 209.61735 | P59: =M59-J59 -> 0 | Q59: =O59-L59 -> -4.6683673 | R59: =O59/L59 -> 0.97821429 | T59: 0.30833333 | U59: 0.38611111 | V59: 25 | W59: =(U59-T59)*24*60 -> 112 | X59: 0.29444444 | Y59: 0.30555556 | AF59: =N59-K59 -> -32.678571 | AG59: =N59/K59 -> 0.97821429
B60: 微波主食 | D60: 優質池上飯 | F60: 10.09 | G60: 2419.08 | H60: =F60*G60 -> 24408.517 | J60: 6 | K60: 1500 | L60: 250 | M60: 7 | N60: =G60/W60*60 -> 1466.1091 | O60: =N60/M60 -> 209.44416 | P60: =M60-J60 -> 1 | Q60: =O60-L60 -> -40.555844 | R60: =O60/L60 -> 0.83777662 | T60: 0.40347222 | U60: 0.47222222 | V60: 25 | W60: =(U60-T60)*24*60 -> 99 | X60: 0.38958333 | Y60: 0.40069444 | AF60: =N60-K60 -> -33.890909 | AG60: =N60/K60 -> 0.97740606
B61: 微波主食 | D61: 優質池上飯 | F61: 10.09 | G61: 5092.8 | H61: =F61*G61 -> 51386.352 | J61: 6 | K61: 1500 | L61: 250 | M61: 7 | N61: =G61/W61*60 -> 1497.8824 | O61: =N61/M61 -> 213.98319 | P61: =M61-J61 -> 1 | Q61: =O61-L61 -> -36.016807 | R61: =O61/L61 -> 0.85593277 | T61: 0.49305556 | U61: 0.63472222 | V61: 30 | W61: =(U61-T61)*24*60 -> 204 | X61: 0.47569444 | Y61: 0.49027778 | AF61: =N61-K61 -> -2.1176471 | AG61: =N61/K61 -> 0.99858824
B62: 0 | F62: 0 | H62: =F62*G62 -> 0 | W62: =(U62-T62)*24*60 -> 0 | AF62: =N62-K62 -> 0 | AG62: =N62/K62 -> #DIV/0!
B63: 0 | F63: 0 | H63: =F63*G63 -> 0 | W63: =(U63-T63)*24*60 -> 0 | AF63: =N63-K63 -> 0 | AG63: =N63/K63 -> #DIV/0!
B64: 0 | F64: 0 | H64: =F64*G64 -> 0 | W64: =(U64-T64)*24*60 -> 0 | AF64: =N64-K64 -> 0 | AG64: =N64/K64 -> #DIV/0!
B65: 0 | F65: 0 | H65: =F65*G65 -> 0 | W65: =(U65-T65)*24*60 -> 0 | AF65: =N65-K65 -> 0 | AG65: =N65/K65 -> #DIV/0!
B66: 0 | F66: 0 | H66: =F66*G66 -> 0 | W66: =(U66-T66)*24*60 -> 0 | AF66: =N66-K66 -> 0 | AG66: =N66/K66 -> #DIV/0!
B67: 0 | F67: 0 | H67: =F67*G67 -> 0 | W67: =(U67-T67)*24*60 -> 0 | AF67: =N67-K67 -> 0 | AG67: =N67/K67 -> #DIV/0!
B68: 0 | F68: 0 | H68: =F68*G68 -> 0 | W68: =(U68-T68)*24*60 -> 0
B69: 0 | C69: 4度二組C2 | D69: 平均 | J69: 6.6 | K69: 1500 | L69: 228.57143 | M69: =AVERAGE(M57:M68) -> 7 | N69: =AVERAGE(N57:N68) -> 1470.8236 | O69: =AVERAGE(O57:O68) -> 210.11766 | P69: =M69-J69 -> 0.4 | Q69: =N69-K69 -> -29.176387 | R69: =O69/L69 -> 0.91926476 | W69: =(U69-T69)*24*60 -> 0 | Z69: =SUM(Z57:Z68) -> 0 | AA69: =SUM(AA57:AA68) -> 0 | AD69: =SUM(AD57:AD68) -> 0 | AE69: =SUM(AE57:AE68) -> 0 | AF69: =N69-K69 -> -29.176387 | AG69: =N69/K69 -> 0.98054908
A70: 四度三組 (ET-55) | B70: 熱食義麵 | D70: 蕃茄起司手工千層麵(區2) | F70: 62.13 | G70: 390 | H70: =F70*G70 -> 24230.7 | J70: 14 | K70: 1500 | L70: 107.14286 | M70: 13 | N70: =G70/W70*60 -> 1231.5789 | O70: =N70/M70 -> 94.736842 | P70: =M70-J70 -> -1 | Q70: =O70-L70 -> -12.406015 | R70: =O70/L70 -> 0.88421053 | S70: =R82 -> 0.8657615 | T70: 0.29166667 | U70: 0.30486111 | V70: 5 | W70: =(U70-T70)*24*60 -> 19 | AF70: =N70-K70 -> -268.42105 | AG70: =N70/K70 -> 0.82105263 | AH70: =AG82 -> 0.86719574
B71: 便當 | D71: 嘉義劉里長雞肉飯 | F71: 47.65 | G71: 2278 | H71: =F71*G71 -> 108546.7 | J71: 18 | K71: 1440 | L71: 80 | M71: 18 | N71: =G71/W71*60 -> 1326.9903 | O71: =N71/M71 -> 73.721683 | P71: =M71-J71 -> 0 | Q71: =O71-L71 -> -6.2783172 | R71: =O71/L71 -> 0.92152104 | T71: 0.31041667 | U71: 0.38194444 | V71: 8 | W71: =(U71-T71)*24*60 -> 103 | AF71: =N71-K71 -> -113.00971 | AG71: =N71/K71 -> 0.92152104
B72: 微波主食 | D72: 日式中濃醬炭火漢堡排飯 | F72: 56.85 | G72: 1353.52 | H72: =F72*G72 -> 76947.612 | J72: 18 | K72: 1636 | L72: 90.888889 | M72: 18 | N72: =G72/W72*60 -> 1376.461 | O72: =N72/M72 -> 76.470056 | P72: =M72-J72 -> 0 | Q72: =O72-L72 -> -14.418832 | R72: =O72/L72 -> 0.84135759 | T72: 0.39722222 | U72: 0.43819444 | V72: 22 | W72: =(U72-T72)*24*60 -> 59 | X72: 0.38541667 | Y72: 0.39444444 | AF72: =N72-K72 -> -259.53898 | AG72: =N72/K72 -> 0.84135759
B73: 便當 | D73: 香腸腿排雙拼便當 | F73: 53.76 | G73: 2200 | H73: =F73*G73 -> 118272 | J73: 16 | K73: 1440 | L73: 90 | M73: 16 | N73: =G73/W73*60 -> 1320 | O73: =N73/M73 -> 82.5 | P73: =M73-J73 -> 0 | Q73: =O73-L73 -> -7.5 | R73: =O73/L73 -> 0.91666667 | T73: 0.47916667 | U73: 0.54861111 | V73: 6 | W73: =(U73-T73)*24*60 -> 100 | AF73: =N73-K73 -> -120 | AG73: =N73/K73 -> 0.91666667
B74: 便當 | D74: 新招牌腿排便當 | F74: 47.51 | G74: 2229 | H74: =F74*G74 -> 105899.79 | J74: 17 | K74: 1440 | L74: 84.705882 | M74: 17 | N74: =G74/W74*60 -> 1324.1584 | O74: =N74/M74 -> 77.891672 | P74: =M74-J74 -> 0 | Q74: =O74-L74 -> -6.8142108 | R74: =O74/L74 -> 0.91955446 | T74: 0.56458333 | U74: 0.63472222 | V74: 23 | W74: =(U74-T74)*24*60 -> 101 | X74: 0.55208333 | Y74: 0.56180556 | AF74: =N74-K74 -> -115.84158 | AG74: =N74/K74 -> 0.91955446
B75: 微波主食 | D75: 二配香拌海鮮醬肉絲蛋炒飯 | F75: 55.32 | G75: 492 | H75: =F75*G75 -> 27217.44 | J75: 14 | K75: 1440 | L75: 102.85714 | M75: 15 | N75: =G75/W75*60 -> 1135.3846 | O75: =N75/M75 -> 75.692308 | P75: =M75-J75 -> 1 | Q75: =O75-L75 -> -27.164835 | R75: =O75/L75 -> 0.73589744 | T75: 0.70833333 | U75: 0.72638889 | V75: 5 | W75: =(U75-T75)*24*60 -> 26 | AF75: =N75-K75 -> -304.61538 | AG75: =N75/K75 -> 0.78846154
B76: 0 | F76: 0 | H76: =F76*G76 -> 0 | AF76: =N76-K76 -> 0 | AG76: =N76/K76 -> #DIV/0!
B77: 0 | F77: 0 | H77: =F77*G77 -> 0 | AF77: =N77-K77 -> 0 | AG77: =N77/K77 -> #DIV/0!
B78: 0 | F78: 0 | H78: =F78*G78 -> 0 | AF78: =N78-K78 -> 0 | AG78: =N78/K78 -> #DIV/0!
B79: 0 | F79: 0 | H79: =F79*G79 -> 0 | W79: =(U79-T79)*24*60 -> 0 | AF79: =N79-K79 -> 0 | AG79: =N79/K79 -> #DIV/0!
B80: 0 | H80: =F80*G80 -> 0 | W80: =(U80-T80)*24*60 -> 0 | AF80: =N80-K80 -> 0 | AG80: =N80/K80 -> #DIV/0!
B81: 0 | W81: =(U81-T81)*24*60 -> 0
B82: 0 | C82: 4度三組 | D82: 平均 | J82: 16.166667 | K82: 1482.6667 | L82: 92.599129 | M82: =AVERAGE(M70:M81) -> 16.166667 | N82: =AVERAGE(N70:N81) -> 1285.7622 | O82: =AVERAGE(O70:O81) -> 80.16876 | P82: =M82-J82 -> 0 | Q82: =N82-K82 -> -196.90445 | R82: =O82/L82 -> 0.8657615 | Z82: =SUM(Z70:Z81) -> 0 | AA82: =SUM(AA70:AA81) -> 0 | AD82: =SUM(AD70:AD81) -> 0 | AE82: =SUM(AE70:AE81) -> 0 | AF82: =N82-K82 -> -196.90445 | AG82: =N82/K82 -> 0.86719574
A83: 四度四組 (ET-55) | B83: 便當 | D83: 好吃雞肉便當 | F83: 53.36 | G83: 1904.02 | H83: =F83*G83 -> 101598.51 | J83: 19 | K83: 1440 | L83: 75.789474 | M83: 19 | N83: =G83/W83*60 -> 1255.3978 | O83: =N83/M83 -> 66.073569 | P83: =M83-J83 -> 0 | Q83: =O83-L83 -> -9.7159051 | R83: =O83/L83 -> 0.87180403 | S83: =R95 -> 0.82807864 | T83: 0.33333333 | U83: 0.39652778 | V83: 5 | W83: =(U83-T83)*24*60 -> 91 | AF83: =N83-K83 -> -184.6022 | AG83: =N83/K83 -> 0.87180403 | AH83: =AG95 -> 0.83539831
B84: 便當 | D84: 好吃雞肉便當 | F84: 53.36 | G84: 2333.96 | H84: =F84*G84 -> 124540.11 | J84: 19 | K84: 1440 | L84: 75.789474 | M84: 19 | N84: =G84/W84*60 -> 1228.4 | O84: =N84/M84 -> 64.652632 | P84: =M84-J84 -> 0 | Q84: =O84-L84 -> -11.136842 | R84: =O84/L84 -> 0.85305556 | T84: 0.4125 | U84: 0.49166667 | V84: 23 | W84: =(U84-T84)*24*60 -> 114 | X84: 0.4 | Y84: 0.40972222 | AF84: =N84-K84 -> -211.6 | AG84: =N84/K84 -> 0.85305556
B85: 微波主食 | D85: 好多蒜燒豚飯 | F85: 51.75 | G85: 1007 | H85: =F85*G85 -> 52112.25 | J85: 21 | K85: 1500 | L85: 71.428571 | M85: 21 | N85: =G85/W85*60 -> 1313.4783 | O85: =N85/M85 -> 62.546584 | P85: =M85-J85 -> 0 | Q85: =O85-L85 -> -8.8819876 | R85: =O85/L85 -> 0.87565217 | T85: 0.53263889 | U85: 0.56458333 | V85: 6 | W85: =(U85-T85)*24*60 -> 46 | AF85: =N85-K85 -> -186.52174 | AG85: =N85/K85 -> 0.87565217
B86: 便當 | D86: 美式雞丁餐盒 | F86: 59.34 | G86: 574 | H86: =F86*G86 -> 34061.16 | J86: 17 | K86: 1440 | L86: 84.705882 | M86: 17 | N86: =G86/W86*60 -> 1076.25 | O86: =N86/M86 -> 63.308824 | P86: =M86-J86 -> 0 | Q86: =O86-L86 -> -21.397059 | R86: =O86/L86 -> 0.74739583 | T86: 0.56944444 | U86: 0.59166667 | V86: 7 | W86: =(U86-T86)*24*60 -> 32 | AF86: =N86-K86 -> -363.75 | AG86: =N86/K86 -> 0.74739583
B87: 便當 | D87: 好吃雞肉便當 | F87: 53.36 | G87: 1904.02 | H87: =F87*G87 -> 101598.51 | J87: 19 | K87: 1440 | L87: 75.789474 | M87: 19 | N87: =G87/W87*60 -> 1283.609 | O87: =N87/M87 -> 67.558368 | P87: =M87-J87 -> 0 | Q87: =O87-L87 -> -8.2311059 | R87: =O87/L87 -> 0.89139513 | T87: 0.60694444 | U87: 0.66875 | V87: 22 | W87: =(U87-T87)*24*60 -> 89 | X87: 0.59513889 | Y87: 0.60416667 | AF87: =N87-K87 -> -156.39101 | AG87: =N87/K87 -> 0.89139513
B88: 微波主食 | D88: 二配蒙古風味烤肉飯 | F88: 58.17 | G88: 923 | H88: =F88*G88 -> 53690.91 | J88: 19 | K88: 1385 | L88: 72.894737 | M88: 20 | N88: =G88/W88*60 -> 1153.75 | O88: =N88/M88 -> 57.6875 | P88: =M88-J88 -> 1 | Q88: =O88-L88 -> -15.207237 | R88: =O88/L88 -> 0.79138087 | T88: 0.70833333 | U88: 0.74166667 | V88: 5 | W88: =(U88-T88)*24*60 -> 48 | AF88: =N88-K88 -> -231.25 | AG88: =N88/K88 -> 0.83303249
B89: 微波主食 | D89: 二配起司控培根白醬焗烤飯 | F89: 53.68 | G89: 1009 | H89: =F89*G89 -> 54163.12 | J89: 20 | K89: 1500 | L89: 75 | M89: 20 | N89: =G89/W89*60 -> 1164.2308 | O89: =N89/M89 -> 58.211538 | P89: =M89-J89 -> 0 | Q89: =O89-L89 -> -16.788462 | R89: =O89/L89 -> 0.77615385 | T89: 0.74583333 | U89: 0.78194444 | V89: 6 | W89: =(U89-T89)*24*60 -> 52 | AF89: =N89-K89 -> -335.76923 | AG89: =N89/K89 -> 0.77615385
B90: 0 | F90: 0 | H90: =F90*G90 -> 0 | AF90: =N90-K90 -> 0 | AG90: =N90/K90 -> #DIV/0!
B91: 0 | F91: 0 | H91: =F91*G91 -> 0 | AF91: =N91-K91 -> 0 | AG91: =N91/K91 -> #DIV/0!
B92: 0 | F92: 0 | H92: =F92*G92 -> 0 | AF92: =N92-K92 -> 0 | AG92: =N92/K92 -> #DIV/0!
B93: 0 | F93: 0 | H93: =F93*G93 -> 0 | W93: =(U93-T93)*24*60 -> 0 | AF93: =N93-K93 -> 0 | AG93: =N93/K93 -> #DIV/0!
B94: 0 | F94: 0 | H94: =F94*G94 -> 0 | W94: =(U94-T94)*24*60 -> 0 | AF94: =N94-K94 -> 0 | AG94: =N94/K94 -> #DIV/0!
B95: 0 | C95: 4度四組 | D95: 平均 | J95: 19.142857 | K95: 1449.2857 | L95: 75.913945 | M95: =AVERAGE(M83:M94) -> 19.285714 | N95: =AVERAGE(N83:N94) -> 1210.7308 | O95: =AVERAGE(O83:O94) -> 62.862716 | P95: =M95-J95 -> 0.14285714 | Q95: =O95-L95 -> -13.051228 | R95: =O95/L95 -> 0.82807864 | Z95: =SUM(Z83:Z94) -> 0 | AA95: =SUM(AA83:AA94) -> 0 | AD95: =SUM(AD83:AD94) -> 0 | AE95: =SUM(AE83:AE94) -> 0 | AF95: =N95-K95 -> -238.55488 | AG95: =N95/K95 -> 0.83539831
A96: 四度五組 (ET-55) | B96: 小菜微波 | D96: 媽媽煮藝-(區)香滷牛肚絲 | F96: 36.92 | G96: 417 | H96: =F96*G96 -> 15395.64 | J96: 6 | K96: 1636 | L96: 272.66667 | M96: 6 | N96: =G96/W96*60 -> 1316.8421 | O96: =N96/M96 -> 219.47368 | P96: =M96-J96 -> 0 | Q96: =O96-L96 -> -53.192982 | R96: =O96/L96 -> 0.80491571 | S96: =R108 -> 0.85475749 | T96: 0.33333333 | U96: 0.34652778 | V96: 5 | W96: =(U96-T96)*24*60 -> 19 | AF96: =N96-K96 -> -319.15789 | AG96: =N96/K96 -> 0.80491571 | AH96: =AG108 -> 0.86686978
B97: 微波主食 | D97: 日式中濃醬炭火漢堡排飯 | F97: 56.85 | G97: 1933.6 | H97: =F97*G97 -> 109925.16 | J97: 18 | K97: 1636 | L97: 90.888889 | M97: 18 | N97: =G97/W97*60 -> 1303.5506 | O97: =N97/M97 -> 72.419476 | P97: =M97-J97 -> 0 | Q97: =O97-L97 -> -18.469413 | R97: =O97/L97 -> 0.7967913 | T97: 0.35138889 | U97: 0.41319444 | V97: 7 | W97: =(U97-T97)*24*60 -> 89 | AF97: =N97-K97 -> -332.44944 | AG97: =N97/K97 -> 0.7967913
B98: 便當 | D98: 蔬活腿排補力餐盒 | F98: 71.55 | G98: 1220 | H98: =F98*G98 -> 87291 | J98: 18 | K98: 1385 | L98: 76.944444 | M98: 18 | N98: =G98/W98*60 -> 1284.2105 | O98: =N98/M98 -> 71.345029 | P98: =M98-J98 -> 0 | Q98: =O98-L98 -> -5.5994152 | R98: =O98/L98 -> 0.92722782 | T98: 0.45416667 | U98: 0.49375 | V98: 6 | W98: =(U98-T98)*24*60 -> 57 | AF98: =N98-K98 -> -100.78947 | AG98: =N98/K98 -> 0.92722782
B99: 便當 | D99: 海陸雙拼肉肉餐盒 | F99: 59.54 | G99: 1673 | H99: =F99*G99 -> 99610.42 | J99: 18 | K99: 1385 | L99: 76.944444 | M99: 18 | N99: =G99/W99*60 -> 1286.9231 | O99: =N99/M99 -> 71.495726 | P99: =M99-J99 -> 0 | Q99: =O99-L99 -> -5.4487179 | R99: =O99/L99 -> 0.92918634 | T99: 0.49861111 | U99: 0.55277778 | V99: 7 | W99: =(U99-T99)*24*60 -> 78 | AF99: =N99-K99 -> -98.076923 | AG99: =N99/K99 -> 0.92918634
B100: 微波主食 | D100: 日式中濃醬炭火漢堡排飯 | F100: 56.85 | G100: 1546.88 | H100: =F100*G100 -> 87940.128 | I100: 2 | J100: 18 | K100: 1636 | L100: 90.888889 | M100: 18 | N100: =G100/W100*60 -> 1289.0667 | O100: =N100/M100 -> 71.614815 | P100: =M100-J100 -> 0 | Q100: =O100-L100 -> -19.274074 | R100: =O100/L100 -> 0.78793806 | T100: 0.56805556 | U100: 0.61805556 | V100: 22 | W100: =(U100-T100)*24*60 -> 72 | X100: 0.55625 | Y100: 0.56527778 | AF100: =N100-K100 -> -346.93333 | AG100: =N100/K100 -> 0.78793806
...

Sheet 0306
B1: 晉欣廠組合室生產人時性分析
B3: 日期 | D3: 03月06日 星期五 | F3: 訂單量 | H3: 196298 | J3: 營業額 | L3: 6250442.5
B4: 項目 | D4: 項目 | F4: ➀ | H4: ➁ | J4: ➂ | L4: ➃ | N4: 異常停線 | P4: 短暫停線
B5: 人時性 | D5: 組合室 | F5: 全溫層 | H5: 4度C(含4度飯糰) | J5: 18度C 一配 | L5: 18度C 二配 | N5: 合計次數 | O5: 時間 | P5: 合計次數 | Q5: 設備次數
D6: 排關平均 | F6: =AVERAGE(D13:O13,P13:Q13,D30:F30,H30,J30:M30) -> 378.7519 | H6: =AVERAGE(D13:P13,Q13) -> 138.39585 | J6: =AVERAGE(D30:H30) -> 754 | L6: =AVERAGE(J30:M30) -> 881.25 | N6: =[1]晉欣4度C0306!$Z$2 -> 0 | O6: =[1]晉欣4度C0306!$AA$2 -> 0 | P6: =[1]晉欣4度C0306!$AD$2 -> 2 | Q6: =[1]晉欣4度C0306!$AE$2 -> 1
D7: 實績平均 | F7: =AVERAGE(D14:O14,P14:Q14,D31:F31,J31:M31,H31) -> 352.16773 | H7: =AVERAGE(D14:P14,Q14) -> 123.48303 | J7: =AVERAGE(D31:H31) -> 768.29515 | L7: =AVERAGE(J31:M31) -> 764.55794
D8: 達成率平均 | F8: =AVERAGE(D15:O15,P15:Q15,D32:F32,H32,J32:K32,L32) -> 0.90301561 | H8: =AVERAGE(D15:O15,P15:Q15) -> 0.8870676 | J8: =AVERAGE(D32:H32) -> 1.0012025 | L8: =AVERAGE(J32:M32) -> 0.866952
B10: 溫層 | D10: ➁4度C-各編組展開
B11: 編組 | D11: 1 | E11: 2 | F11: 3 | G11: 4 | H11: 5 | I11: 6 | J11: 7 | K11: 8 | L11: 9 | M11: 10 | N11: 11 | O11: 12 | P11: 13 | Q11: 14
D12: 4度一組 | E12: 4度二組A | F12: 4度二組B | G12: 4度二組C1 | H12: 4度一組B | I12: 4度三組 | J12: 4度四組 | K12: 4度五組 | L12: 綜合一組 | M12: 綜合二組 | N12: 綜合三組 | O12: 綜合四組 | P12: 便當組 | Q12: 壽司線
B13: 人時性 | C13: 排關 | D13: 130.53281 | E13: 100.21471 | F13: 137.43718 | G13: 368.5 | H13: 228.57143 | I13: 90.197749 | J13: 76.991639 | K13: 117.24074 | L13: 85.918311 | M13: 81.34291 | N13: 83.75586 | O13: 86.01864 | P13: 200.81986 | Q13: 150
C14: 實績 | D14: 122.12675 | E14: 90.014768 | F14: 122.13825 | G14: 316.76788 | H14: 209.77072 | I14: 77.253919 | J14: 63.824363 | K14: 102.88643 | L14: 71.866441 | M14: 71.730136 | N14: 76.284866 | O14: 71.516458 | P14: 190.65457 | Q14: 141.92682
C15: 達成率 | D15: =D14/D13 -> 0.93560191 | E15: =E14/E13 -> 0.89821915 | F15: =F14/F13 -> 0.88868423 | G15: =G14/G13 -> 0.85961434 | H15: =H14/H13 -> 0.91774691 | I15: =I14/I13 -> 0.85649497 | J15: =J14/J13 -> 0.82897785 | K15: =K14/K13 -> 0.87756551 | ... Q15: =Q14/Q13 -> 0.94617878
B16: 作業 時間 | C16: 開始 | D16: 0.29166667 | E16: 0.16666667 | F16: 0.16666667 | G16: 0.16666667 | H16: 0.16666667 | I16: 0.29166667 | J16: 0.33333333 | K16: 0.33333333 | L16: 0.5 | M16: 0.5 | N16: 0.70833333 | O16: 0.70833333 | P16: 0.16666667 | Q16: 0.17361111
C17: 結束 | D17: 0.73055556 | E17: 0.42777778 | F17: 0.51527778 | G17: 0.62083333 | H17: 0.60416667 | I17: 0.72777778 | J17: 0.78819444 | K17: 0.76597222 | L17: 0.83125 | M17: 0.91180556 | N17: 0.9625 | O17: 0.84236111 | P17: 0.55069444 | Q17: 0.57638889
B18: 產線異常 (5分鐘以上)
B20: 短暫停線 (5分鐘以下) | O20: 1 | P20: 1
P21: 1
B22: 配置人數 | D22: 19.333333 | E22: 17 | F22: 15.714286 | G22: 5.75 | H22: 7 | I22: 16.714286 | J22: 19.142857 | K22: 15.166667 | L22: 17.666667 | M22: 19.125 | N22: 17.833333 | O22: 17.6 | P22: 11.8 | Q22: 11.3
B23: 主要應用設備 | D23: ET-600 | E23: ET-600 | F23: ET-600 | G23: 八爪機 | H23: 十爪機 | I23: ET-55 | J23: ET-55 | K23: ET-55 | L23: ET-55 | M23: ET-55 | N23: ET-55 | O23: ET-55 | P23: 伺服包裝機 | Q23: 伺服包裝機
B24: 次要應用設備
B25: 備註 | E25: 熱麵固定線 | G25: 烤飯糰 | H25: 烤飯糰 | K25: 吸收產線 | P25: 大口固定線
B27: 溫層 | D27: ➂18度C 一配-各編組展開 | I27: ➃18度C 二配-各編組展開
B28: 編組 | D28: 1 | E28: 2 | F28: 3 | G28: 4 | H28: 5 | I28: 1 | J28: 2 | K28: 3 | L28: 4 | M28: 5
D29: 連續式 海苔機 | E29: 3300型 飯糰機A | F29: 3300型 飯糰機B | G29: 3600型 飯糰機A | H29: 3600型 飯糰機B | I29: 夾心型 飯糰機 | J29: 3300型 飯糰機A | K29: 3300型 飯糰機B | L29: 3600型 飯糰機A | M29: 3600型 飯糰機B
B30: 人時性 | C30: 排關 | D30: 320 | E30: 825 | F30: 825 | G30: 900 | H30: 900 | I30: 680 | J30: 825 | K30: 900 | L30: 900 | M30: 900
C31: 實績 | D31: 282.86538 | E31: 713.54439 | F31: 950.11905 | G31: 880.7798 | H31: 1014.1671 | I31: 0 | J31: 690.75 | K31: 609.79031 | L31: 901.97594 | M31: 855.7155
C32: 達成率 | D32: =D31/D30 -> 0.88395433 | E32: =E31/E30 -> 0.8649023 | F32: =F31/F30 -> 1.1516595 | G32: =G31/G30 -> 0.97864422 | H32: =H31/H30 -> 1.1268524 | I32: =I31/I30 -> 0 | J32: =J31/J30 -> 0.83727273 | K32: =K31/K30 -> 0.67754479 | ... M32: =M31/M30 -> 0.950795
B33: 作業 時間 | C33: 開始 | D33: 0.17361111 | E33: 0.18055556 | F33: 0.17361111 | G33: 3208.8 | H33: 0.17361111 | I33: 0 | J33: 0.72222222 | K33: 0.72222222 | L33: 0.72222222 | M33: 0.72222222
C34: 結束 | D34: 0.21666667 | E34: 0.33263889 | F34: 0.22777778 | G34: 1083.5556 | H34: 0.39444444 | I34: 0 | J34: 0.82986111 | K34: 0.84375 | L34: 46088.066 | M34: 0.90625
B35: 配置人數 | D35: 5.5 | E35: 4 | F35: 3 | G35: 3.75 | H35: 3.2 | I35: 0 | J35: 3.6666667 | K35: 3.6666667 | L35: 3.4 | M35: 3.5
B36: 主要應用設備 | D36: 連續式 海苔機 | E36: 3300型 | F36: 3300型 | G36: 3600型 | H36: 3600型 | I36: 夾心型 | J36: 3300型 | K36: 3300型 | L36: 3600型 | M36: 3600型
B37: 次要應用設備
B38: 備註

Sheet 晉欣18度C0306
A1: 晉欣廠18度C日報分析 | D1: 總生產量 | E1: =SUM(G5:G124) -> 73013 | F1: 營業額 | G1: =SUM(H5:H124) -> 1388792.3 | H1: 出勤人數 | I1: =+J16+J64+J24+J38+J51+J81+J100+J91+J57+J124+J111 -> 41.783333 | J1: 生產實績 | M1: 日報登錄
A2: 03月06日 星期五 | D2: 人時性 | E2: =AVERAGE(L16,L24,L38,L51,L100,L111,L91) -> 612.99599 | F2: 平均廠價 | G2: =G1/E1 -> 19.021165 | H2: 多次生產數 | I2: =COUNT(I5:I124) -> 0
A3: 線別 | B3: 品類 | D3: 品名 | F3: 廠價 | G3: 生產量 | H3: 營收 | I3: 多次 生產 | J3: 人數 | K3: 產能/時 | L3: 人時性 | M3: 生產時間 | O3: 換線/分 | P3: 稼動時間/分 | Q3: 休息時間
M4: 開始 | N4: 結束 | Q4: 開始 | R4: 結束
A5: 壽司線 | B5: 飯糰 | D5: 麻油雞飯糰 | F5: 29.965493 | G5: 1600 | H5: =F5*G5 -> 47944.79 | J5: 13 | K5: =G5/P5*60 -> 1200 | L5: =K5/J5 -> 92.307692 | M5: 0.17361111 | N5: 0.22916667 | O5: 10 | P5: =(N5-M5)*24*60 -> 80
B6: 0 | D6: 雙饗雙手卷(捲) | F6: 0 | G6: 1072 | H6: =F6*G6 -> 0 | J6: 9 | K6: =G6/P6*60 -> 1608 | L6: =K6/J6 -> 178.66667 | M6: 0.23611111 | N6: 0.26388889 | O6: 5 | P6: =(N6-M6)*24*60 -> 40
B7: 0 | D7: 海饌雙手卷(捲) | F7: 0 | G7: 1099 | H7: =F7*G7 -> 0 | J7: 9 | K7: =G7/P7*60 -> 1648.5 | L7: =K7/J7 -> 183.16667 | M7: 0.26736111 | N7: 0.29513889 | O7: 5 | P7: =(N7-M7)*24*60 -> 40
B8: 壽司手卷 | D8: 雙倍德腸飯卷 | F8: 36.45 | G8: 1493 | H8: =F8*G8 -> 54419.85 | J8: 13 | K8: =G8/P8*60 -> 1493 | L8: =K8/J8 -> 114.84615 | M8: 0.29861111 | N8: 0.34027778 | O8: 5 | P8: =(N8-M8)*24*60 -> 60
B9: 壽司手卷 | D9: 明太子泡菜牛飯卷 | F9: 27.05 | G9: 386 | H9: =F9*G9 -> 10441.3 | J9: 13 | K9: =G9/P9*60 -> 1544 | L9: =K9/J9 -> 118.76923 | M9: 0.34375 | N9: 0.35416667 | O9: 5 | P9: =(N9-M9)*24*60 -> 15 | Q9: 0.35416667 | R9: 0.39583333
B10: 壽司手卷 | D10: 日式鮪魚美乃滋脆卷 | F10: 17.87 | G10: 1921 | H10: =F10*G10 -> 34328.27 | J10: 12 | K10: =G10/P10*60 -> 1213.2632 | L10: =K10/J10 -> 101.10526 | M10: 0.39583333 | N10: 0.46180556 | O10: 5 | P10: =(N10-M10)*24*60 -> 95
B11: 壽司手卷 | D11: 長野稻荷壽司 | F11: 25.64 | G11: 561 | H11: =F11*G11 -> 14384.04 | J11: 10 | K11: =G11/P11*60 -> 1683 | L11: =K11/J11 -> 168.3 | M11: 0.46527778 | N11: 0.47916667 | O11: 5 | P11: =(N11-M11)*24*60 -> 20
B12: 壽司手卷 | D12: 雙饗雙手卷 | F12: 29.52 | G12: 1072 | H12: =F12*G12 -> 31645.44 | J12: 12 | K12: =G12/P12*60 -> 1837.7143 | L12: =K12/J12 -> 153.14286 | M12: 0.48263889 | N12: 0.50694444 | O12: 5 | P12: =(N12-M12)*24*60 -> 35
B13: 壽司手卷 | D13: 海饌雙手卷 | F13: 29.857 | G13: 1099 | H13: =F13*G13 -> 32812.843 | J13: 12 | K13: =G13/P13*60 -> 1884 | L13: =K13/J13 -> 157 | M13: 0.51041667 | N13: 0.53472222 | O13: 5 | P13: =(N13-M13)*24*60 -> 35
B14: 飯糰 | D14: 兩粒飯糰(鮪魚.焦糖鮭魚) | F14: 28.57 | G14: 1393 | H14: =F14*G14 -> 39798.01 | J14: 10 | K14: =G14/P14*60 -> 1519.6364 | L14: =K14/J14 -> 151.96364 | M14: 0.53819444 | N14: 0.57638889 | O14: 5 | P14: =(N14-M14)*24*60 -> 55
B15: 0 | F15: 0 | H15: =F15*G15 -> 0
B16: 0 | C16: 壽司線 | D16: 平均 | J16: =AVERAGE(J5:J15) -> 11.3 | K16: =AVERAGE(K5:K15) -> 1563.1114 | L16: =AVERAGE(L5:L15) -> 141.92682
A17: 捲壽司機 | B17: 壽司手卷 | D17: 雙鬆細卷 | F17: 14.03 | G17: 420 | H17: =F17*G17 -> 5892.6 | J17: 6 | K17: =G17/P17*60 -> 1575 | L17: =K17/J17 -> 262.5 | M17: 0.17361111 | N17: 0.18472222 | O17: 10 | P17: =(N17-M17)*24*60 -> 16
B18: 飯糰 | D18: 經典鮪魚沙拉細卷 | F18: 14.49 | G18: 657 | H18: =F18*G18 -> 9519.93 | J18: 5 | K18: =G18/P18*60 -> 1516.1538 | L18: =K18/J18 -> 303.23077 | M18: 0.19861111 | N18: 0.21666667 | O18: 20 | P18: =(N18-M18)*24*60 -> 26
B19: 0 | F19: 0 | H19: =F19*G19 -> 0
B20: 0 | F20: 0 | H20: =F20*G20 -> 0
B21: 0 | F21: 0 | H21: =F21*G21 -> 0
B22: 0 | F22: 0 | H22: =F22*G22 -> 0
B23: 0 | F23: 0 | H23: =F23*G23 -> 0
B24: 0 | C24: 連續式 海苔機 | D24: 平均 | J24: =AVERAGE(J17:J23) -> 5.5 | K24: =AVERAGE(K17:K23) -> 1545.5769 | L24: =AVERAGE(L17:L23) -> 282.86538
A25: 3300型 飯糰機A | B25: 飯糰 | D25: 壹號醬炙烤牛飯糰 | F25: 22.281818 | G25: 516 | H25: =F25*G25 -> 11497.418 | J25: 4 | K25: =G25/P25*60 -> 2814.5455 | L25: =K25/J25 -> 703.63636 | M25: 0.18055556 | N25: 0.18819444 | O25: 20 | P25: =(N25-M25)*24*60 -> 11
B26: 飯糰 | D26: 碳烤燒肉飯飯糰(區) | F26: 18.18 | G26: 2505 | H26: =F26*G26 -> 45540.9 | J26: 4 | K26: =G26/P26*60 -> 2835.8491 | L26: =K26/J26 -> 708.96226 | M26: 0.20208333 | N26: 0.23888889 | O26: 20 | P26: =(N26-M26)*24*60 -> 53
B27: 飯糰 | D27: 紅運烏魚子紹興飯糰 | F27: 27.27 | G27: 933 | H27: =F27*G27 -> 25442.91 | J27: 4 | K27: =G27/P27*60 -> 2946.3158 | L27: =K27/J27 -> 736.57895 | M27: 0.25277778 | N27: 0.26597222 | O27: 20 | P27: =(N27-M27)*24*60 -> 19
B28: 飯糰 | D28: 煙燻培根飯糰(區) | F28: 15.03 | G28: 3572 | H28: =F28*G28 -> 53687.16 | J28: 4 | K28: =G28/P28*60 -> 2820 | L28: =K28/J28 -> 705 | M28: 0.27986111 | N28: 0.33263889 | O28: 20 | P28: =(N28-M28)*24*60 -> 76
B29: 0 | F29: 0 | H29: =F29*G29 -> 0
B30: 0 | F30: 0 | H30: =F30*G30 -> 0
B31: 0 | F31: 0 | H31: =F31*G31 -> 0
B32: 0 | F32: 0 | H32: =F32*G32 -> 0
B33: 0 | F33: 0 | H33: =F33*G33 -> 0
B34: 0 | F34: 0 | H34: =F34*G34 -> 0
B35: 0 | F35: 0 | H35: =F35*G35 -> 0
B36: 0 | F36: 0 | H36: =F36*G36 -> 0
B37: 0 | F37: 0 | H37: =F37*G37 -> 0
B38: 0 | C38: 3300型 飯糰機A | D38: 平均 | J38: =AVERAGE(J25:J37) -> 4 | K38: =AVERAGE(K25:K37) -> 2854.1776 | L38: =AVERAGE(L25:L37) -> 713.54439
A39: 3300型B 飯糰機 | B39: 飯糰 | D39: 照燒雞肉飯糰 | F39: 21.45 | G39: 772 | H39: =F39*G39 -> 16559.4 | J39: 3 | K39: =G39/P39*60 -> 2895 | L39: =K39/J39 -> 965 | M39: 0.17361111 | N39: 0.18472222 | O39: 10 | P39: =(N39-M39)*24*60 -> 16
B40: 飯糰 | D40: 鮭魚奶油醬油飯糰 | F40: 18.53 | G40: 1964 | H40: =F40*G40 -> 36392.92 | J40: 3 | K40: =G40/P40*60 -> 2805.7143 | L40: =K40/J40 -> 935.2381 | M40: 0.19861111 | N40: 0.22777778 | O40: 20 | P40: =(N40-M40)*24*60 -> 42
B41: 0 | F41: 0 | H41: =F41*G41 -> 0
B42: 0 | F42: 0 | H42: =F42*G42 -> 0
B43: 0 | F43: 0 | H43: =F43*G43 -> 0
B44: 0 | F44: 0 | H44: =F44*G44 -> 0
B45: 0 | F45: 0 | H45: =F45*G45 -> 0
B46: 0 | F46: 0 | H46: =F46*G46 -> 0
B47: 0 | F47: 0 | H47: =F47*G47 -> 0
B48: 0 | F48: 0
B49: 0 | F49: 0 | H49: =F49*G49 -> 0
B50: 0 | F50: 0 | H50: =F50*G50 -> 0
B51: 0 | C51: 3300型 飯糰機B | D51: 平均 | J51: =AVERAGE(J39:J50) -> 3 | K51: =AVERAGE(K39:K50) -> 2850.3571 | L51: =AVERAGE(L39:L50) -> 950.11905
A52: 3600型(A) 飯糰機 | B52: 飯糰 | D52: 熟成紅鮭飯糰 | F52: 25.03 | G52: 595 | H52: =F52*G52 -> 14892.85 | J52: 4 | K52: =G52/P52*60 -> 3245.4545 | L52: =K52/J52 -> 811.36364 | M52: 0.18055556 | N52: 0.18819444 | O52: 20 | P52: =(N52-M52)*24*60 -> 11
B53: 飯糰 | D53: 北海道秋鮭親子飯糰 | F53: 24.82 | G53: 826 | H53: =F53*G53 -> 20501.32 | J53: 4 | K53: =G53/P53*60 -> 3304 | L53: =K53/J53 -> 826 | M53: 0.20208333 | N53: 0.2125 | O53: 20 | P53: =(N53-M53)*24*60 -> 15
B54: 飯糰 | D54: 贅沢鮭魚肚飯糰 | F54: 30 | G54: 1337 | H54: =F54*G54 -> 40110 | J54: 4 | K54: =G54/P54*60 -> 3208.8 | L54: =K54/J54 -> 802.2 | M54: 0.22638889 | N54: 0.24375 | O54: 20 | P54: =(N54-M54)*24*60 -> 25
B55: 飯糰 | D55: 經典肉鬆飯糰 | F55: 14.03 | G55: 2438 | H55: =F55*G55 -> 34205.14 | J55: 3 | K55: =G55/P55*60 -> 3250.6667 | L55: =K55/J55 -> 1083.5556 | M55: 0.25763889 | N55: 0.28888889 | O55: 20 | P55: =(N55-M55)*24*60 -> 45
B56: 0 | F56: 0 | H56: =F56*G56 -> 0
B57: 0 | C57: 夾心型 飯糰機 | F57: 0 | H57: =F57*G57 -> 0
B58: 0 | F58: 0 | H58: =F58*G58 -> 0
B59: 0 | F59: 0 | H59: =F59*G59 -> 0
B60: 0 | F60: 0 | H60: =F60*G60 -> 0
B61: 0 | F61: 0 | H61: =F61*G61 -> 0
B62: 0 | F62: 0 | H62: =F62*G62 -> 0
B63: 0 | F63: 0 | H63: =F63*G63 -> 0
B64: 0 | C64: 3600型 飯糰機A | D64: 平均 | J64: =AVERAGE(J52:J63) -> 3.75 | K64: =AVERAGE(K52:K63) -> 3252.2303 | L64: =AVERAGE(L52:L63) -> 880.7798
A65: 3600型(B) 飯糰機 | B65: 飯糰 | D65: 蔬食鮪魚飯糰 | F65: 18.18 | G65: 717 | H65: =F65*G65 -> 13035.06 | J65: 3 | K65: =G65/P65*60 -> 3309.2308 | L65: =K65/J65 -> 1103.0769 | M65: 0.17361111 | N65: 0.18263889 | O65: 10 | P65: =(N65-M65)*24*60 -> 13
B66: 飯糰 | D66: 雞肉飯飯糰 | F66: 16.66 | G66: 2351 | H66: =F66*G66 -> 39167.66 | J66: 4 | K66: =G66/P66*60 -> 3001.2766 | L66: =K66/J66 -> 750.31915 | M66: 0.19652778 | N66: 0.22916667 | O66: 20 | P66: =(N66-M66)*24*60 -> 47
B67: 飯糰 | D67: 鹽蔥燒肉飯糰 | F67: 17.890909 | G67: 1483 | H67: =F67*G67 -> 26532.218 | J67: 3 | K67: =G67/P67*60 -> 3177.8571 | L67: =K67/J67 -> 1059.2857 | M67: 0.24305556 | N67: 0.2625 | O67: 20 | P67: =(N67-M67)*24*60 -> 28
B68: 飯糰 | D68: 明太子龍蝦風味沙拉飯糰 | F68: 18.18 | G68: 1335 | H68: =F68*G68 -> 24270.3 | J68: 3 | K68: =G68/P68*60 -> 3204 | L68: =K68/J68 -> 1068 | M68: 0.27638889 | N68: 0.29375 | O68: 20 | P68: =(N68-M68)*24*60 -> 25 | Q68: 0.29375 | R68: 0.33541667
B69: 飯糰 | D69: 鮪魚飯糰 | F69: 14.285714 | G69: 3543 | H69: =F69*G69 -> 50614.286 | J69: 3 | K69: =G69/P69*60 -> 3270.4615 | L69: =K69/J69 -> 1090.1538 | M69: 0.34930556 | N69: 0.39444444 | O69: 20 | P69: =(N69-M69)*24*60 -> 65
B70: 0 | C70: 夾心型 飯糰機 | F70: 0 | H70: =F70*G70 -> 0
B71: 0 | F71: 0 | H71: =F71*G71 -> 0
B72: 0 | F72: 0 | H72: =F72*G72 -> 0
B73: 0 | F73: 0 | H73: =F73*G73 -> 0
B74: 0 | F74: 0 | H74: =F74*G74 -> 0
B75: 0 | C75: 3600型 飯糰機B | D75: 平均 | J75: =AVERAGE(J65:J74) -> 3.2 | K75: =AVERAGE(K65:K74) -> 3192.5652 | L75: =AVERAGE(L65:L74) -> 1014.1671
A76: 二配 夾心型 飯糰機 | B76: 0 | F76: 0 | H76: =F76*G76 -> 0 | J76: 0 | K76: 0 | L76: 0
B77: 0 | F77: 0 | H77: =F77*G77 -> 0
B78: 0 | F78: 0 | H78: =F78*G78 -> 0
B79: 0 | F79: 0 | H79: =F79*G79 -> 0
B80: 0 | F80: 0 | H80: =F80*G80 -> 0
B81: 0 | C81: 夾心型 飯糰機 | D81: 平均 | J81: =AVERAGE(J76:J80) -> 0 | K81: =AVERAGE(K76:K80) -> 0 | L81: =AVERAGE(L76:L80) -> 0
A82: 二配 3300型A 飯糰機 | B82: 飯糰 | D82: 二配油蔥G絲飯糰 | F82: 18.18 | G82: 359 | H82: =F82*G82 -> 6526.62 | J82: 4 | K82: =G82/P82*60 -> 2154 | L82: =K82/J82 -> 538.5 | M82: 0.72222222 | N82: 0.72916667 | O82: 20 | P82: =(N82-M82)*24*60 -> 10
B83: 飯糰 | D83: 二配三杯醬爆菇菇飯糰 | F83: 16.7 | G83: 1035 | H83: =F83*G83 -> 17284.5 | J83: 3 | K83: =G83/P83*60 -> 2484 | L83: =K83/J83 -> 828 | M83: 0.74305556 | N83: 0.76041667 | O83: 20 | P83: =(N83-M83)*24*60 -> 25 | Q83: 0.76041667 | R83: 0.80208333
B84: 飯糰 | D84: 二配壹號醬炙烤牛飯糰 | F84: 22.281818 | G84: 941 | H84: =F84*G84 -> 20967.191 | J84: 4 | K84: =G84/P84*60 -> 2823 | L84: =K84/J84 -> 705.75 | M84: 0.81597222 | N84: 0.82986111 | O84: 20 | P84: =(N84-M84)*24*60 -> 20
B85: 0 | F85: 0 | H85: =F85*G85 -> 0
B86: 0 | F86: 0 | H86: =F86*G86 -> 0
F87: 0 | H87: =F87*G87 -> 0
B88: 0 | F88: 0 | H88: =F88*G88 -> 0
B89: 0 | F89: 0 | H89: =F89*G89 -> 0
B90: 0 | F90: 0 | H90: =F90*G90 -> 0
B91: 0 | C91: 3300型 飯糰機A | D91: 平均 | J91: =AVERAGE(J82:J90) -> 3.6666667 | K91: =AVERAGE(K82:K90) -> 2487 | L91: =AVERAGE(L82:L90) -> 690.75
A92: 二配 3300型B 飯糰機 | B92: 飯糰 | D92: 二配大飯糰韓式蒜烤豬五花 | F92: 24.54 | G92: 1592 | H92: =F92*G92 -> 39067.68 | J92: 3 | K92: =G92/P92*60 -> 2122.6667 | L92: =K92/J92 -> 707.55556 | M92: 0.72222222 | N92: 0.75347222 | O92: 20 | P92: =(N92-M92)*24*60 -> 45
B93: 飯糰 | D93: 二配大飯糰滷肉飯加蛋 | F93: 22.48 | G93: 917 | H93: =F93*G93 -> 20614.16 | J93: 4 | K93: =G93/P93*60 -> 2200.8 | L93: =K93/J93 -> 550.2 | M93: 0.76736111 | N93: 0.78472222 | O93: 20 | P93: =(N93-M93)*24*60 -> 25
B94: 飯糰 | D94: 二配大飯糰鮪魚昆布 | F94: 22.21 | G94: 2477 | H94: =F94*G94 -> 55014.17 | J94: 4 | K94: =G94/P94*60 -> 2286.4615 | L94: =K94/J94 -> 571.61538 | M94: 0.79861111 | N94: 0.84375 | O94: 20 | P94: =(N94-M94)*24*60 -> 65
B95: 0 | F95: 0 | H95: =F95*G95 -> 0
B96: 0 | F96: 0 | H96: =F96*G96 -> 0
B97: 0 | F97: 0 | H97: =F97*G97 -> 0
B98: 0
B99: 0 | F99: 0 | H99: =F99*G99 -> 0
B100: 0 | C100: 3300型 飯糰機B | D100: 平均 | J100: =AVERAGE(J92:J99) -> 3.6666667 | K100: =AVERAGE(K92:K99) -> 2203.3094 | L100: =AVERAGE(L92:L99) -> 609.79031
...

Sheet 晉欣4度C0306
A1: 晉欣廠四度C日報分析 | D1: 總生產量 | E1: =SUM(G5:G173) -> 123285 | F1: 營業額 | G1: =SUM(H5:H173) -> 4861650.2 | H1: 出勤人數 | I1: =M17+M30+M43+M56+M69+M82+M95+M108+M121+M134+M147+M160+M173 -> 199.84643 | J1: 產線配置圖 | M1: 生產實績 | P1: 人時性差異分析 | T1: 日報登錄 | Z1: 合計 次數 | AA1: 合計 時間/分 | AB1: 產線異常分析 說明(5分鐘以上) | AD1: 合計 次數 | AE1: 合計 設備次數 | AF1: 產能差異分析
A2: 03月06日 星期五 | D2: 人時性 | E2: =AVERAGE(O17,O30,O43,O56,O69,O82,O95,O108,O121,O134,O147,O160,O173) -> 122.06427 | F2: 平均廠價 | G2: =G1/E1 -> 39.434239 | H2: 多次生產數 | I2: =COUNT(I5:I173) -> 4 | Z2: =Z17+Z30+Z43+Z56+Z69+Z82+Z95+Z108+Z121+Z134+Z147+Z160+Z173 -> 0 | AA2: =AA17+AA30+AA43+AA56+AA69+AA82+AA95+AA108+AA121+AA134+AA147+AA160+AA173 -> 0 | AD2: =AD17+AD30+AD43+AD56+AD69+AD82+AD95+AD108+AD121+AD134+AD147+AD160+AD173 -> 2 | AE2: =AE17+AE30+AE43+AE56+AE69+AE82+AE95+AE108+AE121+AE134+AE147+AE160+AE173 -> 1
A3: 線別 | B3: 品類 | D3: 品名 | F3: 廠價 | G3: 生產量 | H3: 營收 | I3: 多次 生產 | J3: 人數 | K3: 產能/時 | L3: 人時性 | M3: 人數 | N3: 產能/時 | O3: 人時性 | P3: 人數 | Q3: 人時性 | R3: 達成率 | S3: 達成率平均 | T3: 生產時間 | V3: 前置、換線時間/分 | W3: 稼動時間/分 | X3: 休息時間 | Z3: 產線異常統計 (5分鐘以上) | AB3: 分析說明 | AD3: 短暫停線統計 (5分鐘以下) | AF3: 產能/時 | AG3: 達成率 | AH3: 達成率平均
T4: 開始 | U4: 結束 | X4: 開始 | Y4: 結束 | Z4: 次數 | AA4: 時間/分 | AD4: 總次數 | AE4: 設備因素(次數)
A5: 四度一組 (ET-600) | B5: 季節調理麵 | D5: 椒麻香蔥雞涼拌麵 | F5: 37.94 | G5: 1593.15 | H5: =F5*G5 -> 60444.111 | J5: 20 | K5: 2400 | L5: 120 | M5: 20 | N5: =G5/W5*60 -> 2223 | O5: =N5/M5 -> 111.15 | P5: =M5-J5 -> 0 | Q5: =O5-L5 -> -8.85 | R5: =O5/L5 -> 0.92625 | S5: =R17 -> 0.93560191 | T5: 0.29166667 | U5: 0.32152778 | V5: 5 | W5: =(U5-T5)*24*60 -> 43 | AF5: =N5-K5 -> -177 | AG5: =N5/K5 -> 0.92625 | AH5: =AG17 -> 0.97224464
B6: 季節調理麵 | D6: 台式麻醬涼麵 | F6: 31.266132 | G6: 1059.5 | H6: =F6*G6 -> 33126.467 | J6: 18 | K6: 2600 | L6: 144.44444 | M6: 19 | N6: =G6/W6*60 -> 2542.8 | O6: =N6/M6 -> 133.83158 | P6: =M6-J6 -> 1 | Q6: =O6-L6 -> -10.612865 | R6: =O6/L6 -> 0.92652632 | T6: 0.32638889 | U6: 0.34375 | V6: 7 | W6: =(U6-T6)*24*60 -> 25 | AF6: =N6-K6 -> -57.2 | AG6: =N6/K6 -> 0.978
B7: 季節調理麵 | D7: 大滿足香辣涼麵 | F7: 38.630952 | G7: 1784.9 | H7: =F7*G7 -> 68952.387 | J7: 18 | K7: 2600 | L7: 144.44444 | M7: 19 | N7: =G7/W7*60 -> 2612.0488 | O7: =N7/M7 -> 137.47625 | P7: =M7-J7 -> 1 | Q7: =O7-L7 -> -6.9681928 | R7: =O7/L7 -> 0.95175866 | T7: 0.35972222 | U7: 0.38819444 | V7: 23 | W7: =(U7-T7)*24*60 -> 41 | X7: 0.34722222 | Y7: 0.35694444 | AF7: =N7-K7 -> 12.04878 | AG7: =N7/K7 -> 1.0046341
B8: 季節調理麵 | D8: 大滿足麻醬涼麵 | F8: 38 | G8: 3010 | H8: =F8*G8 -> 114380 | J8: 19 | K8: 2600 | L8: 136.84211 | M8: 20 | N8: =G8/W8*60 -> 2655.8824 | O8: =N8/M8 -> 132.79412 | P8: =M8-J8 -> 1 | Q8: =O8-L8 -> -4.0479876 | R8: =O8/L8 -> 0.97041855 | T8: 0.39166667 | U8: 0.43888889 | V8: 5 | W8: =(U8-T8)*24*60 -> 68 | AF8: =N8-K8 -> 55.882353 | AG8: =N8/K8 -> 1.0214932
B9: 季節調理麵 | D9: 大滿足麻醬涼麵 | F9: 38 | G9: 1290 | H9: =F9*G9 -> 49020 | J9: 19 | K9: 2600 | L9: 136.84211 | M9: 20 | N9: =G9/W9*60 -> 2580 | O9: =N9/M9 -> 129 | P9: =M9-J9 -> 1 | Q9: =O9-L9 -> -7.8421053 | R9: =O9/L9 -> 0.94269231 | T9: 0.47986111 | U9: 0.50069444 | V9: 6 | W9: =(U9-T9)*24*60 -> 30 | AF9: =N9-K9 -> -20 | AG9: =N9/K9 -> 0.99230769
B10: 季節調理麵 | D10: 大滿足香辣涼麵 | F10: 38.630952 | G10: 961.1 | H10: =F10*G10 -> 37128.208 | J10: 18 | K10: 2600 | L10: 144.44444 | M10: 19 | N10: =G10/W10*60 -> 2621.1818 | O10: =N10/M10 -> 137.95694 | P10: =M10-J10 -> 1 | Q10: =O10-L10 -> -6.4875066 | R10: =O10/L10 -> 0.95508649 | T10: 0.50555556 | U10: 0.52083333 | V10: 7 | W10: =(U10-T10)*24*60 -> 22 | AF10: =N10-K10 -> 21.181818 | AG10: =N10/K10 -> 1.0081469
B11: 季節調理麵 | D11: 台式麻醬涼麵 | F11: 31.266132 | G11: 570.5 | H11: =F11*G11 -> 17837.328 | J11: 18 | K11: 2600 | L11: 144.44444 | M11: 19 | N11: =G11/W11*60 -> 2445 | O11: =N11/M11 -> 128.68421 | P11: =M11-J11 -> 1 | Q11: =O11-L11 -> -15.760234 | R11: =O11/L11 -> 0.89089069 | T11: 0.525 | U11: 0.53472222 | V11: 6 | W11: =(U11-T11)*24*60 -> 14 | AF11: =N11-K11 -> -155 | AG11: =N11/K11 -> 0.94038462
B12: 季節調理麵 | D12: 椒麻香蔥雞涼拌麵 | F12: 37.94 | G12: 857.85 | H12: =F12*G12 -> 32546.829 | J12: 20 | K12: 2400 | L12: 120 | M12: 20 | N12: =G12/W12*60 -> 2237.8696 | O12: =N12/M12 -> 111.89348 | P12: =M12-J12 -> 0 | Q12: =O12-L12 -> -8.1065217 | R12: =O12/L12 -> 0.93244565 | T12: 0.55 | U12: 0.56597222 | V12: 22 | W12: =(U12-T12)*24*60 -> 23 | X12: 0.53819444 | Y12: 0.54722222 | AF12: =N12-K12 -> -162.13043 | AG12: =N12/K12 -> 0.93244565
B13: 微波主食 | D13: 二配濃起司燻腸紅醬焗烤飯 | F13: 50.67 | G13: 733 | H13: =F13*G13 -> 37141.11 | J13: 18 | K13: 1500 | L13: 83.333333 | M13: 18 | N13: =G13/W13*60 -> 1374.375 | O13: =N13/M13 -> 76.354167 | P13: =M13-J13 -> 0 | Q13: =O13-L13 -> -6.9791667 | R13: =O13/L13 -> 0.91625 | T13: 0.70833333 | U13: 0.73055556 | V13: 5 | W13: =(U13-T13)*24*60 -> 32 | AF13: =N13-K13 -> -125.625 | AG13: =N13/K13 -> 0.91625
B14: 0 | F14: 0 | H14: =F14*G14 -> 0
B15: 0 | F15: 0 | H15: =F15*G15 -> 0 | W15: =(U15-T15)*24*60 -> 0
B16: 0 | F16: 0 | H16: =F16*G16 -> 0 | W16: =(U16-T16)*24*60 -> 0
B17: 0 | C17: 4度一組 | D17: 平均 | J17: 18.666667 | K17: 2433.3333 | L17: 130.53281 | M17: =AVERAGE(M5:M16) -> 19.333333 | N17: =AVERAGE(N5:N16) -> 2365.7953 | O17: =AVERAGE(O5:O16) -> 122.12675 | P17: =M17-J17 -> 0.66666667 | Q17: =O17-L17 -> -8.4060645 | R17: =O17/L17 -> 0.93560191 | W17: =(U17-T17)*24*60 -> 0 | Z17: =SUM(Z5:Z16) -> 0 | AA17: =SUM(AA5:AA16) -> 0 | AD17: =SUM(AD5:AD16) -> 0 | AE17: =SUM(AE5:AE16) -> 0 | AF17: =N17-K17 -> -67.538054 | AG17: =N17/K17 -> 0.97224464
A18: 四度二組A 熱麵 固定線 (ET-55) | B18: 季節調理麵 | D18: 日式蕎麥沾麵 | F18: 36.86 | G18: 1527 | H18: =F18*G18 -> 56285.22 | J18: 17 | K18: 2250 | L18: 132.35294 | M18: 18 | N18: =G18/W18*60 -> 2181.4286 | O18: =N18/M18 -> 121.19048 | P18: =M18-J18 -> 1 | Q18: =O18-L18 -> -11.162465 | R18: =O18/L18 -> 0.91566138 | S18: =R30 -> 0.89821915 | T18: 0.16666667 | U18: 0.19583333 | V18: 5 | W18: =(U18-T18)*24*60 -> 42 | AF18: =N18-K18 -> -68.571429 | AG18: =N18/K18 -> 0.96952381 | AH18: =AG30 -> 0.92301256
B19: 熱食義麵 | D19: 愛恨椒芝麵 | F19: 38.39 | G19: 1765.4 | H19: =F19*G19 -> 67773.706 | J19: 16 | K19: 1636 | L19: 102.25 | M19: 17 | N19: =G19/W19*60 -> 1451.0137 | O19: =N19/M19 -> 85.353747 | P19: =M19-J19 -> 1 | Q19: =O19-L19 -> -16.896253 | R19: =O19/L19 -> 0.83475547 | T19: 0.2 | U19: 0.25069444 | V19: 6 | W19: =(U19-T19)*24*60 -> 73 | AF19: =N19-K19 -> -184.9863 | AG19: =N19/K19 -> 0.88692769
B20: 小菜微波 | D20: 古早味炒炊粉 | F20: 43.14 | G20: 1539 | H20: =F20*G20 -> 66392.46 | J20: 16 | K20: 1440 | L20: 90 | M20: 16 | N20: =G20/W20*60 -> 1399.0909 | O20: =N20/M20 -> 87.443182 | P20: =M20-J20 -> 0 | Q20: =O20-L20 -> -2.5568182 | R20: =O20/L20 -> 0.97159091 | T20: 0.26666667 | U20: 0.3125 | V20: 23 | W20: =(U20-T20)*24*60 -> 66 | X20: 0.25416667 | Y20: 0.26388889 | AF20: =N20-K20 -> -40.909091 | AG20: =N20/K20 -> 0.97159091
B21: 熱食義麵 | D21: 辣腐乳麻醬拌麵 | F21: 38.1 | G21: 1083.5 | H21: =F21*G21 -> 41281.35 | J21: 17 | K21: 1500 | L21: 88.235294 | M21: 17 | N21: =G21/W21*60 -> 1326.7347 | O21: =N21/M21 -> 78.043217 | P21: =M21-J21 -> 0 | Q21: =O21-L21 -> -10.192077 | R21: =O21/L21 -> 0.8844898 | T21: 0.31805556 | U21: 0.35208333 | V21: 8 | W21: =(U21-T21)*24*60 -> 49 | AF21: =N21-K21 -> -173.26531 | AG21: =N21/K21 -> 0.8844898
B22: 熱食義麵 | D22: 辣腐乳麻醬拌麵 | F22: 38.1 | G22: 1083.5 | H22: =F22*G22 -> 41281.35 | J22: 17 | K22: 1500 | L22: 88.235294 | M22: 17 | N22: =G22/W22*60 -> 1326.7347 | O22: =N22/M22 -> 78.043217 | P22: =M22-J22 -> 0 | Q22: =O22-L22 -> -10.192077 | R22: =O22/L22 -> 0.8844898 | T22: 0.39375 | U22: 0.42777778 | V22: 7 | W22: =(U22-T22)*24*60 -> 49 | AF22: =N22-K22 -> -173.26531 | AG22: =N22/K22 -> 0.8844898
B23: 0 | F23: 0 | H23: =F23*G23 -> 0 | W23: =(U23-T23)*24*60 -> 0 | AF23: =N23-K23 -> 0 | AG23: =N23/K23 -> #DIV/0!
B24: 0 | F24: 0 | H24: =F24*G24 -> 0 | W24: =(U24-T24)*24*60 -> 0 | AF24: =N24-K24 -> 0 | AG24: =N24/K24 -> #DIV/0!
B25: 0 | F25: 0 | H25: =F25*G25 -> 0 | W25: =(U25-T25)*24*60 -> 0 | AF25: =N25-K25 -> 0 | AG25: =N25/K25 -> #DIV/0!
B26: 0 | F26: 0 | H26: =F26*G26 -> 0 | W26: =(U26-T26)*24*60 -> 0 | AF26: =N26-K26 -> 0 | AG26: =N26/K26 -> #DIV/0!
B27: 0 | F27: 0 | H27: =F27*G27 -> 0 | W27: =(U27-T27)*24*60 -> 0 | AF27: =N27-K27 -> 0 | AG27: =N27/K27 -> #DIV/0!
B28: 0 | F28: 0 | H28: =F28*G28 -> 0 | W28: =(U28-T28)*24*60 -> 0 | AF28: =N28-K28 -> 0 | AG28: =N28/K28 -> #DIV/0!
B29: 0 | F29: 0 | H29: =F29*G29 -> 0 | W29: =(U29-T29)*24*60 -> 0 | AF29: =N29-K29 -> 0
B30: 0 | C30: 4度二組A | D30: 平均 | J30: 16.6 | K30: 1665.2 | L30: 100.21471 | M30: =AVERAGE(M18:M29) -> 17 | N30: =AVERAGE(N18:N29) -> 1537.0005 | O30: =AVERAGE(O18:O29) -> 90.014768 | P30: =M30-J30 -> 0.4 | Q30: =O30-L30 -> -10.199938 | R30: =O30/L30 -> 0.89821915 | Z30: =SUM(Z18:Z29) -> 0 | AA30: =SUM(AA18:AA29) -> 0 | AD30: =SUM(AD18:AD29) -> 0 | AE30: =SUM(AE18:AE29) -> 0 | AF30: =N30-K30 -> -128.19949 | AG30: =N30/K30 -> 0.92301256
A31: 四度二組 (ET-55) | B31: 飯糰 | D31: 大口金黃薯牛堡飯糰 | F31: 34.23 | G31: 1690 | H31: =F31*G31 -> 57848.7 | J31: 13 | K31: 2250 | L31: 173.07692 | M31: 13 | N31: =G31/W31*60 -> 2112.5 | O31: =N31/M31 -> 162.5 | P31: =M31-J31 -> 0 | Q31: =O31-L31 -> -10.576923 | R31: =O31/L31 -> 0.93888889 | S31: =R43 -> 0.88868423 | T31: 0.16666667 | U31: 0.2 | V31: 5 | W31: =(U31-T31)*24*60 -> 48 | AF31: =N31-K31 -> -137.5 | AG31: =N31/K31 -> 0.93888889 | AH31: =AG43 -> 0.89451532
B32: 飯糰 | D32: 大口日式塔塔醬蝦排飯糰 | F32: 35.33 | G32: 1808 | H32: =F32*G32 -> 63876.64 | J32: 12 | K32: 2118 | L32: 176.5 | M32: 12 | N32: =G32/W32*60 -> 2086.1538 | O32: =N32/M32 -> 173.84615 | P32: =M32-J32 -> 0 | Q32: =O32-L32 -> -2.6538462 | R32: =O32/L32 -> 0.98496404 | T32: 0.20555556 | U32: 0.24166667 | V32: 8 | W32: =(U32-T32)*24*60 -> 52 | AF32: =N32-K32 -> -31.846154 | AG32: =N32/K32 -> 0.98496404
B33: 飯糰 | D33: 大口義式香草雞腿排飯糰 | F33: 36.41 | G33: 2269.05 | H33: =F33*G33 -> 82616.11 | J33: 10 | K33: 2769 | L33: 276.9 | M33: 10 | N33: =G33/W33*60 -> 2307.5085 | O33: =N33/M33 -> 230.75085 | P33: =M33-J33 -> 0 | Q33: =O33-L33 -> -46.149153 | R33: =O33/L33 -> 0.83333639 | T33: 0.25972222 | U33: 0.30069444 | V33: 22 | W33: =(U33-T33)*24*60 -> 59 | X33: 0.24513889 | Y33: 0.25486111 | AF33: =N33-K33 -> -461.49153 | AG33: =N33/K33 -> 0.83333639
B34: 微波主食 | D34: 壽喜燒牛丼 | F34: 53.27 | G34: 1065 | H34: =F34*G34 -> 56732.55 | J34: 18 | K34: 1500 | L34: 83.333333 | M34: 18 | N34: =G34/W34*60 -> 1331.25 | O34: =N34/M34 -> 73.958333 | P34: =M34-J34 -> 0 | Q34: =O34-L34 -> -9.375 | R34: =O34/L34 -> 0.8875 | T34: 0.30555556 | U34: 0.33888889 | V34: 7 | W34: =(U34-T34)*24*60 -> 48 | AF34: =N34-K34 -> -168.75 | AG34: =N34/K34 -> 0.8875
B35: 小菜微波 | D35: 香辣醬粉絲煲 | F35: 29.11315 | G35: 2319.72 | H35: =F35*G35 -> 67534.356 | J35: 20 | K35: 1500 | L35: 75 | M35: 20 | N35: =G35/W35*60 -> 1351.2932 | O35: =N35/M35 -> 67.56466 | P35: =M35-J35 -> 0 | Q35: =O35-L35 -> -7.4353398 | R35: =O35/L35 -> 0.90086214 | T35: 0.35555556 | U35: 0.42708333 | V35: 23 | W35: =(U35-T35)*24*60 -> 103 | X35: 0.34236111 | Y35: 0.35208333 | AF35: =N35-K35 -> -148.7068 | AG35: =N35/K35 -> 0.90086214
B36: 熱食義麵 | D36: 愛恨椒芝麵 | F36: 38.39 | G36: 756.6 | H36: =F36*G36 -> 29045.874 | I36: 2 | J36: 16 | K36: 1636 | L36: 102.25 | M36: 17 | N36: =G36/W36*60 -> 1375.6364 | O36: =N36/M36 -> 80.919786 | P36: =M36-J36 -> 1 | Q36: =O36-L36 -> -21.330214 | R36: =O36/L36 -> 0.79139155 | T36: 0.46527778 | U36: 0.48819444 | V36: 7 | W36: =(U36-T36)*24*60 -> 33 | AF36: =N36-K36 -> -260.36364 | AG36: =N36/K36 -> 0.84085352
B37: 小菜微波 | D37: 香辣醬粉絲煲 | F37: 29.11315 | G37: 654.28 | H37: =F37*G37 -> 19048.152 | I37: 2 | J37: 20 | K37: 1500 | L37: 75 | M37: 20 | N37: =G37/W37*60 -> 1308.56 | O37: =N37/M37 -> 65.428 | P37: =M37-J37 -> 0 | Q37: =O37-L37 -> -9.572 | R37: =O37/L37 -> 0.87237333 | T37: 0.49444444 | U37: 0.51527778 | V37: 5 | W37: =(U37-T37)*24*60 -> 30 | AF37: =N37-K37 -> -191.44 | AG37: =N37/K37 -> 0.87237333
B38: 0 | F38: 0 | H38: =F38*G38 -> 0 | AF38: =N38-K38 -> 0 | AG38: =N38/K38 -> #DIV/0!
B39: 0 | F39: 0 | H39: =F39*G39 -> 0 | W39: =(U39-T39)*24*60 -> 0 | AF39: =N39-K39 -> 0 | AG39: =N39/K39 -> #DIV/0!
B40: 0 | F40: 0 | H40: =F40*G40 -> 0 | W40: =(U40-T40)*24*60 -> 0 | AF40: =N40-K40 -> 0 | AG40: =N40/K40 -> #DIV/0!
B41: 0 | F41: 0 | W41: =(U41-T41)*24*60 -> 0
B42: 0 | F42: 0 | H42: =F42*G42 -> 0 | W42: =(U42-T42)*24*60 -> 0
B43: 0 | C43: 4度二組B | D43: 平均 | J43: 15.571429 | K43: 1896.1429 | L43: 137.43718 | M43: =AVERAGE(M31:M42) -> 15.714286 | N43: =AVERAGE(N31:N42) -> 1696.1288 | O43: =AVERAGE(O31:O42) -> 122.13825 | P43: =M43-J43 -> 0.14285714 | Q43: =N43-K43 -> -200.01402 | R43: =O43/L43 -> 0.88868423 | Z43: =SUM(Z31:Z42) -> 0 | AA43: =SUM(AA31:AA42) -> 0 | AD43: =SUM(AD31:AD42) -> 0 | AE43: =SUM(AE31:AE42) -> 0 | AF43: =N43-K43 -> -200.01402 | AG43: =N43/K43 -> 0.89451532
A44: 四度二組 (烤飯糰/八爪機) | B44: 飯糰 | D44: 明太子奶油炸飯糰 | F44: 22.27 | G44: 405 | H44: =F44*G44 -> 9019.35 | J44: 4 | K44: 2000 | L44: 500 | M44: 5 | N44: =G44/W44*60 -> 1735.7143 | O44: =N44/M44 -> 347.14286 | P44: =M44-J44 -> 1 | Q44: =O44-L44 -> -152.85714 | R44: =O44/L44 -> 0.69428571 | S44: =R56 -> 0.85961434 | T44: 0.16666667 | U44: 0.17638889 | V44: 5 | W44: =(U44-T44)*24*60 -> 14 | AF44: =N44-K44 -> -264.28571 | AG44: =N44/K44 -> 0.86785714 | AH44: =AG56 -> 0.98992397
B45: 飯糰 | D45: 淡麗清酒蒸蛤蜊烤飯糰 | F45: 24.73 | G45: 1816 | H45: =F45*G45 -> 44909.68 | J45: 4 | K45: 2000 | L45: 500 | M45: 5 | N45: =G45/W45*60 -> 2136.4706 | O45: =N45/M45 -> 427.29412 | P45: =M45-J45 -> 1 | Q45: =O45-L45 -> -72.705882 | R45: =O45/L45 -> 0.85458824 | T45: 0.17986111 | U45: 0.21527778 | V45: 5 | W45: =(U45-T45)*24*60 -> 51 | AF45: =N45-K45 -> 136.47059 | AG45: =N45/K45 -> 1.0682353
B46: 飯糰 | D46: 糖燻野郎起司炙燒牛烤飯糰 | F46: 24.73 | G46: 1716 | H46: =F46*G46 -> 42436.68 | J46: 4 | K46: 2000 | L46: 500 | M46: 5 | N46: =G46/W46*60 -> 2145 | O46: =N46/M46 -> 429 | P46: =M46-J46 -> 1 | Q46: =O46-L46 -> -71 | R46: =O46/L46 -> 0.858 | T46: 0.21875 | U46: 0.25208333 | V46: 5 | W46: =(U46-T46)*24*60 -> 48 | AF46: =N46-K46 -> 145 | AG46: =N46/K46 -> 1.0725
B47: 小菜微波 | D47: 媽媽煮藝-鹹酥雞 | F47: 31.43 | G47: 2455 | H47: =F47*G47 -> 77160.65 | J47: 7 | K47: 1500 | L47: 214.28571 | M47: 7 | N47: =G47/W47*60 -> 1458.4158 | O47: =N47/M47 -> 208.34512 | P47: =M47-J47 -> 0 | Q47: =O47-L47 -> -5.9405941 | R47: =O47/L47 -> 0.97227723 | T47: 0.26944444 | U47: 0.33958333 | V47: 25 | W47: =(U47-T47)*24*60 -> 101 | X47: 0.25555556 | Y47: 0.26666667 | AF47: =N47-K47 -> -41.584158 | AG47: =N47/K47 -> 0.97227723
B48: 小菜微波 | D48: 多穀紫米飯 | F48: 11.6 | G48: 2111 | H48: =F48*G48 -> 24487.6 | J48: 7 | K48: 1636 | L48: 233.71429 | M48: 7 | N48: =G48/W48*60 -> 1472.7907 | O48: =N48/M48 -> 210.39867 | P48: =M48-J48 -> 0 | Q48: =O48-L48 -> -23.315615 | R48: =O48/L48 -> 0.90023881 | T48: 0.35694444 | U48: 0.41666667 | V48: 25 | W48: =(U48-T48)*24*60 -> 86 | X48: 0.34305556 | Y48: 0.35416667 | AF48: =N48-K48 -> -163.2093 | AG48: =N48/K48 -> 0.90023881
B49: 微波主食 | D49: 優質池上飯 | F49: 10.09 | G49: 2415.2 | H49: =F49*G49 -> 24369.368 | J49: 6 | K49: 1500 | L49: 250 | M49: 6 | N49: =G49/W49*60 -> 1449.12 | O49: =N49/M49 -> 241.52 | P49: =M49-J49 -> 0 | Q49: =O49-L49 -> -8.48 | R49: =O49/L49 -> 0.96608 | T49: 0.42361111 | U49: 0.49305556 | V49: 10 | W49: =(U49-T49)*24*60 -> 100 | AF49: =N49-K49 -> -50.88 | AG49: =N49/K49 -> 0.96608
B50: 微波主食 | D50: 優質池上飯 | F50: 10.09 | G50: 2535.96 | H50: =F50*G50 -> 25587.836 | J50: 6 | K50: 1500 | L50: 250 | M50: 6 | N50: =G50/W50*60 -> 1463.0538 | O50: =N50/M50 -> 243.84231 | P50: =M50-J50 -> 0 | Q50: =O50-L50 -> -6.1576923 | R50: =O50/L50 -> 0.97536923 | T50: 0.51388889 | U50: 0.58611111 | V50: 30 | W50: =(U50-T50)*24*60 -> 104 | X50: 0.49652778 | Y50: 0.51111111 | AF50: =N50-K50 -> -36.946154 | AG50: =N50/K50 -> 0.97536923
B51: 飯糰 | D51: 蟹味可樂餅風炸飯糰 | F51: 21.92 | G51: 1422 | H51: =F51*G51 -> 31170.24 | J51: 4 | K51: 2000 | L51: 500 | M51: 5 | N51: =G51/W51*60 -> 2133 | O51: =N51/M51 -> 426.6 | P51: =M51-J51 -> 1 | Q51: =O51-L51 -> -73.4 | R51: =O51/L51 -> 0.8532 | T51: 0.59305556 | U51: 0.62083333 | V51: 10 | W51: =(U51-T51)*24*60 -> 40 | AF51: =N51-K51 -> 133 | AG51: =N51/K51 -> 1.0665
B52: 0 | F52: 0 | H52: =F52*G52 -> 0 | W52: =(U52-T52)*24*60 -> 0 | AF52: =N52-K52 -> 0 | AG52: =N52/K52 -> #DIV/0!
B53: 0 | F53: 0 | H53: =F53*G53 -> 0 | W53: =(U53-T53)*24*60 -> 0 | AF53: =N53-K53 -> 0 | AG53: =N53/K53 -> #DIV/0!
B54: 0 | F54: 0 | H54: =F54*G54 -> 0 | W54: =(U54-T54)*24*60 -> 0 | AF54: =N54-K54 -> 0 | AG54: =N54/K54 -> #DIV/0!
B55: 0 | F55: 0 | H55: =F55*G55 -> 0 | W55: =(U55-T55)*24*60 -> 0
B56: 0 | C56: 4度二組C1 | D56: 平均 | J56: 5.25 | K56: 1767 | L56: 368.5 | M56: =AVERAGE(M44:M55) -> 5.75 | N56: =AVERAGE(N44:N55) -> 1749.1957 | O56: =AVERAGE(O44:O55) -> 316.76788 | P56: =M56-J56 -> 0.5 | Q56: =N56-K56 -> -17.804343 | R56: =O56/L56 -> 0.85961434 | W56: =(U56-T56)*24*60 -> 0 | Z56: =SUM(Z44:Z55) -> 0 | AA56: =SUM(AA44:AA55) -> 0 | AD56: =SUM(AD44:AD55) -> 0 | AE56: =SUM(AE44:AE55) -> 0 | AF56: =N56-K56 -> -17.804343 | AG56: =N56/K56 -> 0.98992397
A57: 四度二組 (烤飯糰/十爪機) | B57: 小菜微波 | D57: 糖燻豬耳絲 | F57: 28.26 | G57: 1490 | H57: =F57*G57 -> 42107.4 | J57: 7 | K57: 1500 | L57: 214.28571 | M57: 7 | N57: =G57/W57*60 -> 1441.9355 | O57: =N57/M57 -> 205.99078 | P57: =M57-J57 -> 0 | Q57: =O57-L57 -> -8.2949309 | R57: =O57/L57 -> 0.96129032 | S57: =R69 -> 0.91774691 | T57: 0.16666667 | U57: 0.20972222 | V57: 5 | W57: =(U57-T57)*24*60 -> 62 | AF57: =N57-K57 -> -58.064516 | AG57: =N57/K57 -> 0.96129032 | AH57: =AG69 -> 0.97893004
B58: 小菜微波 | D58: 燻之味-糖燻雞胗 | F58: 27.88 | G58: 2249 | H58: =F58*G58 -> 62702.12 | J58: 7 | K58: 1500 | L58: 214.28571 | M58: 7 | N58: =G58/W58*60 -> 1450.9677 | O58: =N58/M58 -> 207.28111 | P58: =M58-J58 -> 0 | Q58: =O58-L58 -> -7.0046083 | R58: =O58/L58 -> 0.96731183 | T58: 0.21666667 | U58: 0.28125 | V58: 10 | W58: =(U58-T58)*24*60 -> 93 | AF58: =N58-K58 -> -49.032258 | AG58: =N58/K58 -> 0.96731183
B59: 小菜微波 | D59: 韓式蒜味炸雞 | F59: 28 | G59: 2422 | H59: =F59*G59 -> 67816 | J59: 7 | K59: 1500 | L59: 214.28571 | M59: 7 | N59: =G59/W59*60 -> 1482.8571 | O59: =N59/M59 -> 211.83673 | P59: =M59-J59 -> 0 | Q59: =O59-L59 -> -2.4489796 | R59: =O59/L59 -> 0.98857143 | T59: 0.29861111 | U59: 0.36666667 | V59: 25 | W59: =(U59-T59)*24*60 -> 98 | X59: 0.28472222 | Y59: 0.29583333 | AF59: =N59-K59 -> -17.142857 | AG59: =N59/K59 -> 0.98857143
B60: 微波主食 | D60: 優質池上飯 | F60: 10.09 | G60: 2294.44 | H60: =F60*G60 -> 23150.9 | J60: 6 | K60: 1500 | L60: 250 | M60: 7 | N60: =G60/W60*60 -> 1464.5362 | O60: =N60/M60 -> 209.21945 | P60: =M60-J60 -> 1 | Q60: =O60-L60 -> -40.780547 | R60: =O60/L60 -> 0.83687781 | T60: 0.38402778 | U60: 0.44930556 | V60: 25 | W60: =(U60-T60)*24*60 -> 94 | X60: 0.37013889 | Y60: 0.38125 | AF60: =N60-K60 -> -35.46383 | AG60: =N60/K60 -> 0.97635745
B61: 微波主食 | D61: 優質池上飯 | F61: 10.09 | G61: 4830.4 | H61: =F61*G61 -> 48738.736 | J61: 6 | K61: 1500 | L61: 250 | M61: 7 | N61: =G61/W61*60 -> 1501.6788 | O61: =N61/M61 -> 214.52554 | P61: =M61-J61 -> 1 | Q61: =O61-L61 -> -35.474463 | R61: =O61/L61 -> 0.85810215 | T61: 0.47013889 | U61: 0.60416667 | V61: 30 | W61: =(U61-T61)*24*60 -> 193 | X61: 0.45277778 | Y61: 0.46736111 | AF61: =N61-K61 -> 1.6787565 | AG61: =N61/K61 -> 1.0011192
B62: 0 | F62: 0 | H62: =F62*G62 -> 0 | AF62: =N62-K62 -> 0 | AG62: =N62/K62 -> #DIV/0!
B63: 0 | F63: 0 | H63: =F63*G63 -> 0 | AF63: =N63-K63 -> 0 | AG63: =N63/K63 -> #DIV/0!
B64: 0 | F64: 0 | H64: =F64*G64 -> 0 | AF64: =N64-K64 -> 0 | AG64: =N64/K64 -> #DIV/0!
B65: 0 | F65: 0 | H65: =F65*G65 -> 0 | W65: =(U65-T65)*24*60 -> 0 | AF65: =N65-K65 -> 0 | AG65: =N65/K65 -> #DIV/0!
B66: 0 | F66: 0 | H66: =F66*G66 -> 0 | W66: =(U66-T66)*24*60 -> 0 | AF66: =N66-K66 -> 0 | AG66: =N66/K66 -> #DIV/0!
B67: 0 | F67: 0 | H67: =F67*G67 -> 0 | W67: =(U67-T67)*24*60 -> 0 | AF67: =N67-K67 -> 0 | AG67: =N67/K67 -> #DIV/0!
B68: 0 | F68: 0 | H68: =F68*G68 -> 0 | W68: =(U68-T68)*24*60 -> 0
B69: 0 | C69: 4度二組C2 | D69: 平均 | J69: 6.6 | K69: 1500 | L69: 228.57143 | M69: =AVERAGE(M57:M68) -> 7 | N69: =AVERAGE(N57:N68) -> 1468.3951 | O69: =AVERAGE(O57:O68) -> 209.77072 | P69: =M69-J69 -> 0.4 | Q69: =N69-K69 -> -31.604941 | R69: =O69/L69 -> 0.91774691 | W69: =(U69-T69)*24*60 -> 0 | Z69: =SUM(Z57:Z68) -> 0 | AA69: =SUM(AA57:AA68) -> 0 | AD69: =SUM(AD57:AD68) -> 0 | AE69: =SUM(AE57:AE68) -> 0 | AF69: =N69-K69 -> -31.604941 | AG69: =N69/K69 -> 0.97893004
A70: 四度三組 (ET-55) | B70: 熱食義麵 | D70: 蕃茄起司手工千層麵(區2) | F70: 62.13 | G70: 427 | H70: =F70*G70 -> 26529.51 | J70: 14 | K70: 1500 | L70: 107.14286 | M70: 14 | N70: =G70/W70*60 -> 1220 | O70: =N70/M70 -> 87.142857 | P70: =M70-J70 -> 0 | Q70: =O70-L70 -> -20 | R70: =O70/L70 -> 0.81333333 | S70: =R82 -> 0.85649497 | T70: 0.29166667 | U70: 0.30625 | V70: 5 | W70: =(U70-T70)*24*60 -> 21 | AF70: =N70-K70 -> -280 | AG70: =N70/K70 -> 0.81333333 | AH70: =AG82 -> 0.86876045
B71: 便當 | D71: 嘉義劉里長雞肉飯 | F71: 47.65 | G71: 1868 | H71: =F71*G71 -> 89010.2 | J71: 18 | K71: 1440 | L71: 80 | M71: 18 | N71: =G71/W71*60 -> 1334.2857 | O71: =N71/M71 -> 74.126984 | P71: =M71-J71 -> 0 | Q71: =O71-L71 -> -5.8730159 | R71: =O71/L71 -> 0.9265873 | T71: 0.31111111 | U71: 0.36944444 | V71: 7 | W71: =(U71-T71)*24*60 -> 84 | AF71: =N71-K71 -> -105.71429 | AG71: =N71/K71 -> 0.9265873
B72: 微波主食 | D72: 日式中濃醬炭火漢堡排飯 | F72: 56.85 | G72: 1533.5 | H72: =F72*G72 -> 87179.475 | J72: 18 | K72: 1636 | L72: 90.888889 | M72: 18 | N72: =G72/W72*60 -> 1373.2836 | O72: =N72/M72 -> 76.293532 | P72: =M72-J72 -> 0 | Q72: =O72-L72 -> -14.595357 | R72: =O72/L72 -> 0.83941539 | T72: 0.38541667 | U72: 0.43194444 | V72: 23 | W72: =(U72-T72)*24*60 -> 67 | X72: 0.37291667 | Y72: 0.38263889 | AF72: =N72-K72 -> -262.71642 | AG72: =N72/K72 -> 0.83941539
B73: 便當 | D73: 香腸腿排雙拼便當 | F73: 53.76 | G73: 2017 | H73: =F73*G73 -> 108433.92 | J73: 16 | K73: 1440 | L73: 90 | M73: 16 | N73: =G73/W73*60 -> 1329.8901 | O73: =N73/M73 -> 83.118132 | P73: =M73-J73 -> 0 | Q73: =O73-L73 -> -6.8818681 | R73: =O73/L73 -> 0.9235348 | T73: 0.47222222 | U73: 0.53541667 | V73: 5 | W73: =(U73-T73)*24*60 -> 91 | AF73: =N73-K73 -> -110.10989 | AG73: =N73/K73 -> 0.9235348
B74: 便當 | D74: 新招牌腿排便當 | F74: 47.51 | G74: 2082 | H74: =F74*G74 -> 98915.82 | J74: 17 | K74: 1440 | L74: 84.705882 | M74: 17 | N74: =G74/W74*60 -> 1328.9362 | O74: =N74/M74 -> 78.172716 | P74: =M74-J74 -> 0 | Q74: =O74-L74 -> -6.5331665 | R74: =O74/L74 -> 0.92287234 | T74: 0.55069444 | U74: 0.61597222 | V74: 22 | W74: =(U74-T74)*24*60 -> 94 | X74: 0.53888889 | Y74: 0.54791667 | AF74: =N74-K74 -> -111.06383 | AG74: =N74/K74 -> 0.92287234
B75: 便當 | D75: 好吃雞肉便當 | F75: 53.36 | G75: 1589.99 | H75: =F75*G75 -> 84841.866 | J75: 19 | K75: 1440 | L75: 75.789474 | M75: 19 | N75: =G75/W75*60 -> 1255.2553 | O75: =N75/M75 -> 66.066066 | P75: =M75-J75 -> 0 | Q75: =O75-L75 -> -9.7234072 | R75: =O75/L75 -> 0.87170504 | T75: 0.62013889 | U75: 0.67291667 | V75: 6 | W75: =(U75-T75)*24*60 -> 76 | AF75: =N75-K75 -> -184.74474 | AG75: =N75/K75 -> 0.87170504
B76: 微波主食 | D76: 二配香拌海鮮醬肉絲蛋炒飯 | F76: 55.32 | G76: 531 | H76: =F76*G76 -> 29374.92 | J76: 14 | K76: 1440 | L76: 102.85714 | M76: 15 | N76: =G76/W76*60 -> 1137.8571 | O76: =N76/M76 -> 75.857143 | P76: =M76-J76 -> 1 | Q76: =O76-L76 -> -27 | R76: =O76/L76 -> 0.7375 | T76: 0.70833333 | U76: 0.72777778 | V76: 5 | W76: =(U76-T76)*24*60 -> 28 | AF76: =N76-K76 -> -302.14286 | AG76: =N76/K76 -> 0.79017857
B77: 0 | F77: 0 | H77: =F77*G77 -> 0 | W77: =(U77-T77)*24*60 -> 0 | AF77: =N77-K77 -> 0 | AG77: =N77/K77 -> #DIV/0!
B78: 0 | F78: 0 | H78: =F78*G78 -> 0 | W78: =(U78-T78)*24*60 -> 0 | AF78: =N78-K78 -> 0 | AG78: =N78/K78 -> #DIV/0!
B79: 0 | F79: 0 | H79: =F79*G79 -> 0 | W79: =(U79-T79)*24*60 -> 0 | AF79: =N79-K79 -> 0 | AG79: =N79/K79 -> #DIV/0!
B80: 0 | H80: =F80*G80 -> 0 | W80: =(U80-T80)*24*60 -> 0 | AF80: =N80-K80 -> 0 | AG80: =N80/K80 -> #DIV/0!
B81: 0 | W81: =(U81-T81)*24*60 -> 0
B82: 0 | C82: 4度三組 | D82: 平均 | J82: 16.571429 | K82: 1476.5714 | L82: 90.197749 | M82: =AVERAGE(M70:M81) -> 16.714286 | N82: =AVERAGE(N70:N81) -> 1282.7869 | O82: =AVERAGE(O70:O81) -> 77.253919 | P82: =M82-J82 -> 0.14285714 | Q82: =N82-K82 -> -193.78457 | R82: =O82/L82 -> 0.85649497 | Z82: =SUM(Z70:Z81) -> 0 | AA82: =SUM(AA70:AA81) -> 0 | AD82: =SUM(AD70:AD81) -> 0 | AE82: =SUM(AE70:AE81) -> 0 | AF82: =N82-K82 -> -193.78457 | AG82: =N82/K82 -> 0.86876045
A83: 四度四組 (ET-55) | B83: 便當 | D83: 好吃雞肉便當 | F83: 53.36 | G83: 1589.99 | H83: =F83*G83 -> 84841.866 | J83: 19 | K83: 1440 | L83: 75.789474 | M83: 19 | N83: =G83/W83*60 -> 1223.0692 | O83: =N83/M83 -> 64.372065 | P83: =M83-J83 -> 0 | Q83: =O83-L83 -> -11.417409 | R83: =O83/L83 -> 0.84935363 | S83: =R95 -> 0.82897785 | T83: 0.33333333 | U83: 0.3875 | V83: 5 | W83: =(U83-T83)*24*60 -> 78 | AF83: =N83-K83 -> -216.93077 | AG83: =N83/K83 -> 0.84935363 | AH83: =AG95 -> 0.83562473
B84: 便當 | D84: 好吃雞肉便當 | F84: 53.36 | G84: 1949.02 | H84: =F84*G84 -> 103999.71 | J84: 19 | K84: 1440 | L84: 75.789474 | M84: 19 | N84: =G84/W84*60 -> 1205.5794 | O84: =N84/M84 -> 63.451546 | P84: =M84-J84 -> 0 | Q84: =O84-L84 -> -12.337927 | R84: =O84/L84 -> 0.8372079 | T84: 0.40277778 | U84: 0.47013889 | V84: 22 | W84: =(U84-T84)*24*60 -> 97 | X84: 0.39097222 | Y84: 0.4 | AF84: =N84-K84 -> -234.42062 | AG84: =N84/K84 -> 0.8372079
B85: 微波主食 | D85: 好多蒜燒豚飯 | F85: 51.75 | G85: 1095 | H85: =F85*G85 -> 56666.25 | J85: 21 | K85: 1500 | L85: 71.428571 | M85: 21 | N85: =G85/W85*60 -> 1314 | O85: =N85/M85 -> 62.571429 | P85: =M85-J85 -> 0 | Q85: =O85-L85 -> -8.8571429 | R85: =O85/L85 -> 0.876 | T85: 0.51180556 | U85: 0.54652778 | V85: 7 | W85: =(U85-T85)*24*60 -> 50 | AF85: =N85-K85 -> -186 | AG85: =N85/K85 -> 0.876
B86: 便當 | D86: 美式雞丁餐盒 | F86: 59.34 | G86: 487 | H86: =F86*G86 -> 28898.58 | J86: 17 | K86: 1440 | L86: 84.705882 | M86: 17 | N86: =G86/W86*60 -> 1082.2222 | O86: =N86/M86 -> 63.660131 | P86: =M86-J86 -> 0 | Q86: =O86-L86 -> -21.045752 | R86: =O86/L86 -> 0.75154321 | T86: 0.55208333 | U86: 0.57083333 | V86: 8 | W86: =(U86-T86)*24*60 -> 27 | AF86: =N86-K86 -> -357.77778 | AG86: =N86/K86 -> 0.75154321
B87: 微波主食 | D87: 壹號醬雞豚雙拼 | F87: 56.43 | G87: 978 | H87: =F87*G87 -> 55188.54 | J87: 18 | K87: 1500 | L87: 83.333333 | M87: 18 | N87: =G87/W87*60 -> 1364.6512 | O87: =N87/M87 -> 75.813953 | P87: =M87-J87 -> 0 | Q87: =O87-L87 -> -7.5193798 | R87: =O87/L87 -> 0.90976744 | T87: 0.58680556 | U87: 0.61666667 | V87: 23 | W87: =(U87-T87)*24*60 -> 43 | X87: 0.57430556 | Y87: 0.58402778 | AF87: =N87-K87 -> -135.34884 | AG87: =N87/K87 -> 0.90976744
B88: 微波主食 | D88: 二配蒙古風味烤肉飯 | F88: 58.17 | G88: 946 | H88: =F88*G88 -> 55028.82 | J88: 19 | K88: 1385 | L88: 72.894737 | M88: 20 | N88: =G88/W88*60 -> 1158.3673 | O88: =N88/M88 -> 57.918367 | P88: =M88-J88 -> 1 | Q88: =O88-L88 -> -14.976369 | R88: =O88/L88 -> 0.794548 | T88: 0.70833333 | U88: 0.74236111 | V88: 5 | W88: =(U88-T88)*24*60 -> 49 | AF88: =N88-K88 -> -226.63265 | AG88: =N88/K88 -> 0.83636632
B89: 微波主食 | D89: 二配起司控培根白醬焗烤飯 | F89: 53.68 | G89: 1160 | H89: =F89*G89 -> 62268.8 | J89: 20 | K89: 1500 | L89: 75 | M89: 20 | N89: =G89/W89*60 -> 1179.661 | O89: =N89/M89 -> 58.983051 | P89: =M89-J89 -> 0 | Q89: =O89-L89 -> -16.016949 | R89: =O89/L89 -> 0.78644068 | T89: 0.74722222 | U89: 0.78819444 | V89: 7 | W89: =(U89-T89)*24*60 -> 59 | AF89: =N89-K89 -> -320.33898 | AG89: =N89/K89 -> 0.78644068
B90: 0 | F90: 0 | H90: =F90*G90 -> 0 | AF90: =N90-K90 -> 0 | AG90: =N90/K90 -> #DIV/0!
B91: 0 | F91: 0 | H91: =F91*G91 -> 0 | AF91: =N91-K91 -> 0 | AG91: =N91/K91 -> #DIV/0!
B92: 0 | F92: 0 | H92: =F92*G92 -> 0 | AF92: =N92-K92 -> 0 | AG92: =N92/K92 -> #DIV/0!
B93: 0 | F93: 0 | H93: =F93*G93 -> 0 | W93: =(U93-T93)*24*60 -> 0 | AF93: =N93-K93 -> 0 | AG93: =N93/K93 -> #DIV/0!
B94: 0 | F94: 0 | H94: =F94*G94 -> 0 | W94: =(U94-T94)*24*60 -> 0 | AF94: =N94-K94 -> 0 | AG94: =N94/K94 -> #DIV/0!
B95: 0 | C95: 4度四組 | D95: 平均 | J95: 19 | K95: 1457.8571 | L95: 76.991639 | M95: =AVERAGE(M83:M94) -> 19.142857 | N95: =AVERAGE(N83:N94) -> 1218.2215 | O95: =AVERAGE(O83:O94) -> 63.824363 | P95: =M95-J95 -> 0.14285714 | Q95: =O95-L95 -> -13.167276 | R95: =O95/L95 -> 0.82897785 | Z95: =SUM(Z83:Z94) -> 0 | AA95: =SUM(AA83:AA94) -> 0 | AD95: =SUM(AD83:AD94) -> 0 | AE95: =SUM(AE83:AE94) -> 0 | AF95: =N95-K95 -> -239.63566 | AG95: =N95/K95 -> 0.83562473
A96: 四度五組 (ET-55) | B96: 小菜微波 | D96: 媽媽煮藝-(區)香滷牛肚絲 | F96: 36.92 | G96: 390 | H96: =F96*G96 -> 14398.8 | J96: 6 | K96: 1636 | L96: 272.66667 | M96: 6 | N96: =G96/W96*60 -> 1376.4706 | O96: =N96/M96 -> 229.41176 | P96: =M96-J96 -> 0 | Q96: =O96-L96 -> -43.254902 | R96: =O96/L96 -> 0.84136344 | S96: =R108 -> 0.87756551 | T96: 0.33333333 | U96: 0.34513889 | V96: 5 | W96: =(U96-T96)*24*60 -> 17 | AF96: =N96-K96 -> -259.52941 | AG96: =N96/K96 -> 0.84136344 | AH96: =AG108 -> 0.88782315
B97: 微波主食 | D97: 日式中濃醬炭火漢堡排飯 | F97: 56.85 | G97: 1533.5 | H97: =F97*G97 -> 87179.475 | J97: 18 | K97: 1636 | L97: 90.888889 | M97: 18 | N97: =G97/W97*60 -> 1295.9155 | O97: =N97/M97 -> 71.995305 | P97: =M97-J97 -> 0 | Q97: =O97-L97 -> -18.893584 | R97: =O97/L97 -> 0.79212438 | T97: 0.34930556 | U97: 0.39861111 | V97: 6 | W97: =(U97-T97)*24*60 -> 71 | AF97: =N97-K97 -> -340.08451 | AG97: =N97/K97 -> 0.79212438
B98: 便當 | D98: 蔬活腿排補力餐盒 | F98: 71.55 | G98: 809 | H98: =F98*G98 -> 57883.95 | J98: 18 | K98: 1385 | L98: 76.944444 | M98: 18 | N98: =G98/W98*60 -> 1277.3684 | O98: =N98/M98 -> 70.964912 | P98: =M98-J98 -> 0 | Q98: =O98-L98 -> -5.9795322 | R98: =O98/L98 -> 0.92228767 | T98: 0.44027778 | U98: 0.46666667 | V98: 7 | W98: =(U98-T98)*24*60 -> 38 | AF98: =N98-K98 -> -107.63158 | AG98: =N98/K98 -> 0.92228767
B99: 便當 | D99: 海陸雙拼肉肉餐盒 | F99: 59.54 | G99: 1323 | H99: =F99*G99 -> 78771.42 | J99: 18 | K99: 1385 | L99: 76.944444 | M99: 18 | N99: =G99/W99*60 -> 1280.3226 | O99: =N99/M99 -> 71.129032 | P99: =M99-J99 -> 0 | Q99: =O99-L99 -> -5.8154122 | R99: =O99/L99 -> 0.92442064 | T99: 0.47222222 | U99: 0.51527778 | V99: 8 | W99: =(U99-T99)*24*60 -> 62 | AF99: =N99-K99 -> -104.67742 | AG99: =N99/K99 -> 0.92442064
B100: 微波主食 | D100: 二配鮭魚蛋炒飯 | F100: 54.29 | G100: 900 | H100: =F100*G100 -> 48861 | J100: 15 | K100: 1440 | L100: 96 | M100: 15 | N100: =G100/W100*60 -> 1350 | O100: =N100/M100 -> 90 | P100: =M100-J100 -> 0 | Q100: =O100-L100 -> -6 | R100: =O100/L100 -> 0.9375 | T100: 0.70833333 | U100: 0.73611111 | V100: 5 | W100: =(U100-T100)*24*60 -> 40 | AF100: =N100-K100 -> -90 | AG100: =N100/K100 -> 0.9375
...

Sheet 0307
B1: 晉欣廠組合室生產人時性分析
B3: 日期 | D3: 03月07日 星期六 | F3: 訂單量 | H3: 210540 | J3: 營業額 | L3: 6800457
B4: 項目 | D4: 項目 | F4: ➀ | H4: ➁ | J4: ➂ | L4: ➃ | N4: 異常停線 | P4: 短暫停線
B5: 人時性 | D5: 組合室 | F5: 全溫層 | H5: 4度C(含4度飯糰) | J5: 18度C 一配 | L5: 18度C 二配 | N5: 合計次數 | O5: 時間 | P5: 合計次數 | Q5: 設備次數
D6: 排關平均 | F6: =AVERAGE(D13:O13,P13:Q13,D30:F30,H30,J30:M30) -> 378.64702 | H6: =AVERAGE(D13:P13,Q13) -> 138.23103 | J6: =AVERAGE(D30:H30) -> 754 | L6: =AVERAGE(J30:M30) -> 881.25 | N6: =[1]晉欣4度C0307!$Z$2 -> 0 | O6: =[1]晉欣4度C0307!$AA$2 -> 0 | P6: =[1]晉欣4度C0307!$AD$2 -> 3 | Q6: =[1]晉欣4度C0307!$AE$2 -> 2
D7: 實績平均 | F7: =AVERAGE(D14:O14,P14:Q14,D31:F31,J31:M31,H31) -> 354.59412 | H7: =AVERAGE(D14:P14,Q14) -> 123.56656 | J7: =AVERAGE(D31:H31) -> 761.68395 | L7: =AVERAGE(J31:M31) -> 782.12629
D8: 達成率平均 | F8: =AVERAGE(D15:O15,P15:Q15,D32:F32,H32,J32:K32,L32) -> 0.90114319 | H8: =AVERAGE(D15:O15,P15:Q15) -> 0.88568934 | J8: =AVERAGE(D32:H32) -> 0.98596751 | L8: =AVERAGE(J32:M32) -> 0.88770345
B10: 溫層 | D10: ➁4度C-各編組展開
B11: 編組 | D11: 1 | E11: 2 | F11: 3 | G11: 4 | H11: 5 | I11: 6 | J11: 7 | K11: 8 | L11: 9 | M11: 10 | N11: 11 | O11: 12 | P11: 13 | Q11: 14
D12: 4度一組 | E12: 4度二組A | F12: 4度二組B | G12: 4度二組C1 | H12: 4度一組B | I12: 4度三組 | J12: 4度四組 | K12: 4度五組 | L12: 綜合一組 | M12: 綜合二組 | N12: 綜合三組 | O12: 綜合四組 | P12: 便當組 | Q12: 壽司線
B13: 人時性 | C13: 排關 | D13: 130.53281 | E13: 100.21471 | F13: 137.43718 | G13: 368.5 | H13: 228.57143 | I13: 88.08785 | J13: 78.728795 | K13: 114.46528 | L13: 86.759085 | M13: 81.34291 | N13: 83.75586 | O13: 86.01864 | P13: 200.81986 | Q13: 150
C14: 實績 | D14: 123.32299 | E14: 88.981571 | F14: 119.17827 | G14: 325.37457 | H14: 210.09379 | I14: 77.988364 | J14: 65.3397 | K14: 98.329711 | L14: 70.706662 | M14: 73.538709 | N14: 75.693174 | O14: 69.762563 | P14: 190.39944 | Q14: 141.22235
C15: 達成率 | D15: =D14/D13 -> 0.94476617 | E15: =E14/E13 -> 0.88790932 | F15: =F14/F13 -> 0.86714725 | G15: =G14/G13 -> 0.88297034 | H15: =H14/H13 -> 0.91916034 | I15: =I14/I13 -> 0.88534757 | J15: =J14/J13 -> 0.82993395 | K15: =K14/K13 -> 0.85903527 | ... Q15: =Q14/Q13 -> 0.94148232
B16: 作業 時間 | C16: 開始 | D16: 0.29166667 | E16: 0.16666667 | F16: 0.16666667 | G16: 0.16666667 | H16: 0.16666667 | I16: 0.29166667 | J16: 0.33333333 | K16: 0.33333333 | L16: 0.5 | M16: 0.5 | N16: 0.70833333 | O16: 0.70833333 | P16: 0.16666667 | Q16: 0.17361111
C17: 結束 | D17: 0.75694444 | E17: 0.47083333 | F17: 0.54791667 | G17: 0.63958333 | H17: 0.62291667 | I17: 0.69722222 | J17: 0.78888889 | K17: 0.76597222 | L17: 0.85763889 | M17: 0.92222222 | N17: 0.97222222 | O17: 0.83888889 | P17: 0.58055556 | Q17: 0.57986111
B18: 產線異常 (5分鐘以上)
B20: 短暫停線 (5分鐘以下) | F20: 2 | L20: 1
I21: 1 | P21: 1
B22: 配置人數 | D22: 19.333333 | E22: 17 | F22: 15.714286 | G22: 5.75 | H22: 7 | I22: 17 | J22: 19 | K22: 15.285714 | L22: 17.5 | M22: 18.625 | N22: 17.833333 | O22: 17.6 | P22: 11.8 | Q22: 11.2
B23: 主要應用設備 | D23: ET-600 | E23: ET-600 | F23: ET-600 | G23: 八爪機 | H23: 十爪機 | I23: ET-55 | J23: ET-55 | K23: ET-55 | L23: ET-55 | M23: ET-55 | N23: ET-55 | O23: ET-55 | P23: 伺服包裝機 | Q23: 伺服包裝機
B24: 次要應用設備
B25: 備註 | E25: 熱麵固定線 | G25: 烤飯糰 | H25: 烤飯糰 | K25: 吸收產線 | P25: 大口固定線
B27: 溫層 | D27: ➂18度C 一配-各編組展開 | I27: ➃18度C 二配-各編組展開
B28: 編組 | D28: 1 | E28: 2 | F28: 3 | G28: 4 | H28: 5 | I28: 1 | J28: 2 | K28: 3 | L28: 4 | M28: 5
D29: 連續式 海苔機 | E29: 3300型 飯糰機A | F29: 3300型 飯糰機B | G29: 3600型 飯糰機A | H29: 3600型 飯糰機B | I29: 夾心型 飯糰機 | J29: 3300型 飯糰機A | K29: 3300型 飯糰機B | L29: 3600型 飯糰機A | M29: 3600型 飯糰機B
B30: 人時性 | C30: 排關 | D30: 320 | E30: 825 | F30: 825 | G30: 900 | H30: 900 | I30: 680 | J30: 825 | K30: 900 | L30: 900 | M30: 900
C31: 實績 | D31: 261.81333 | E31: 701.12143 | F31: 991.75 | G31: 865.78611 | H31: 987.94886 | I31: 0 | J31: 739.5 | K31: 630.22424 | L31: 863.90136 | M31: 894.87955
C32: 達成率 | D32: =D31/D30 -> 0.81816667 | E32: =E31/E30 -> 0.84984416 | F32: =F31/F30 -> 1.2021212 | G32: =G31/G30 -> 0.96198457 | H32: =H31/H30 -> 1.097721 | I32: =I31/I30 -> 0 | J32: =J31/J30 -> 0.89636364 | K32: =K31/K30 -> 0.70024916 | ... M32: =M31/M30 -> 0.99431061
B33: 作業 時間 | C33: 開始 | D33: 0.18055556 | E33: 0.18055556 | F33: 0.18055556 | G33: 3088 | H33: 0.18055556 | I33: 0 | J33: 0.72222222 | K33: 0.72222222 | L33: 0.72222222 | M33: 0.72222222
C34: 結束 | D34: 0.22222222 | E34: 0.32638889 | F34: 0.23263889 | G34: 1044.4444 | H34: 0.4 | I34: 0 | J34: 0.83333333 | K34: 0.83680556 | L34: 46089.104 | M34: 0.92013889
B35: 配置人數 | D35: 5.5 | E35: 4 | F35: 3 | G35: 3.75 | H35: 3.2 | I35: 0 | J35: 3.6666667 | K35: 3.6666667 | L35: 3.4 | M35: 3.5
B36: 主要應用設備 | D36: 連續式 海苔機 | E36: 3300型 | F36: 3300型 | G36: 3600型 | H36: 3600型 | I36: 夾心型 | J36: 3300型 | K36: 3300型 | L36: 3600型 | M36: 3600型
B37: 次要應用設備
B38: 備註

Sheet 晉欣18度C0307
A1: 晉欣廠18度C日報分析 | D1: 總生產量 | E1: =SUM(G5:G124) -> 75601 | F1: 營業額 | G1: =SUM(H5:H124) -> 1435924.5 | H1: 出勤人數 | I1: =+J16+J64+J24+J38+J51+J81+J100+J91+J57+J124+J111 -> 41.683333 | J1: 生產實績 | M1: 日報登錄
A2: 03月07日 星期六 | D2: 人時性 | E2: =AVERAGE(L16,L24,L38,L51,L100,L111,L91) -> 618.50467 | F2: 平均廠價 | G2: =G1/E1 -> 18.99346 | H2: 多次生產數 | I2: =COUNT(I5:I124) -> 0
A3: 線別 | B3: 品類 | D3: 品名 | F3: 廠價 | G3: 生產量 | H3: 營收 | I3: 多次 生產 | J3: 人數 | K3: 產能/時 | L3: 人時性 | M3: 生產時間 | O3: 換線/分 | P3: 稼動時間/分 | Q3: 休息時間
M4: 開始 | N4: 結束 | Q4: 開始 | R4: 結束
A5: 壽司線 | B5: 飯糰 | D5: 麻油雞飯糰 | F5: 29.965493 | G5: 1702 | H5: =F5*G5 -> 51001.27 | J5: 13 | K5: =G5/P5*60 -> 1276.5 | L5: =K5/J5 -> 98.192308 | M5: 0.17361111 | N5: 0.22916667 | O5: 10 | P5: =(N5-M5)*24*60 -> 80
B6: 0 | D6: 雙饗雙手卷(捲) | F6: 0 | G6: 1037 | H6: =F6*G6 -> 0 | J6: 9 | K6: =G6/P6*60 -> 1555.5 | L6: =K6/J6 -> 172.83333 | M6: 0.23263889 | N6: 0.26041667 | O6: 5 | P6: =(N6-M6)*24*60 -> 40
B7: 0 | D7: 海饌雙手卷(捲) | F7: 0 | G7: 1114 | H7: =F7*G7 -> 0 | J7: 9 | K7: =G7/P7*60 -> 1671 | L7: =K7/J7 -> 185.66667 | M7: 0.26388889 | N7: 0.29166667 | O7: 5 | P7: =(N7-M7)*24*60 -> 40
B8: 壽司手卷 | D8: 雙倍德腸飯卷 | F8: 36.45 | G8: 1527 | H8: =F8*G8 -> 55659.15 | J8: 10 | K8: =G8/P8*60 -> 1527 | L8: =K8/J8 -> 152.7 | M8: 0.29513889 | N8: 0.33680556 | O8: 5 | P8: =(N8-M8)*24*60 -> 60
B9: 壽司手卷 | D9: 明太子泡菜牛飯卷 | F9: 27.05 | G9: 494 | H9: =F9*G9 -> 13362.7 | J9: 13 | K9: =G9/P9*60 -> 1482 | L9: =K9/J9 -> 114 | M9: 0.34027778 | N9: 0.35416667 | O9: 5 | P9: =(N9-M9)*24*60 -> 20 | Q9: 0.35416667 | R9: 0.39583333
B10: 壽司手卷 | D10: 日式鮪魚美乃滋脆卷 | F10: 17.87 | G10: 1968 | H10: =F10*G10 -> 35168.16 | J10: 12 | K10: =G10/P10*60 -> 1180.8 | L10: =K10/J10 -> 98.4 | M10: 0.39583333 | N10: 0.46527778 | O10: 5 | P10: =(N10-M10)*24*60 -> 100
B11: 壽司手卷 | D11: 長野稻荷壽司 | F11: 25.64 | G11: 540 | H11: =F11*G11 -> 13845.6 | J11: 12 | K11: =G11/P11*60 -> 1620 | L11: =K11/J11 -> 135 | M11: 0.46875 | N11: 0.48263889 | O11: 5 | P11: =(N11-M11)*24*60 -> 20
B12: 壽司手卷 | D12: 雙饗雙手卷 | F12: 29.52 | G12: 1037 | H12: =F12*G12 -> 30612.24 | J12: 12 | K12: =G12/P12*60 -> 1777.7143 | L12: =K12/J12 -> 148.14286 | M12: 0.48611111 | N12: 0.51041667 | O12: 5 | P12: =(N12-M12)*24*60 -> 35
B13: 壽司手卷 | D13: 海饌雙手卷 | F13: 29.857 | G13: 1114 | H13: =F13*G13 -> 33260.698 | J13: 12 | K13: =G13/P13*60 -> 1909.7143 | L13: =K13/J13 -> 159.14286 | M13: 0.51388889 | N13: 0.53819444 | O13: 5 | P13: =(N13-M13)*24*60 -> 35
B14: 飯糰 | D14: 兩粒飯糰(鮪魚.焦糖鮭魚) | F14: 28.57 | G14: 1358 | H14: =F14*G14 -> 38798.06 | J14: 10 | K14: =G14/P14*60 -> 1481.4545 | L14: =K14/J14 -> 148.14545 | M14: 0.54166667 | N14: 0.57986111 | O14: 5 | P14: =(N14-M14)*24*60 -> 55
B15: 0 | F15: 0 | H15: =F15*G15 -> 0
B16: 0 | C16: 壽司線 | D16: 平均 | J16: =AVERAGE(J5:J15) -> 11.2 | K16: =AVERAGE(K5:K15) -> 1548.1683 | L16: =AVERAGE(L5:L15) -> 141.22235
A17: 捲壽司機 | B17: 壽司手卷 | D17: 雙鬆細卷 | F17: 14.03 | G17: 370 | H17: =F17*G17 -> 5191.1 | J17: 6 | K17: =G17/P17*60 -> 1480 | L17: =K17/J17 -> 246.66667 | M17: 0.18055556 | N17: 0.19097222 | O17: 20 | P17: =(N17-M17)*24*60 -> 15
B18: 飯糰 | D18: 經典鮪魚沙拉細卷 | F18: 14.49 | G18: 577 | H18: =F18*G18 -> 8360.73 | J18: 5 | K18: =G18/P18*60 -> 1384.8 | L18: =K18/J18 -> 276.96 | M18: 0.20486111 | N18: 0.22222222 | O18: 20 | P18: =(N18-M18)*24*60 -> 25
B19: 0 | F19: 0 | H19: =F19*G19 -> 0
B20: 0 | F20: 0 | H20: =F20*G20 -> 0
B21: 0 | F21: 0 | H21: =F21*G21 -> 0
B22: 0 | F22: 0 | H22: =F22*G22 -> 0
B23: 0 | F23: 0 | H23: =F23*G23 -> 0
B24: 0 | C24: 連續式 海苔機 | D24: 平均 | J24: =AVERAGE(J17:J23) -> 5.5 | K24: =AVERAGE(K17:K23) -> 1432.4 | L24: =AVERAGE(L17:L23) -> 261.81333
A25: 3300型 飯糰機A | B25: 飯糰 | D25: 壹號醬炙烤牛飯糰 | F25: 22.281818 | G25: 488 | H25: =F25*G25 -> 10873.527 | J25: 4 | K25: =G25/P25*60 -> 2928 | L25: =K25/J25 -> 732 | M25: 0.18055556 | N25: 0.1875 | O25: 20 | P25: =(N25-M25)*24*60 -> 10
B26: 飯糰 | D26: 碳烤燒肉飯飯糰(區) | F26: 18.18 | G26: 2459 | H26: =F26*G26 -> 44704.62 | J26: 4 | K26: =G26/P26*60 -> 2950.8 | L26: =K26/J26 -> 737.7 | M26: 0.20138889 | N26: 0.23611111 | O26: 20 | P26: =(N26-M26)*24*60 -> 50
B27: 飯糰 | D27: 紅運烏魚子紹興飯糰 | F27: 27.27 | G27: 820 | H27: =F27*G27 -> 22361.4 | J27: 4 | K27: =G27/P27*60 -> 2460 | L27: =K27/J27 -> 615 | M27: 0.25 | N27: 0.26388889 | O27: 20 | P27: =(N27-M27)*24*60 -> 20
B28: 飯糰 | D28: 煙燻培根飯糰(區) | F28: 15.03 | G28: 3359 | H28: =F28*G28 -> 50485.77 | J28: 4 | K28: =G28/P28*60 -> 2879.1429 | L28: =K28/J28 -> 719.78571 | M28: 0.27777778 | N28: 0.32638889 | O28: 20 | P28: =(N28-M28)*24*60 -> 70
B29: 0 | F29: 0 | H29: =F29*G29 -> 0
B30: 0 | F30: 0 | H30: =F30*G30 -> 0
B31: 0 | F31: 0 | H31: =F31*G31 -> 0
B32: 0 | F32: 0 | H32: =F32*G32 -> 0
B33: 0 | F33: 0 | H33: =F33*G33 -> 0
B34: 0 | F34: 0 | H34: =F34*G34 -> 0
B35: 0 | F35: 0 | H35: =F35*G35 -> 0
B36: 0 | F36: 0 | H36: =F36*G36 -> 0
B37: 0 | F37: 0 | H37: =F37*G37 -> 0
B38: 0 | C38: 3300型 飯糰機A | D38: 平均 | J38: =AVERAGE(J25:J37) -> 4 | K38: =AVERAGE(K25:K37) -> 2804.4857 | L38: =AVERAGE(L25:L37) -> 701.12143
A39: 3300型B 飯糰機 | B39: 飯糰 | D39: 照燒雞肉飯糰 | F39: 21.45 | G39: 747 | H39: =F39*G39 -> 16023.15 | J39: 3 | K39: =G39/P39*60 -> 2988 | L39: =K39/J39 -> 996 | M39: 0.18055556 | N39: 0.19097222 | O39: 20 | P39: =(N39-M39)*24*60 -> 15
B40: 飯糰 | D40: 鮭魚奶油醬油飯糰 | F40: 18.53 | G40: 1975 | H40: =F40*G40 -> 36596.75 | J40: 3 | K40: =G40/P40*60 -> 2962.5 | L40: =K40/J40 -> 987.5 | M40: 0.20486111 | N40: 0.23263889 | O40: 20 | P40: =(N40-M40)*24*60 -> 40
B41: 0 | F41: 0 | H41: =F41*G41 -> 0
B42: 0 | F42: 0 | H42: =F42*G42 -> 0
B43: 0 | F43: 0 | H43: =F43*G43 -> 0
B44: 0 | F44: 0 | H44: =F44*G44 -> 0
B45: 0 | F45: 0 | H45: =F45*G45 -> 0
B46: 0 | F46: 0 | H46: =F46*G46 -> 0
B47: 0 | F47: 0 | H47: =F47*G47 -> 0
B48: 0 | F48: 0
B49: 0 | F49: 0 | H49: =F49*G49 -> 0
B50: 0 | F50: 0 | H50: =F50*G50 -> 0
B51: 0 | C51: 3300型 飯糰機B | D51: 平均 | J51: =AVERAGE(J39:J50) -> 3 | K51: =AVERAGE(K39:K50) -> 2975.25 | L51: =AVERAGE(L39:L50) -> 991.75
A52: 3600型(A) 飯糰機 | B52: 飯糰 | D52: 熟成紅鮭飯糰 | F52: 25.03 | G52: 573 | H52: =F52*G52 -> 14342.19 | J52: 4 | K52: =G52/P52*60 -> 3438 | L52: =K52/J52 -> 859.5 | M52: 0.18055556 | N52: 0.1875 | O52: 20 | P52: =(N52-M52)*24*60 -> 10
B53: 飯糰 | D53: 北海道秋鮭親子飯糰 | F53: 24.82 | G53: 772 | H53: =F53*G53 -> 19161.04 | J53: 4 | K53: =G53/P53*60 -> 3088 | L53: =K53/J53 -> 772 | M53: 0.20138889 | N53: 0.21180556 | O53: 20 | P53: =(N53-M53)*24*60 -> 15
B54: 飯糰 | D54: 贅沢鮭魚肚飯糰 | F54: 30 | G54: 1312 | H54: =F54*G54 -> 39360 | J54: 4 | K54: =G54/P54*60 -> 3148.8 | L54: =K54/J54 -> 787.2 | M54: 0.22569444 | N54: 0.24305556 | O54: 20 | P54: =(N54-M54)*24*60 -> 25
B55: 飯糰 | D55: 經典肉鬆飯糰 | F55: 14.03 | G55: 2350 | H55: =F55*G55 -> 32970.5 | J55: 3 | K55: =G55/P55*60 -> 3133.3333 | L55: =K55/J55 -> 1044.4444 | M55: 0.25694444 | N55: 0.28819444 | O55: 20 | P55: =(N55-M55)*24*60 -> 45
B56: 0 | F56: 0 | H56: =F56*G56 -> 0
B57: 0 | C57: 夾心型 飯糰機 | F57: 0 | H57: =F57*G57 -> 0
B58: 0 | F58: 0 | H58: =F58*G58 -> 0
B59: 0 | F59: 0 | H59: =F59*G59 -> 0
B60: 0 | F60: 0 | H60: =F60*G60 -> 0
B61: 0 | F61: 0 | H61: =F61*G61 -> 0
B62: 0 | F62: 0 | H62: =F62*G62 -> 0
B63: 0 | F63: 0 | H63: =F63*G63 -> 0
B64: 0 | C64: 3600型 飯糰機A | D64: 平均 | J64: =AVERAGE(J52:J63) -> 3.75 | K64: =AVERAGE(K52:K63) -> 3202.0333 | L64: =AVERAGE(L52:L63) -> 865.78611
A65: 3600型(B) 飯糰機 | B65: 飯糰 | D65: 蔬食鮪魚飯糰 | F65: 18.18 | G65: 679 | H65: =F65*G65 -> 12344.22 | J65: 3 | K65: =G65/P65*60 -> 3133.8462 | L65: =K65/J65 -> 1044.6154 | M65: 0.18055556 | N65: 0.18958333 | O65: 20 | P65: =(N65-M65)*24*60 -> 13
B66: 飯糰 | D66: 雞肉飯飯糰 | F66: 16.66 | G66: 2293 | H66: =F66*G66 -> 38201.38 | J66: 4 | K66: =G66/P66*60 -> 3057.3333 | L66: =K66/J66 -> 764.33333 | M66: 0.20347222 | N66: 0.23472222 | O66: 20 | P66: =(N66-M66)*24*60 -> 45
B67: 飯糰 | D67: 鹽蔥燒肉飯糰 | F67: 17.890909 | G67: 1432 | H67: =F67*G67 -> 25619.782 | J67: 3 | K67: =G67/P67*60 -> 3068.5714 | L67: =K67/J67 -> 1022.8571 | M67: 0.24861111 | N67: 0.26805556 | O67: 20 | P67: =(N67-M67)*24*60 -> 28
B68: 飯糰 | D68: 明太子龍蝦風味沙拉飯糰 | F68: 18.18 | G68: 1288 | H68: =F68*G68 -> 23415.84 | J68: 3 | K68: =G68/P68*60 -> 3091.2 | L68: =K68/J68 -> 1030.4 | M68: 0.28194444 | N68: 0.29930556 | O68: 20 | P68: =(N68-M68)*24*60 -> 25 | Q68: 0.29930556 | R68: 0.34097222
B69: 飯糰 | D69: 鮪魚飯糰 | F69: 14.285714 | G69: 3502 | H69: =F69*G69 -> 50028.571 | J69: 3 | K69: =G69/P69*60 -> 3232.6154 | L69: =K69/J69 -> 1077.5385 | M69: 0.35486111 | N69: 0.4 | O69: 20 | P69: =(N69-M69)*24*60 -> 65
B70: 0 | C70: 夾心型 飯糰機 | F70: 0 | H70: =F70*G70 -> 0
B71: 0 | F71: 0 | H71: =F71*G71 -> 0
B72: 0 | F72: 0 | H72: =F72*G72 -> 0
B73: 0 | F73: 0 | H73: =F73*G73 -> 0
B74: 0 | F74: 0 | H74: =F74*G74 -> 0
B75: 0 | C75: 3600型 飯糰機B | D75: 平均 | J75: =AVERAGE(J65:J74) -> 3.2 | K75: =AVERAGE(K65:K74) -> 3116.7133 | L75: =AVERAGE(L65:L74) -> 987.94886
A76: 二配 夾心型 飯糰機 | B76: 0 | F76: 0 | H76: =F76*G76 -> 0 | J76: 0 | K76: 0 | L76: 0
B77: 0 | F77: 0 | H77: =F77*G77 -> 0
B78: 0 | F78: 0 | H78: =F78*G78 -> 0
B79: 0 | F79: 0 | H79: =F79*G79 -> 0
B80: 0 | F80: 0 | H80: =F80*G80 -> 0
B81: 0 | C81: 夾心型 飯糰機 | D81: 平均 | J81: =AVERAGE(J76:J80) -> 0 | K81: =AVERAGE(K76:K80) -> 0 | L81: =AVERAGE(L76:L80) -> 0
A82: 二配 3300型A 飯糰機 | B82: 飯糰 | D82: 二配油蔥G絲飯糰 | F82: 18.18 | G82: 417 | H82: =F82*G82 -> 7581.06 | J82: 4 | K82: =G82/P82*60 -> 2502 | L82: =K82/J82 -> 625.5 | M82: 0.72222222 | N82: 0.72916667 | O82: 20 | P82: =(N82-M82)*24*60 -> 10
B83: 飯糰 | D83: 二配三杯醬爆菇菇飯糰 | F83: 16.7 | G83: 1173 | H83: =F83*G83 -> 19589.1 | J83: 3 | K83: =G83/P83*60 -> 2815.2 | L83: =K83/J83 -> 938.4 | M83: 0.74305556 | N83: 0.76041667 | O83: 20 | P83: =(N83-M83)*24*60 -> 25 | Q83: 0.76041667 | R83: 0.80208333
B84: 飯糰 | D84: 二配壹號醬炙烤牛飯糰 | F84: 22.281818 | G84: 1091 | H84: =F84*G84 -> 24309.464 | J84: 4 | K84: =G84/P84*60 -> 2618.4 | L84: =K84/J84 -> 654.6 | M84: 0.81597222 | N84: 0.83333333 | O84: 20 | P84: =(N84-M84)*24*60 -> 25
B85: 0 | F85: 0 | H85: =F85*G85 -> 0
B86: 0 | F86: 0 | H86: =F86*G86 -> 0
F87: 0 | H87: =F87*G87 -> 0
B88: 0 | F88: 0 | H88: =F88*G88 -> 0
