Workbook

Sheet 0331
B1: 晉欣廠組合室生產人時性分析
B3: 日期 | D3: 03月31日 星期 二 | F3: 訂單量 | H3: 260891.4 | J3: 營業額 | L3: 8383382.9
B4: 項目 | D4: 項目 | F4: ➀ | H4: ➁ | J4: ➂ | L4: ➃ | N4: 異常停線 | P4: 短暫停線
B5: 人時性 | D5: 組合室 | F5: 全溫層 | H5: 4度C(含4度飯糰) | J5: 18度C 一配 | L5: 18度C 二配 | N5: 合計次數 | O5: 時間 | P5: 合計次數 | Q5: 設備次數
D6: 排關平均 | F6: =AVERAGE(D13:O13,P13:Q13,D30:E30,G30:H30,J30:M30) -> 386.82511 | H6: =AVERAGE(D13:P13,Q13) -> 145.72517 | J6: =AVERAGE(D30:E30,G30:H30) -> 736.25 | L6: =AVERAGE(J30:M30) -> 881.25 | N6: =[1]晉欣4度C0324!$Z$2 -> 0 | O6: =[1]晉欣4度C0324!$AA$2 -> 0 | P6: 4 | Q6: 3
D7: 實績平均 | F7: =AVERAGE(D14:O14,P14:Q14,D31:E31,J31:M31,G31:H31) -> 349.19636 | H7: =AVERAGE(D14:P14,Q14) -> 130.57841 | J7: =AVERAGE(D31:E31,G31:H31) -> 720.39209 | L7: =AVERAGE(J31:M31) -> 743.16343
D8: 達成率平均 | F8: =AVERAGE(D15:O15,P15:Q15,D32:E32,G32:H32,J32:K32,L32) -> 0.89258027 | H8: =AVERAGE(D15:O15,P15:Q15) -> 0.89923103 | J8: =AVERAGE(D32:E32,G32:H32) -> 0.95427064 | L8: =AVERAGE(J32:M32) -> 0.84040887
B10: 溫層 | D10: ➁4度C-各編組展開
B11: 編組 | D11: 1 | E11: 2 | F11: 3 | G11: 4 | H11: 5 | I11: 6 | J11: 7 | K11: 8 | L11: 9 | M11: 10 | N11: 11 | O11: 12 | P11: 13 | Q11: 14
D12: 4度一組 | E12: 4度二組A | F12: 4度二組B | G12: 4度二組C1 | H12: 4度二組C2 | I12: 4度三組 | J12: 4度四組 | K12: 4度五組 | L12: 綜合一組 | M12: 綜合二組 | N12: 綜合三組 | O12: 綜合四組 | P12: 便當組 | Q12: 壽司線
B13: 人時性 | C13: 排關 | D13: 126.55806 | E13: 114.93927 | F13: 159.31333 | G13: 392.85714 | H13: 223.21429 | I13: 88.487999 | J13: 76.174464 | K13: 103.33228 | L13: 160.438 | M13: 86.784086 | N13: 86.762208 | O13: 92.438095 | P13: 178.85319 | Q13: 150
C14: 實績 | D14: 113.6031 | E14: 106.77365 | F14: 136.26862 | G14: 333.31822 | H14: 208.86508 | I14: 75.707603 | J14: 69.466952 | K14: 92.338131 | L14: 145.802 | M14: 78.393833 | N14: 80.300148 | O14: 78.496963 | P14: 170.35158 | Q14: 138.41188
C15: 達成率 | D15: =D14/D13 -> 0.8976362 | E15: =E14/E13 -> 0.92895706 | F15: =F14/F13 -> 0.85534978 | G15: =G14/G13 -> 0.84844638 | H15: =H14/H13 -> 0.93571555 | I15: =I14/I13 -> 0.85556916 | J15: =J14/J13 -> 0.91194539 | K15: =K14/K13 -> 0.8936039 | ... Q15: =Q14/Q13 -> 0.92274589
B16: 作業 時間 | C16: 開始 | D16: 0.29166667 | E16: 0.16666667 | F16: 0.16666667 | G16: 0.16666667 | H16: 0.16666667 | I16: 0.29166667 | J16: 0.33333333 | K16: 0.33333333 | L16: 0.5 | M16: 0.5 | N16: 0.5 | O16: 0.70833333 | P16: 0.16666667 | Q16: 0.17361111
C17: 結束 | D17: 0.76527778 | E17: 0.60625 | F17: 0.56111111 | G17: 0.80208333 | H17: 0.73958333 | I17: 0.78888889 | J17: 0.80694444 | K17: 0.75833333 | L17: 0.89375 | M17: 0.99375 | N17: 0.96805556 | O17: 0.85486111 | P17: 0.57569444 | Q17: 0.58125
B18: 產線異常 (5分鐘以上) | C18: 次數
C19: 時間/分
B20: 短暫停線 (5分鐘以下) | C20: 次數 | D20: 1 | G20: 1 | L20: 1 | N20: 1
C21: 設備次數 | E21: 2 | M21: 1
B22: 配置人數 | D22: 19.714286 | E22: 17.5 | F22: 14 | G22: 5.8 | H22: 7 | I22: 17 | J22: 18.666667 | K22: 17.125 | L22: 15.5 | M22: 18.5 | N22: 17.375 | O22: 16.2 | P22: 13 | Q22: 11.2
B23: 主要應用設備 | D23: ET-600 | E23: ET-600 | F23: ET-600 | G23: 八爪機 | H23: 十爪機 | I23: ET-55 | J23: ET-55 | K23: ET-55 | L23: ET-55 | M23: ET-55 | N23: ET-55 | O23: ET-55 | P23: 伺服包裝機 | Q23: 伺服包裝機
B24: 次要應用設備
B25: 備註 | E25: 熱麵固定線 | G25: 烤飯糰 | H25: 烤飯糰 | K25: 吸收產線 | P25: 大口固定線
D27: ➂18度C 一配-各編組展開 | I27: ➃18度C 二配-各編組展開
B28: 編組 | D28: 1 | E28: 2 | F28: 3 | G28: 4 | H28: 5 | I28: 1 | J28: 2 | K28: 3 | L28: 4 | M28: 5
D29: 連續式 海苔機 | E29: 3300型 飯糰機A | F29: 3300型 飯糰機B | G29: 3600型 飯糰機A | H29: 3600型 飯糰機B | I29: 夾心型 飯糰機 | J29: 3300型 飯糰機A | K29: 3300型 飯糰機B | L29: 3600型 飯糰機A | M29: 3600型 飯糰機B
B30: 人時性 | C30: 排關 | D30: 320 | E30: 825 | F30: 825 | G30: 900 | H30: 900 | I30: 680 | J30: 825 | K30: 900 | L30: 900 | M30: 900
C31: 實績 | D31: 266.81053 | E31: 772.33057 | F31: 0 | G31: 899.60013 | H31: 942.82714 | I31: 0 | J31: 581 | K31: 590.1 | L31: 880.16367 | M31: 921.39007
C32: 達成率 | D32: =D31/D30 -> 0.83378289 | E32: =E31/E30 -> 0.93615827 | F32: =F31/F30 -> 0 | G32: =G31/G30 -> 0.9995557 | H32: =H31/H30 -> 1.0475857 | I32: =I31/I30 -> 0 | J32: =J31/J30 -> 0.70424242 | K32: =K31/K30 -> 0.65566667 | ... M32: =M31/M30 -> 1.0237667
B33: 作業 時間 | C33: 開始 | D33: 0.18055556 | E33: 0.18055556 | F33: 0 | G33: 3138 | H33: 0.18055556 | I33: 0 | J33: 0.72222222 | K33: 0.72222222 | L33: 0.72222222 | M33: 0.72222222
C34: 結束 | D34: 0.22847222 | E34: 0.32638889 | F34: 0 | G34: 1070.6897 | H34: 0.42638889 | I34: 0 | J34: 0.73263889 | K34: 0.82291667 | L34: 46113.118 | M34: 1.0256944
B35: 配置人數 | D35: 5.5 | E35: 3.6666667 | F35: 0 | G35: 3.6 | H35: 3.4 | I35: 0 | J35: 4 | K35: 3.6666667 | L35: 3.4 | M35: 3.5
B36: 主要應用設備 | D36: 連續式 海苔機 | E36: 3300型 | F36: 3300型 | G36: 3600型 | H36: 3600型 | I36: 夾心型 | J36: 3300型 | K36: 3300型 | L36: 3600型 | M36: 3600型
B37: 次要應用設備
B38: 備註

Sheet 晉欣18度C0331
A1: 晉欣廠18度C日報分析 | D1: 總生產量 | E1: =SUM(G5:G124) -> 80487 | F1: 營業額 | G1: =SUM(H5:H124) -> 1497428.9 | H1: 出勤人數 | I1: =+J16+J64+J24+J38+J51+J81+J100+J91+J57+J124+J111 -> 38.533333 | J1: 生產實績 | M1: 日報登錄
A2: 03月31日 星期二 | D2: 人時性 | E2: =AVERAGE(L16,L24,L38,L51,L100,L111,L91) -> 538.13611 | F2: 平均廠價 | G2: =G1/E1 -> 18.604606 | H2: 多次生產數 | I2: =COUNT(I5:I124) -> 0
A3: 線別 | B3: 品類 | D3: 品名 | F3: 廠價 | G3: 生產量 | H3: 營收 | I3: 多次 生產 | J3: 人數 | K3: 產能/時 | L3: 人時性 | M3: 生產時間 | O3: 換線/分 | P3: 稼動時間/分 | Q3: 休息時間
M4: 開始 | N4: 結束 | Q4: 開始 | R4: 結束
A5: 壽司線 | B5: 0 | D5: 雙饗雙手卷(捲) | F5: 0 | G5: 1258 | H5: =F5*G5 -> 0 | J5: 9 | K5: =G5/P5*60 -> 1509.6 | L5: =K5/J5 -> 167.73333 | M5: 0.17361111 | N5: 0.20833333 | O5: 10 | P5: =(N5-M5)*24*60 -> 50
B6: 0 | D6: 海饌雙手卷(捲) | F6: 0 | G6: 1315 | H6: =F6*G6 -> 0 | J6: 9 | K6: =G6/P6*60 -> 1578 | L6: =K6/J6 -> 175.33333 | M6: 0.21180556 | N6: 0.24652778 | O6: 5 | P6: =(N6-M6)*24*60 -> 50
B7: 壽司手卷 | D7: 雙倍德腸飯卷 | F7: 36.45 | G7: 1581 | H7: =F7*G7 -> 57627.45 | J7: 11 | K7: =G7/P7*60 -> 1459.3846 | L7: =K7/J7 -> 132.67133 | M7: 0.25 | N7: 0.29513889 | O7: 5 | P7: =(N7-M7)*24*60 -> 65
B8: 壽司手卷 | D8: 明太子泡菜牛飯卷 | F8: 27.05 | G8: 415 | H8: =F8*G8 -> 11225.75 | J8: 13 | K8: =G8/P8*60 -> 1383.3333 | L8: =K8/J8 -> 106.41026 | M8: 0.29861111 | N8: 0.31111111 | O8: 5 | P8: =(N8-M8)*24*60 -> 18 | Q8: 0.31805556 | R8: 0.34930556
B9: 壽司手卷 | D9: 銀鮭美乃滋脆卷 | F9: 19.7 | G9: 1846 | H9: =F9*G9 -> 36366.2 | J9: 13 | K9: =G9/P9*60 -> 1165.8947 | L9: =K9/J9 -> 89.684211 | M9: 0.35277778 | N9: 0.41875 | O9: 5 | P9: =(N9-M9)*24*60 -> 95
B10: 壽司手卷 | D10: 日式鮪魚美乃滋脆卷 | F10: 17.87 | G10: 831 | H10: =F10*G10 -> 14849.97 | J10: 13 | K10: =G10/P10*60 -> 1246.5 | L10: =K10/J10 -> 95.884615 | M10: 0.42222222 | N10: 0.45 | O10: 5 | P10: =(N10-M10)*24*60 -> 40
B11: 壽司手卷 | D11: 長野稻荷壽司 | F11: 25.64 | G11: 664 | H11: =F11*G11 -> 17024.96 | J11: 10 | K11: =G11/P11*60 -> 1593.6 | L11: =K11/J11 -> 159.36 | M11: 0.45347222 | N11: 0.47083333 | O11: 5 | P11: =(N11-M11)*24*60 -> 25
B12: 壽司手卷 | D12: 雙饗雙手卷 | F12: 29.52 | G12: 1258 | H12: =F12*G12 -> 37136.16 | J12: 12 | K12: =G12/P12*60 -> 1797.1429 | L12: =K12/J12 -> 149.7619 | M12: 0.47430556 | N12: 0.50347222 | O12: 5 | P12: =(N12-M12)*24*60 -> 42
B13: 壽司手卷 | D13: 海饌雙手卷 | F13: 29.857 | G13: 1315 | H13: =F13*G13 -> 39261.955 | J13: 12 | K13: =G13/P13*60 -> 1834.8837 | L13: =K13/J13 -> 152.90698 | M13: 0.50694444 | N13: 0.53680556 | O13: 5 | P13: =(N13-M13)*24*60 -> 43
B14: 飯糰 | D14: 兩粒飯糰(鮪魚.焦糖鮭魚) | F14: 28.57 | G14: 1518 | H14: =F14*G14 -> 43369.26 | J14: 10 | K14: =G14/P14*60 -> 1543.7288 | L14: =K14/J14 -> 154.37288 | M14: 0.54027778 | N14: 0.58125 | O14: 5 | P14: =(N14-M14)*24*60 -> 59
B15: 0 | F15: 0 | H15: =F15*G15 -> 0
B16: 0 | C16: 壽司線 | D16: 平均 | J16: =AVERAGE(J5:J15) -> 11.2 | K16: =AVERAGE(K5:K15) -> 1511.2068 | L16: =AVERAGE(L5:L15) -> 138.41188
A17: 捲壽司機 | B17: 壽司手卷 | D17: 雙鬆細卷 | F17: 14.03 | G17: 453 | H17: =F17*G17 -> 6355.59 | J17: 6 | K17: =G17/P17*60 -> 1430.5263 | L17: =K17/J17 -> 238.42105 | M17: 0.18055556 | N17: 0.19375 | O17: 20 | P17: =(N17-M17)*24*60 -> 19
B18: 飯糰 | D18: 經典鮪魚沙拉細卷 | F18: 14.49 | G18: 738 | H18: =F18*G18 -> 10693.62 | J18: 5 | K18: =G18/P18*60 -> 1476 | L18: =K18/J18 -> 295.2 | M18: 0.20763889 | N18: 0.22847222 | O18: 20 | P18: =(N18-M18)*24*60 -> 30
B19: 0 | F19: 0 | H19: =F19*G19 -> 0
B20: 0 | F20: 0 | H20: =F20*G20 -> 0
B21: 0 | F21: 0 | H21: =F21*G21 -> 0
B22: 0 | F22: 0 | H22: =F22*G22 -> 0
B23: 0 | F23: 0 | H23: =F23*G23 -> 0
B24: 0 | C24: 連續式 海苔機 | D24: 平均 | J24: =AVERAGE(J17:J23) -> 5.5 | K24: =AVERAGE(K17:K23) -> 1453.2632 | L24: =AVERAGE(L17:L23) -> 266.81053
A25: 3300型 飯糰機A | B25: 飯糰 | D25: 煙燻培根飯糰(區) | F25: 15.03 | G25: 2460 | H25: =F25*G25 -> 36973.8 | J25: 4 | K25: =G25/P25*60 -> 2784.9057 | L25: =K25/J25 -> 696.22642 | M25: 0.18055556 | N25: 0.21736111 | O25: 20 | P25: =(N25-M25)*24*60 -> 53
B26: 飯糰 | D26: 碳烤燒肉飯飯糰(區) | F26: 18.18 | G26: 3162 | H26: =F26*G26 -> 57485.16 | J26: 4 | K26: =G26/P26*60 -> 2790 | L26: =K26/J26 -> 697.5 | M26: 0.23125 | N26: 0.27847222 | O26: 20 | P26: =(N26-M26)*24*60 -> 68
B27: 飯糰 | D27: 鮭魚奶油醬油飯糰 | F27: 18.53 | G27: 2262 | H27: =F27*G27 -> 41914.86 | J27: 3 | K27: =G27/P27*60 -> 2769.7959 | L27: =K27/J27 -> 923.26531 | M27: 0.29236111 | N27: 0.32638889 | O27: 20 | P27: =(N27-M27)*24*60 -> 49
B28: 0
B29: 0
B30: 0
B31: 0
B32: 0 | F32: 0 | H32: =F32*G32 -> 0
B33: 0 | F33: 0 | H33: =F33*G33 -> 0
B34: 0 | F34: 0 | H34: =F34*G34 -> 0
B35: 0 | F35: 0 | H35: =F35*G35 -> 0
B36: 0 | F36: 0 | H36: =F36*G36 -> 0
B37: 0 | F37: 0 | H37: =F37*G37 -> 0
B38: 0 | C38: 3300型 飯糰機A | D38: 平均 | J38: =AVERAGE(J25:J37) -> 3.6666667 | K38: =AVERAGE(K25:K37) -> 2781.5672 | L38: =AVERAGE(L25:L37) -> 772.33057
A39: 3300型B 飯糰機 | B39: 0 | F39: 0 | H39: =F39*G39 -> 0
B40: 0 | F40: 0 | H40: =F40*G40 -> 0
B41: 0 | F41: 0 | H41: =F41*G41 -> 0
B42: 0 | F42: 0 | H42: =F42*G42 -> 0
B43: 0 | F43: 0 | H43: =F43*G43 -> 0
B44: 0 | F44: 0 | H44: =F44*G44 -> 0
B45: 0 | F45: 0 | H45: =F45*G45 -> 0
B46: 0 | F46: 0 | H46: =F46*G46 -> 0
B47: 0 | F47: 0 | H47: =F47*G47 -> 0
B48: 0 | F48: 0
B49: 0 | F49: 0 | H49: =F49*G49 -> 0
B50: 0 | F50: 0 | H50: =F50*G50 -> 0
B51: 0 | C51: 3300型 飯糰機B | D51: 平均
A52: 3600型(A) 飯糰機 | B52: 飯糰 | D52: 熟成紅鮭飯糰 | F52: 25.03 | G52: 786 | H52: =F52*G52 -> 19673.58 | J52: 4 | K52: =G52/P52*60 -> 3144 | L52: =K52/J52 -> 786 | M52: 0.30555556 | N52: 0.31597222 | O52: 20 | P52: =(N52-M52)*24*60 -> 15
B53: 飯糰 | D53: 北海道秋鮭親子飯糰 | F53: 24.82 | G53: 1012 | H53: =F53*G53 -> 25117.84 | J53: 4 | K53: =G53/P53*60 -> 3195.7895 | L53: =K53/J53 -> 798.94737 | M53: 0.32986111 | N53: 0.34305556 | O53: 20 | P53: =(N53-M53)*24*60 -> 19
B54: 飯糰 | D54: 贅沢鮭魚肚飯糰 | F54: 30 | G54: 1752 | H54: =F54*G54 -> 52560 | J54: 4 | K54: =G54/P54*60 -> 3185.4545 | L54: =K54/J54 -> 796.36364 | M54: 0.35694444 | N54: 0.37986111 | O54: 20 | P54: =(N54-M54)*24*60 -> 33 | Q54: 0.37986111 | R54: 0.42152778
B55: 飯糰 | D55: 經典肉鬆飯糰 | F55: 14.03 | G55: 3105 | H55: =F55*G55 -> 43563.15 | J55: 3 | K55: =G55/P55*60 -> 3212.069 | L55: =K55/J55 -> 1070.6897 | M55: 0.43888889 | N55: 0.47916667 | O55: 20 | P55: =(N55-M55)*24*60 -> 58
B56: 飯糰 | D56: 明太子龍蝦風味沙拉飯糰 | F56: 18.18 | G56: 1569 | H56: =F56*G56 -> 28524.42 | J56: 3 | K56: =G56/P56*60 -> 3138 | L56: =K56/J56 -> 1046 | M56: 0.49305556 | N56: 0.51388889 | O56: 20 | P56: =(N56-M56)*24*60 -> 30
B57: 0 | C57: 夾心型 飯糰機 | F57: 0 | H57: =F57*G57 -> 0
B58: 0 | F58: 0 | H58: =F58*G58 -> 0
B59: 0 | F59: 0 | H59: =F59*G59 -> 0
B60: 0 | F60: 0 | H60: =F60*G60 -> 0
B61: 0 | F61: 0 | H61: =F61*G61 -> 0
B62: 0 | F62: 0 | H62: =F62*G62 -> 0
B63: 0 | F63: 0 | H63: =F63*G63 -> 0
B64: 0 | C64: 3600型 飯糰機A | D64: 平均 | J64: =AVERAGE(J52:J63) -> 3.6 | K64: =AVERAGE(K52:K63) -> 3175.0626 | L64: =AVERAGE(L52:L63) -> 899.60013
A65: 3600型(B) 飯糰機 | B65: 飯糰 | D65: 雞肉飯飯糰 | F65: 16.66 | G65: 2998 | H65: =F65*G65 -> 49946.68 | J65: 4 | K65: =G65/P65*60 -> 3155.7895 | L65: =K65/J65 -> 788.94737 | M65: 0.18055556 | N65: 0.22013889 | O65: 20 | P65: =(N65-M65)*24*60 -> 57
B66: 飯糰 | D66: 壹號醬炙烤牛飯糰 | F66: 22.281818 | G66: 743 | H66: =F66*G66 -> 16555.391 | J66: 4 | K66: =G66/P66*60 -> 3184.2857 | L66: =K66/J66 -> 796.07143 | M66: 0.23402778 | N66: 0.24375 | O66: 20 | P66: =(N66-M66)*24*60 -> 14
B67: 飯糰 | D67: 鹽蔥燒肉飯糰 | F67: 17.890909 | G67: 1773 | H67: =F67*G67 -> 31720.582 | J67: 3 | K67: =G67/P67*60 -> 3128.8235 | L67: =K67/J67 -> 1042.9412 | M67: 0.25763889 | N67: 0.28125 | O67: 20 | P67: =(N67-M67)*24*60 -> 34 | Q67: 0.28125 | R67: 0.32291667
B68: 飯糰 | D68: 蔬食鮪魚飯糰 | F68: 18.18 | G68: 920 | H68: =F68*G68 -> 16725.6 | J68: 3 | K68: =G68/P68*60 -> 3066.6667 | L68: =K68/J68 -> 1022.2222 | M68: 0.34027778 | N68: 0.35277778 | O68: 20 | P68: =(N68-M68)*24*60 -> 18
B69: 飯糰 | D69: 鮪魚飯糰 | F69: 14.285714 | G69: 4575 | H69: =F69*G69 -> 65357.143 | J69: 3 | K69: =G69/P69*60 -> 3191.8605 | L69: =K69/J69 -> 1063.9535 | M69: 0.36666667 | N69: 0.42638889 | O69: 20 | P69: =(N69-M69)*24*60 -> 86
B70: 0 | C70: 夾心型 飯糰機 | F70: 0 | H70: =F70*G70 -> 0
B71: 0 | F71: 0 | H71: =F71*G71 -> 0
B72: 0 | F72: 0 | H72: =F72*G72 -> 0
B73: 0 | F73: 0 | H73: =F73*G73 -> 0
B74: 0 | F74: 0 | H74: =F74*G74 -> 0
B75: 0 | C75: 3600型 飯糰機B | D75: 平均 | J75: =AVERAGE(J65:J74) -> 3.4 | K75: =AVERAGE(K65:K74) -> 3145.4852 | L75: =AVERAGE(L65:L74) -> 942.82714
A76: 二配 夾心型 飯糰機 | B76: 0 | F76: 0 | H76: =F76*G76 -> 0 | J76: 0 | K76: 0 | L76: 0
B77: 0 | F77: 0 | H77: =F77*G77 -> 0
B78: 0 | F78: 0 | H78: =F78*G78 -> 0
B79: 0 | F79: 0 | H79: =F79*G79 -> 0
B80: 0 | F80: 0 | H80: =F80*G80 -> 0
B81: 0 | C81: 夾心型 飯糰機 | D81: 平均 | J81: =AVERAGE(J76:J80) -> 0 | K81: =AVERAGE(K76:K80) -> 0 | L81: =AVERAGE(L76:L80) -> 0
A82: 二配 3300型A 飯糰機 | B82: 飯糰 | D82: 二配油蔥G絲飯糰 | F82: 18.18 | G82: 581 | H82: =F82*G82 -> 10562.58 | J82: 4 | K82: =G82/P82*60 -> 2324 | L82: =K82/J82 -> 581 | M82: 0.72222222 | N82: 0.73263889 | O82: 20 | P82: =(N82-M82)*24*60 -> 15
B83: 0 | F83: 0 | H83: =F83*G83 -> 0
B84: 0 | F84: 0 | H84: =F84*G84 -> 0
B85: 0 | F85: 0 | H85: =F85*G85 -> 0
B86: 0 | F86: 0 | H86: =F86*G86 -> 0
F87: 0 | H87: =F87*G87 -> 0
B88: 0 | F88: 0 | H88: =F88*G88 -> 0
B89: 0 | F89: 0 | H89: =F89*G89 -> 0
B90: 0 | F90: 0 | H90: =F90*G90 -> 0
B91: 0 | C91: 3300型 飯糰機A | D91: 平均 | J91: =AVERAGE(J82:J90) -> 4 | K91: =AVERAGE(K82:K90) -> 2324 | L91: =AVERAGE(L82:L90) -> 581
A92: 二配 3300型B 飯糰機 | B92: 飯糰 | D92: 二配大飯糰韓式蒜烤豬五花 | F92: 24.54 | G92: 1734 | H92: =F92*G92 -> 42552.36 | J92: 3 | K92: =G92/P92*60 -> 2080.8 | L92: =K92/J92 -> 693.6 | M92: 0.72222222 | N92: 0.75694444 | O92: 20 | P92: =(N92-M92)*24*60 -> 50
B93: 飯糰 | D93: 二配大飯糰滷肉飯加蛋 | F93: 22.48 | G93: 877 | H93: =F93*G93 -> 19714.96 | J93: 4 | K93: =G93/P93*60 -> 2104.8 | L93: =K93/J93 -> 526.2 | M93: 0.77083333 | N93: 0.78819444 | O93: 20 | P93: =(N93-M93)*24*60 -> 25
B94: 飯糰 | D94: 二配大飯糰鮪魚昆布 | F94: 22.21 | G94: 1468 | H94: =F94*G94 -> 32604.28 | J94: 4 | K94: =G94/P94*60 -> 2202 | L94: =K94/J94 -> 550.5 | M94: 0.79513889 | N94: 0.82291667 | O94: 20 | P94: =(N94-M94)*24*60 -> 40
B95: 0 | F95: 0 | H95: =F95*G95 -> 0
B96: 0 | F96: 0 | H96: =F96*G96 -> 0
B97: 0 | F97: 0 | H97: =F97*G97 -> 0
B98: 0
B99: 0 | F99: 0 | H99: =F99*G99 -> 0
B100: 0 | C100: 3300型 飯糰機B | D100: 平均 | J100: =AVERAGE(J92:J99) -> 3.6666667 | K100: =AVERAGE(K92:K99) -> 2129.2 | L100: =AVERAGE(L92:L99) -> 590.1
...

Sheet 晉欣4度C0331
A1: 晉欣廠四度C日報分析 | D1: 總生產量 | E1: =SUM(G5:G173) -> 180404.4 | F1: 營業額 | G1: =SUM(H5:H173) -> 6885953.9 | H1: 出勤人數 | I1: =M17+M30+M43+M56+M69+M82+M95+M108+M121+M134+M147+M160+M173 -> 197.38095 | J1: 產線配置圖 | M1: 生產實績 | P1: 人時性差異分析 | T1: 日報登錄 | Z1: 合計 次數 | AA1: 合計 時間/分 | AB1: 產線異常分析 說明(5分鐘以上) | AD1: 合計 次數 | AE1: 合計 設備次數 | AF1: 產能差異分析
A2: 03月31日 星期 二 | D2: 人時性 | E2: =AVERAGE(O17,O30,O43,O56,O69,O82,O95,O108,O121,O134,O147,O160,O173) -> 129.50814 | F2: 平均廠價 | G2: =G1/E1 -> 38.169545 | H2: 多次生產數 | I2: =COUNT(I5:I173) -> 8 | Z2: =Z17+Z30+Z43+Z56+Z69+Z82+Z95+Z108+Z121+Z134+Z147+Z160+Z173 -> 0 | AA2: =AA17+AA30+AA43+AA56+AA69+AA82+AA95+AA108+AA121+AA134+AA147+AA160+AA173 -> 0 | AD2: =AD17+AD30+AD43+AD56+AD69+AD82+AD95+AD108+AD121+AD134+AD147+AD160+AD173 -> 4 | AE2: =AE17+AE30+AE43+AE56+AE69+AE82+AE95+AE108+AE121+AE134+AE147+AE160+AE173 -> 3
A3: 線別 | B3: 品類 | D3: 品名 | F3: 廠價 | G3: 生產量 | H3: 營收 | I3: 多次 生產 | J3: 人數 | K3: 產能/時 | L3: 人時性 | M3: 人數 | N3: 產能/時 | O3: 人時性 | P3: 人數 | Q3: 人時性 | R3: 達成率 | S3: 達成率平均 | T3: 生產時間 | V3: 前置、換線時間/分 | W3: 稼動時間/分 | X3: 休息時間 | Z3: 產線異常統計 (5分鐘以上) | AB3: 分析說明 | AD3: 短暫停線統計 (5分鐘以下) | AF3: 產能/時 | AG3: 達成率 | AH3: 達成率平均
T4: 開始 | U4: 結束 | X4: 開始 | Y4: 結束 | Z4: 次數 | AA4: 時間/分 | AD4: 總次數 | AE4: 設備因素(次數)
A5: 四度一組 (ET-600) | B5: 季節調理麵 | D5: 椒麻香蔥雞涼拌麵 | F5: 37.94 | G5: 4112.55 | H5: =F5*G5 -> 156030.15 | J5: 20 | K5: 2400 | L5: 120 | M5: 20 | N5: =G5/W5*60 -> 2243.2091 | O5: =N5/M5 -> 112.16045 | P5: =M5-J5 -> 0 | Q5: =O5-L5 -> -7.8395455 | R5: =O5/L5 -> 0.93467045 | S5: =R17 -> 0.89025061 | T5: 0.29166667 | U5: 0.36805556 | V5: 5 | W5: =(U5-T5)*24*60 -> 110 | AF5: =N5-K5 -> -156.79091 | AG5: =N5/K5 -> 0.93467045 | AH5: =AG17 -> 0.9354246
B6: 季節調理麵 | D6: 台式麻醬涼麵 | F6: 31.266132 | G6: 2633.8 | H6: =F6*G6 -> 82348.738 | J6: 18 | K6: 2600 | L6: 144.44444 | M6: 20 | N6: =G6/W6*60 -> 2469.1875 | O6: =N6/M6 -> 123.45937 | P6: =M6-J6 -> 2 | Q6: =O6-L6 -> -20.985069 | R6: =O6/L6 -> 0.85471875 | T6: 0.37291667 | U6: 0.41736111 | V6: 7 | W6: =(U6-T6)*24*60 -> 64 | AF6: =N6-K6 -> -130.8125 | AG6: =N6/K6 -> 0.9496875
B7: 季節調理麵 | D7: 大滿足麻醬涼麵 | F7: 38 | G7: 5032.2 | H7: =F7*G7 -> 191223.6 | J7: 19 | K7: 2600 | L7: 136.84211 | M7: 20 | N7: =G7/W7*60 -> 2516.1 | O7: =N7/M7 -> 125.805 | P7: =M7-J7 -> 1 | Q7: =O7-L7 -> -11.037105 | R7: =O7/L7 -> 0.91934423 | T7: 0.43263889 | U7: 0.51597222 | V7: 22 | W7: =(U7-T7)*24*60 -> 120 | X7: 0.42083333 | Y7: 0.42986111 | AD7: 1 | AF7: =N7-K7 -> -83.9 | AG7: =N7/K7 -> 0.96773077
B8: 季節調理麵 | D8: 大滿足麻醬涼麵 | F8: 38 | G8: 3354.8 | H8: =F8*G8 -> 127482.4 | J8: 19 | K8: 2600 | L8: 136.84211 | M8: 20 | N8: =G8/W8*60 -> 2485.037 | O8: =N8/M8 -> 124.25185 | P8: =M8-J8 -> 1 | Q8: =O8-L8 -> -12.590253 | R8: =O8/L8 -> 0.9079943 | T8: 0.55625 | U8: 0.6125 | V8: 5 | W8: =(U8-T8)*24*60 -> 81 | AF8: =N8-K8 -> -114.96296 | AG8: =N8/K8 -> 0.95578348
B9: 季節調理麵 | D9: 台式麻醬涼麵 | F9: 31.266132 | G9: 1418.2 | H9: =F9*G9 -> 44341.628 | J9: 18 | K9: 2600 | L9: 144.44444 | M9: 20 | N9: =G9/W9*60 -> 2431.2 | O9: =N9/M9 -> 121.56 | P9: =M9-J9 -> 2 | Q9: =O9-L9 -> -22.884444 | R9: =O9/L9 -> 0.84156923 | T9: 0.61736111 | U9: 0.64166667 | V9: 7 | W9: =(U9-T9)*24*60 -> 35 | AF9: =N9-K9 -> -168.8 | AG9: =N9/K9 -> 0.93507692
B10: 季節調理麵 | D10: 椒麻香蔥雞涼拌麵 | F10: 37.94 | G10: 2214.45 | H10: =F10*G10 -> 84016.233 | J10: 20 | K10: 2400 | L10: 120 | M10: 20 | N10: =G10/W10*60 -> 2109 | O10: =N10/M10 -> 105.45 | P10: =M10-J10 -> 0 | Q10: =O10-L10 -> -14.55 | R10: =O10/L10 -> 0.87875 | T10: 0.64722222 | U10: 0.69097222 | V10: 8 | W10: =(U10-T10)*24*60 -> 63 | AF10: =N10-K10 -> -291 | AG10: =N10/K10 -> 0.87875
B11: 微波主食 | D11: 二配濃起司燻腸紅醬焗烤飯 | F11: 50.67 | G11: 1915 | H11: =F11*G11 -> 97033.05 | J11: 18 | K11: 1500 | L11: 83.333333 | M11: 18 | N11: =G11/W11*60 -> 1367.8571 | O11: =N11/M11 -> 75.992063 | P11: =M11-J11 -> 0 | Q11: =O11-L11 -> -7.3412698 | R11: =O11/L11 -> 0.91190476 | T11: 0.70833333 | U11: 0.76666667 | V11: 5 | W11: =(U11-T11)*24*60 -> 84 | AF11: =N11-K11 -> -132.14286 | AG11: =N11/K11 -> 0.91190476
B12: 0 | F12: 0 | H12: =F12*G12 -> 0 | AF12: =N12-K12 -> 0 | AG12: =N12/K12 -> #DIV/0!
B13: 0 | F13: 0 | H13: =F13*G13 -> 0 | AF13: =N13-K13 -> 0 | AG13: =N13/K13 -> #DIV/0!
B14: 0 | F14: 0 | H14: =F14*G14 -> 0 | W14: =(U14-T14)*24*60 -> 0
B15: 0 | F15: 0 | H15: =F15*G15 -> 0 | W15: =(U15-T15)*24*60 -> 0
B16: 0 | F16: 0 | H16: =F16*G16 -> 0 | W16: =(U16-T16)*24*60 -> 0
B17: 0 | C17: 4度一組 | D17: 平均 | J17: 18.857143 | K17: 2385.7143 | L17: 126.55806 | M17: =AVERAGE(M5:M16) -> 19.714286 | N17: =AVERAGE(N5:N16) -> 2231.6558 | O17: =AVERAGE(O5:O16) -> 112.66839 | P17: =M17-J17 -> 0.85714286 | Q17: =O17-L17 -> -13.88967 | R17: =O17/L17 -> 0.89025061 | W17: =(U17-T17)*24*60 -> 0 | Z17: =SUM(Z5:Z16) -> 0 | AA17: =SUM(AA5:AA16) -> 0 | AD17: =SUM(AD5:AD16) -> 1 | AE17: =SUM(AE5:AE16) -> 0 | AF17: =N17-K17 -> -154.05846 | AG17: =N17/K17 -> 0.9354246
A18: 四度二組A 熱麵 固定線 (ET-55) | B18: 季節調理麵 | D18: 日式蕎麥沾麵 | F18: 36.86 | G18: 3405.6 | H18: =F18*G18 -> 125530.42 | J18: 17 | K18: 2250 | L18: 132.35294 | M18: 18 | N18: =G18/W18*60 -> 2245.4505 | O18: =N18/M18 -> 124.74725 | P18: =M18-J18 -> 1 | Q18: =O18-L18 -> -7.6056884 | R18: =O18/L18 -> 0.9425348 | S18: =R30 -> 0.93015782 | T18: 0.16666667 | U18: 0.22986111 | V18: 5 | W18: =(U18-T18)*24*60 -> 91 | AF18: =N18-K18 -> -4.5494505 | AG18: =N18/K18 -> 0.99797802 | AH18: =AG30 -> 0.97501333
B19: 熱食義麵 | D19: 愛恨椒芝麵 | F19: 38.39 | G19: 2606 | H19: =F19*G19 -> 100044.34 | J19: 16 | K19: 1636 | L19: 102.25 | M19: 17 | N19: =G19/W19*60 -> 1475.0943 | O19: =N19/M19 -> 86.770255 | P19: =M19-J19 -> 1 | Q19: =O19-L19 -> -15.479745 | R19: =O19/L19 -> 0.84860885 | T19: 0.24513889 | U19: 0.31875 | V19: 22 | W19: =(U19-T19)*24*60 -> 106 | X19: 0.23333333 | Y19: 0.24236111 | AF19: =N19-K19 -> -160.90566 | AG19: =N19/K19 -> 0.90164691
B20: 小菜微波 | D20: 古早味炒炊粉 | F20: 43.14 | G20: 2216 | H20: =F20*G20 -> 95598.24 | J20: 16 | K20: 1440 | L20: 90 | M20: 16 | N20: =G20/W20*60 -> 1429.6774 | O20: =N20/M20 -> 89.354839 | P20: =M20-J20 -> 0 | Q20: =O20-L20 -> -0.64516129 | R20: =O20/L20 -> 0.99283154 | T20: 0.32361111 | U20: 0.38819444 | V20: 7 | W20: =(U20-T20)*24*60 -> 93 | AE20: 1 | AF20: =N20-K20 -> -10.322581 | AG20: =N20/K20 -> 0.99283154
B21: 熱食義麵 | D21: 辣腐乳麻醬拌麵 | F21: 38.1 | G21: 1457 | H21: =F21*G21 -> 55511.7 | J21: 17 | K21: 1500 | L21: 88.235294 | M21: 16 | N21: =G21/W21*60 -> 1324.5455 | O21: =N21/M21 -> 82.784091 | P21: =M21-J21 -> -1 | Q21: =O21-L21 -> -5.4512032 | R21: =O21/L21 -> 0.9382197 | T21: 0.39305556 | U21: 0.43888889 | V21: 7 | W21: =(U21-T21)*24*60 -> 66 | AF21: =N21-K21 -> -175.45455 | AG21: =N21/K21 -> 0.8830303
B22: 季節調理麵 | D22: 大滿足香辣涼麵 | F22: 38.630952 | G22: 6049 | H22: =F22*G22 -> 233678.63 | J22: 18 | K22: 2600 | L22: 144.44444 | M22: 20 | N22: =G22/W22*60 -> 2688.4444 | O22: =N22/M22 -> 134.42222 | P22: =M22-J22 -> 2 | Q22: =O22-L22 -> -10.022222 | R22: =O22/L22 -> 0.93061538 | T22: 0.47916667 | U22: 0.57291667 | V22: 5 | W22: =(U22-T22)*24*60 -> 135 | AE22: 1 | AF22: =N22-K22 -> 88.444444 | AG22: =N22/K22 -> 1.0340171
B23: 季節調理麵 | D23: 日式蕎麥沾麵 | F23: 36.86 | G23: 851.4 | H23: =F23*G23 -> 31382.604 | I23: 1 | J23: 17 | K23: 2250 | L23: 132.35294 | M23: 18 | N23: =G23/W23*60 -> 2221.0435 | O23: =N23/M23 -> 123.3913 | P23: =M23-J23 -> 1 | Q23: =O23-L23 -> -8.9616368 | R23: =O23/L23 -> 0.93228986 | T23: 0.5875 | U23: 0.60347222 | V23: 21 | W23: =(U23-T23)*24*60 -> 23 | X23: 0.57638889 | Y23: 0.58472222 | AF23: =N23-K23 -> -28.956522 | AG23: =N23/K23 -> 0.98713043
B24: 0 | F24: 0 | H24: =F24*G24 -> 0 | W24: =(U24-T24)*24*60 -> 0 | AF24: =N24-K24 -> 0 | AG24: =N24/K24 -> #DIV/0!
B25: 0 | F25: 0 | H25: =F25*G25 -> 0 | W25: =(U25-T25)*24*60 -> 0 | AF25: =N25-K25 -> 0 | AG25: =N25/K25 -> #DIV/0!
B26: 0 | F26: 0 | H26: =F26*G26 -> 0 | W26: =(U26-T26)*24*60 -> 0 | AF26: =N26-K26 -> 0 | AG26: =N26/K26 -> #DIV/0!
B27: 0 | F27: 0 | H27: =F27*G27 -> 0 | W27: =(U27-T27)*24*60 -> 0 | AF27: =N27-K27 -> 0 | AG27: =N27/K27 -> #DIV/0!
B28: 0 | F28: 0 | H28: =F28*G28 -> 0 | W28: =(U28-T28)*24*60 -> 0 | AF28: =N28-K28 -> 0 | AG28: =N28/K28 -> #DIV/0!
B29: 0 | F29: 0 | H29: =F29*G29 -> 0 | W29: =(U29-T29)*24*60 -> 0 | AF29: =N29-K29 -> 0
B30: 0 | C30: 4度二組A | D30: 平均 | J30: 16.833333 | K30: 1946 | L30: 114.93927 | M30: =AVERAGE(M18:M29) -> 17.5 | N30: =AVERAGE(N18:N29) -> 1897.3759 | O30: =AVERAGE(O18:O29) -> 106.91166 | P30: =M30-J30 -> 0.66666667 | Q30: =O30-L30 -> -8.0276095 | R30: =O30/L30 -> 0.93015782 | Z30: =SUM(Z18:Z29) -> 0 | AA30: =SUM(AA18:AA29) -> 0 | AD30: =SUM(AD18:AD29) -> 0 | AE30: =SUM(AE18:AE29) -> 2 | AF30: =N30-K30 -> -48.624052 | AG30: =N30/K30 -> 0.97501333
A31: 四度二組 (ET-55) | B31: 飯糰 | D31: 大口日式塔塔醬蝦排飯糰 | F31: 35.33 | G31: 2292 | H31: =F31*G31 -> 80976.36 | J31: 12 | K31: 2118 | L31: 176.5 | M31: 12 | N31: =G31/W31*60 -> 1858.3784 | O31: =N31/M31 -> 154.86486 | P31: =M31-J31 -> 0 | Q31: =O31-L31 -> -21.635135 | R31: =O31/L31 -> 0.87742133 | S31: =R43 -> 0.84435444 | T31: 0.16666667 | U31: 0.21805556 | V31: 5 | W31: =(U31-T31)*24*60 -> 74 | AF31: =N31-K31 -> -259.62162 | AG31: =N31/K31 -> 0.87742133 | AH31: =AG43 -> 0.84518411
B32: 飯糰 | D32: 大口起司熔岩白醬炸魚飯糰 | F32: 34.23 | G32: 2208 | H32: =F32*G32 -> 75579.84 | J32: 12 | K32: 2118 | L32: 176.5 | M32: 12 | N32: =G32/W32*60 -> 1865.9155 | O32: =N32/M32 -> 155.49296 | P32: =M32-J32 -> 0 | Q32: =O32-L32 -> -21.007042 | R32: =O32/L32 -> 0.88097993 | T32: 0.22291667 | U32: 0.27222222 | V32: 7 | W32: =(U32-T32)*24*60 -> 71 | AF32: =N32-K32 -> -252.08451 | AG32: =N32/K32 -> 0.88097993
B33: 飯糰 | D33: 大口義式香草雞腿排飯糰 | F33: 36.41 | G33: 3762.9 | H33: =F33*G33 -> 137007.19 | J33: 10 | K33: 2769 | L33: 276.9 | M33: 10 | N33: =G33/W33*60 -> 2235.3861 | O33: =N33/M33 -> 223.53861 | P33: =M33-J33 -> 0 | Q33: =O33-L33 -> -53.361386 | R33: =O33/L33 -> 0.80729005 | T33: 0.2875 | U33: 0.35763889 | V33: 22 | W33: =(U33-T33)*24*60 -> 101 | X33: 0.27569444 | Y33: 0.28472222 | AF33: =N33-K33 -> -533.61386 | AG33: =N33/K33 -> 0.80729005
B34: 微波主食 | D34: 壹號醬壽喜燒牛丼 | F34: 54.09 | G34: 2670.75 | H34: =F34*G34 -> 144460.87 | J34: 18 | K34: 1500 | L34: 83.333333 | M34: 18 | N34: =G34/W34*60 -> 1261.7717 | O34: =N34/M34 -> 70.098425 | P34: =M34-J34 -> 0 | Q34: =O34-L34 -> -13.234908 | R34: =O34/L34 -> 0.8411811 | T34: 0.3625 | U34: 0.45069444 | V34: 7 | W34: =(U34-T34)*24*60 -> 127 | AF34: =N34-K34 -> -238.22835 | AG34: =N34/K34 -> 0.8411811
B35: 微波主食 | D35: 韓式泡菜豬肉豆腐丼飯 | F35: 50.67 | G35: 2140 | H35: =F35*G35 -> 108433.8 | J35: 18 | K35: 1500 | L35: 83.333333 | M35: 18 | N35: =G35/W35*60 -> 1234.6154 | O35: =N35/M35 -> 68.589744 | P35: =M35-J35 -> 0 | Q35: =O35-L35 -> -14.74359 | R35: =O35/L35 -> 0.82307692 | T35: 0.49097222 | U35: 0.56319444 | V35: 5 | W35: =(U35-T35)*24*60 -> 104 | AF35: =N35-K35 -> -265.38462 | AG35: =N35/K35 -> 0.82307692
B36: 0 | F36: 0 | H36: =F36*G36 -> 0 | W36: =(U36-T36)*24*60 -> 0 | AF36: =N36-K36 -> 0 | AG36: =N36/K36 -> #DIV/0!
B37: 0 | F37: 0 | H37: =F37*G37 -> 0 | W37: =(U37-T37)*24*60 -> 0 | AF37: =N37-K37 -> 0 | AG37: =N37/K37 -> #DIV/0!
B38: 0 | F38: 0 | H38: =F38*G38 -> 0 | W38: =(U38-T38)*24*60 -> 0 | AF38: =N38-K38 -> 0 | AG38: =N38/K38 -> #DIV/0!
B39: 0 | F39: 0 | H39: =F39*G39 -> 0 | W39: =(U39-T39)*24*60 -> 0 | AF39: =N39-K39 -> 0 | AG39: =N39/K39 -> #DIV/0!
B40: 0 | F40: 0 | H40: =F40*G40 -> 0 | W40: =(U40-T40)*24*60 -> 0 | AF40: =N40-K40 -> 0 | AG40: =N40/K40 -> #DIV/0!
B41: 0 | F41: 0 | W41: =(U41-T41)*24*60 -> 0
B42: 0 | F42: 0 | H42: =F42*G42 -> 0 | W42: =(U42-T42)*24*60 -> 0
B43: 0 | C43: 4度二組B | D43: 平均 | J43: 14 | K43: 2001 | L43: 159.31333 | M43: =AVERAGE(M31:M42) -> 14 | N43: =AVERAGE(N31:N42) -> 1691.2134 | O43: =AVERAGE(O31:O42) -> 134.51692 | P43: =M43-J43 -> 0 | Q43: =N43-K43 -> -309.78659 | R43: =O43/L43 -> 0.84435444 | Z43: =SUM(Z31:Z42) -> 0 | AA43: =SUM(AA31:AA42) -> 0 | AD43: =SUM(AD31:AD42) -> 0 | AE43: =SUM(AE31:AE42) -> 0 | AF43: =N43-K43 -> -309.78659 | AG43: =N43/K43 -> 0.84518411
A44: 四度二組 (烤飯糰/八爪機) | B44: 飯糰 | D44: 明太子奶油炸飯糰 | F44: 22.27 | G44: 364 | H44: =F44*G44 -> 8106.28 | J44: 4 | K44: 2000 | L44: 500 | M44: 5 | N44: =G44/W44*60 -> 1820 | O44: =N44/M44 -> 364 | P44: =M44-J44 -> 1 | Q44: =O44-L44 -> -136 | R44: =O44/L44 -> 0.728 | S44: =R56 -> 0.84537844 | T44: 0.16666667 | U44: 0.175 | V44: 5 | W44: =(U44-T44)*24*60 -> 12 | AD44: 1 | AF44: =N44-K44 -> -180 | AG44: =N44/K44 -> 0.91 | AH44: =AG56 -> 1.0157976
B45: 飯糰 | D45: 淡麗清酒蒸蛤蜊烤飯糰 | F45: 24.73 | G45: 2475 | H45: =F45*G45 -> 61206.75 | J45: 4 | K45: 2000 | L45: 500 | M45: 5 | N45: =G45/W45*60 -> 2183.8235 | O45: =N45/M45 -> 436.76471 | P45: =M45-J45 -> 1 | Q45: =O45-L45 -> -63.235294 | R45: =O45/L45 -> 0.87352941 | T45: 0.17847222 | U45: 0.22569444 | V45: 5 | W45: =(U45-T45)*24*60 -> 68 | AF45: =N45-K45 -> 183.82353 | AG45: =N45/K45 -> 1.0919118
B46: 飯糰 | D46: 糖燻野郎起司炙燒牛烤飯糰 | F46: 24.73 | G46: 2384 | H46: =F46*G46 -> 58956.32 | J46: 4 | K46: 2000 | L46: 500 | M46: 5 | N46: =G46/W46*60 -> 2200.6154 | O46: =N46/M46 -> 440.12308 | P46: =M46-J46 -> 1 | Q46: =O46-L46 -> -59.876923 | R46: =O46/L46 -> 0.88024615 | T46: 0.22916667 | U46: 0.27430556 | V46: 5 | W46: =(U46-T46)*24*60 -> 65 | AF46: =N46-K46 -> 200.61538 | AG46: =N46/K46 -> 1.1003077
B47: 小菜微波 | D47: 媽媽煮藝-鹹酥雞 | F47: 31.43 | G47: 2175 | H47: =F47*G47 -> 68360.25 | J47: 7 | K47: 1500 | L47: 214.28571 | M47: 7 | N47: =G47/W47*60 -> 1466.2921 | O47: =N47/M47 -> 209.4703 | P47: =M47-J47 -> 0 | Q47: =O47-L47 -> -4.8154093 | R47: =O47/L47 -> 0.97752809 | T47: 0.29166667 | U47: 0.35347222 | V47: 25 | W47: =(U47-T47)*24*60 -> 89 | X47: 0.27777778 | Y47: 0.28888889 | AF47: =N47-K47 -> -33.707865 | AG47: =N47/K47 -> 0.97752809
B48: 微波主食 | D48: 優質池上飯 | F48: 10.09 | G48: 15254 | H48: =F48*G48 -> 153912.86 | J48: 6 | K48: 1500 | L48: 250 | M48: 7 | N48: =G48/W48*60 -> 1471.4469 | O48: =N48/M48 -> 210.20671 | P48: =M48-J48 -> 1 | Q48: =O48-L48 -> -39.793294 | R48: =O48/L48 -> 0.84082683 | T48: 0.37430556 | U48: 0.80625 | V48: 30 | W48: =(U48-T48)*24*60 -> 622 | X48: 0.35694444 | Y48: 0.37152778 | AF48: =N48-K48 -> -28.553055 | AG48: =N48/K48 -> 0.98096463
B49: 0 | F49: 0 | H49: =F49*G49 -> 0 | AF49: =N49-K49 -> 0 | AG49: =N49/K49 -> #DIV/0!
B50: 0 | F50: 0 | H50: =F50*G50 -> 0 | AF50: =N50-K50 -> 0 | AG50: =N50/K50 -> #DIV/0!
B51: 0 | F51: 0 | AF51: =N51-K51 -> 0 | AG51: =N51/K51 -> #DIV/0!
B52: 0 | F52: 0 | H52: =F52*G52 -> 0 | W52: =(U52-T52)*24*60 -> 0 | AF52: =N52-K52 -> 0 | AG52: =N52/K52 -> #DIV/0!
B53: 0 | F53: 0 | H53: =F53*G53 -> 0 | W53: =(U53-T53)*24*60 -> 0 | AF53: =N53-K53 -> 0 | AG53: =N53/K53 -> #DIV/0!
B54: 0 | F54: 0 | H54: =F54*G54 -> 0 | W54: =(U54-T54)*24*60 -> 0 | AF54: =N54-K54 -> 0 | AG54: =N54/K54 -> #DIV/0!
B55: 0 | F55: 0 | H55: =F55*G55 -> 0 | W55: =(U55-T55)*24*60 -> 0
B56: 0 | C56: 4度二組C1 | D56: 平均 | J56: 5 | K56: 1800 | L56: 392.85714 | M56: =AVERAGE(M44:M55) -> 5.8 | N56: =AVERAGE(N44:N55) -> 1828.4356 | O56: =AVERAGE(O44:O55) -> 332.11296 | P56: =M56-J56 -> 0.8 | Q56: =N56-K56 -> 28.435599 | R56: =O56/L56 -> 0.84537844 | W56: =(U56-T56)*24*60 -> 0 | Z56: =SUM(Z44:Z55) -> 0 | AA56: =SUM(AA44:AA55) -> 0 | AD56: =SUM(AD44:AD55) -> 1 | AE56: =SUM(AE44:AE55) -> 0 | AF56: =N56-K56 -> 28.435599 | AG56: =N56/K56 -> 1.0157976
A57: 四度二組 (烤飯糰/十爪機) | B57: 小菜微波 | D57: 糖燻豬耳絲 | F57: 28.26 | G57: 1876 | H57: =F57*G57 -> 53015.76 | J57: 7 | K57: 1500 | L57: 214.28571 | M57: 7 | N57: =G57/W57*60 -> 1481.0526 | O57: =N57/M57 -> 211.57895 | P57: =M57-J57 -> 0 | Q57: =O57-L57 -> -2.7067669 | R57: =O57/L57 -> 0.98736842 | S57: =R69 -> 0.94077383 | T57: 0.16666667 | U57: 0.21944444 | V57: 5 | W57: =(U57-T57)*24*60 -> 76 | AF57: =N57-K57 -> -18.947368 | AG57: =N57/K57 -> 0.98736842 | AH57: =AG69 -> 0.97997274
B58: 小菜微波 | D58: 燻之味-糖燻雞胗 | F58: 27.88 | G58: 3241 | H58: =F58*G58 -> 90359.08 | J58: 7 | K58: 1500 | L58: 214.28571 | M58: 7 | N58: =G58/W58*60 -> 1507.4419 | O58: =N58/M58 -> 215.34884 | P58: =M58-J58 -> 0 | Q58: =O58-L58 -> 1.0631229 | R58: =O58/L58 -> 1.0049612 | T58: 0.23333333 | U58: 0.32291667 | V58: 20 | W58: =(U58-T58)*24*60 -> 129 | X58: 0.22291667 | Y58: 0.23055556 | AF58: =N58-K58 -> 7.4418605 | AG58: =N58/K58 -> 1.0049612
B59: 小菜微波 | D59: 韓式蒜味炸雞 | F59: 28 | G59: 1742.4 | H59: =F59*G59 -> 48787.2 | J59: 7 | K59: 1500 | L59: 214.28571 | M59: 7 | N59: =G59/W59*60 -> 1472.4507 | O59: =N59/M59 -> 210.3501 | P59: =M59-J59 -> 0 | Q59: =O59-L59 -> -3.9356137 | R59: =O59/L59 -> 0.9816338 | T59: 0.34027778 | U59: 0.38958333 | V59: 25 | W59: =(U59-T59)*24*60 -> 71 | X59: 0.32638889 | Y59: 0.3375 | AF59: =N59-K59 -> -27.549296 | AG59: =N59/K59 -> 0.9816338
B60: 小菜微波 | D60: 媽媽煮藝-Q彈燕麥飯 | F60: 11.26 | G60: 11091 | H60: =F60*G60 -> 124884.66 | J60: 6 | K60: 1500 | L60: 250 | M60: 7 | N60: =G60/W60*60 -> 1418.8913 | O60: =N60/M60 -> 202.69875 | P60: =M60-J60 -> 1 | Q60: =O60-L60 -> -47.301249 | R60: =O60/L60 -> 0.810795 | T60: 0.41041667 | U60: 0.73611111 | V60: 30 | W60: =(U60-T60)*24*60 -> 469 | X60: 0.39305556 | Y60: 0.40763889 | AF60: =N60-K60 -> -81.108742 | AG60: =N60/K60 -> 0.94592751
B61: 0 | F61: 0 | H61: =F61*G61 -> 0 | W61: =(U61-T61)*24*60 -> 0 | AF61: =N61-K61 -> 0 | AG61: =N61/K61 -> #DIV/0!
B62: 0 | F62: 0 | H62: =F62*G62 -> 0 | W62: =(U62-T62)*24*60 -> 0 | AF62: =N62-K62 -> 0 | AG62: =N62/K62 -> #DIV/0!
B63: 0 | F63: 0 | H63: =F63*G63 -> 0 | W63: =(U63-T63)*24*60 -> 0 | AF63: =N63-K63 -> 0 | AG63: =N63/K63 -> #DIV/0!
B64: 0 | F64: 0 | H64: =F64*G64 -> 0 | W64: =(U64-T64)*24*60 -> 0 | AF64: =N64-K64 -> 0 | AG64: =N64/K64 -> #DIV/0!
B65: 0 | F65: 0 | H65: =F65*G65 -> 0 | W65: =(U65-T65)*24*60 -> 0 | AF65: =N65-K65 -> 0 | AG65: =N65/K65 -> #DIV/0!
B66: 0 | F66: 0 | H66: =F66*G66 -> 0 | W66: =(U66-T66)*24*60 -> 0 | AF66: =N66-K66 -> 0 | AG66: =N66/K66 -> #DIV/0!
B67: 0 | F67: 0 | H67: =F67*G67 -> 0 | W67: =(U67-T67)*24*60 -> 0 | AF67: =N67-K67 -> 0 | AG67: =N67/K67 -> #DIV/0!
B68: 0 | F68: 0 | H68: =F68*G68 -> 0 | W68: =(U68-T68)*24*60 -> 0
B69: 0 | C69: 4度二組C2 | D69: 平均 | J69: 6.75 | K69: 1500 | L69: 223.21429 | M69: =AVERAGE(M57:M68) -> 7 | N69: =AVERAGE(N57:N68) -> 1469.9591 | O69: =AVERAGE(O57:O68) -> 209.99416 | P69: =M69-J69 -> 0.25 | Q69: =N69-K69 -> -30.040886 | R69: =O69/L69 -> 0.94077383 | W69: =(U69-T69)*24*60 -> 0 | Z69: =SUM(Z57:Z68) -> 0 | AA69: =SUM(AA57:AA68) -> 0 | AD69: =SUM(AD57:AD68) -> 0 | AE69: =SUM(AE57:AE68) -> 0 | AF69: =N69-K69 -> -30.040886 | AG69: =N69/K69 -> 0.97997274
A70: 四度三組 (ET-55) | B70: 熱食義麵 | D70: 蕃茄起司手工千層麵(區2) | F70: 62.13 | G70: 476 | H70: =F70*G70 -> 29573.88 | J70: 14 | K70: 1500 | L70: 107.14286 | M70: 14 | N70: =G70/W70*60 -> 1241.7391 | O70: =N70/M70 -> 88.695652 | P70: =M70-J70 -> 0 | Q70: =O70-L70 -> -18.447205 | R70: =O70/L70 -> 0.82782609 | S70: =R82 -> 0.85697634 | T70: 0.29166667 | U70: 0.30763889 | V70: 5 | W70: =(U70-T70)*24*60 -> 23 | AF70: =N70-K70 -> -258.26087 | AG70: =N70/K70 -> 0.82782609 | AH70: =AG82 -> 0.84999916
B71: 便當 | D71: 嘉義劉里長雞肉飯 | F71: 47.65 | G71: 2411 | H71: =F71*G71 -> 114884.15 | J71: 18 | K71: 1440 | L71: 80 | M71: 18 | N71: =G71/W71*60 -> 1351.9626 | O71: =N71/M71 -> 75.109034 | P71: =M71-J71 -> 0 | Q71: =O71-L71 -> -4.8909657 | R71: =O71/L71 -> 0.93886293 | T71: 0.3125 | U71: 0.38680556 | V71: 7 | W71: =(U71-T71)*24*60 -> 107 | AF71: =N71-K71 -> -88.037383 | AG71: =N71/K71 -> 0.93886293
B72: 微波主食 | D72: 日式中濃醬炭火漢堡排飯 | F72: 56.85 | G72: 2269.5 | H72: =F72*G72 -> 129021.07 | J72: 18 | K72: 1636 | L72: 90.888889 | M72: 18 | N72: =G72/W72*60 -> 1205.0442 | O72: =N72/M72 -> 66.946903 | P72: =M72-J72 -> 0 | Q72: =O72-L72 -> -23.941986 | R72: =O72/L72 -> 0.73657961 | T72: 0.40277778 | U72: 0.48125 | V72: 23 | W72: =(U72-T72)*24*60 -> 113 | X72: 0.39027778 | Y72: 0.4 | AF72: =N72-K72 -> -430.95575 | AG72: =N72/K72 -> 0.73657961
B73: 便當 | D73: 香腸腿排雙拼便當 | F73: 53.76 | G73: 2571 | H73: =F73*G73 -> 138216.96 | J73: 16 | K73: 1440 | L73: 90 | M73: 16 | N73: =G73/W73*60 -> 1341.3913 | O73: =N73/M73 -> 83.836957 | P73: =M73-J73 -> 0 | Q73: =O73-L73 -> -6.1630435 | R73: =O73/L73 -> 0.93152174 | T73: 0.52152778 | U73: 0.60138889 | V73: 5 | W73: =(U73-T73)*24*60 -> 115 | AF73: =N73-K73 -> -98.608696 | AG73: =N73/K73 -> 0.93152174
B74: 便當 | D74: 新招牌腿排便當 | F74: 47.51 | G74: 2545 | H74: =F74*G74 -> 120912.95 | J74: 17 | K74: 1440 | L74: 84.705882 | M74: 17 | N74: =G74/W74*60 -> 1363.3929 | O74: =N74/M74 -> 80.19958 | P74: =M74-J74 -> 0 | Q74: =O74-L74 -> -4.5063025 | R74: =O74/L74 -> 0.9468006 | T74: 0.61666667 | U74: 0.69444444 | V74: 22 | W74: =(U74-T74)*24*60 -> 112 | X74: 0.60486111 | Y74: 0.61388889 | AF74: =N74-K74 -> -76.607143 | AG74: =N74/K74 -> 0.9468006
B75: 便當 | D75: 好吃雞肉便當 | F75: 53.36 | G75: 1734.5 | H75: =F75*G75 -> 92552.92 | J75: 19 | K75: 1440 | L75: 75.789474 | M75: 18 | N75: =G75/W75*60 -> 1284.8148 | O75: =N75/M75 -> 71.378601 | P75: =M75-J75 -> -1 | Q75: =O75-L75 -> -4.4108729 | R75: =O75/L75 -> 0.94180098 | T75: 0.7 | U75: 0.75625 | V75: 8 | W75: =(U75-T75)*24*60 -> 81 | AF75: =N75-K75 -> -155.18519 | AG75: =N75/K75 -> 0.89223251
B76: 微波主食 | D76: 日式中濃醬炭火漢堡排飯 | F76: 56.85 | G76: 756.5 | H76: =F76*G76 -> 43007.025 | J76: 18 | K76: 1636 | L76: 90.888889 | M76: 18 | N76: =G76/W76*60 -> 1163.8462 | O76: =N76/M76 -> 64.65812 | P76: =M76-J76 -> 0 | Q76: =O76-L76 -> -26.230769 | R76: =O76/L76 -> 0.7113974 | T76: 0.76180556 | U76: 0.78888889 | V76: 8 | W76: =(U76-T76)*24*60 -> 39 | AF76: =N76-K76 -> -472.15385 | AG76: =N76/K76 -> 0.7113974
B77: 0 | F77: 0 | H77: =F77*G77 -> 0 | AF77: =N77-K77 -> 0 | AG77: =N77/K77 -> #DIV/0!
B78: 0 | F78: 0 | H78: =F78*G78 -> 0 | W78: =(U78-T78)*24*60 -> 0 | AF78: =N78-K78 -> 0 | AG78: =N78/K78 -> #DIV/0!
B79: 0 | F79: 0 | H79: =F79*G79 -> 0 | W79: =(U79-T79)*24*60 -> 0 | AF79: =N79-K79 -> 0 | AG79: =N79/K79 -> #DIV/0!
B80: 0 | H80: =F80*G80 -> 0 | W80: =(U80-T80)*24*60 -> 0 | AF80: =N80-K80 -> 0 | AG80: =N80/K80 -> #DIV/0!
B81: 0 | W81: =(U81-T81)*24*60 -> 0
B82: 0 | C82: 4度三組 | D82: 平均 | J82: 17.142857 | K82: 1504.5714 | L82: 88.487999 | M82: =AVERAGE(M70:M81) -> 17 | N82: =AVERAGE(N70:N81) -> 1278.8844 | O82: =AVERAGE(O70:O81) -> 75.832121 | P82: =M82-J82 -> -0.14285714 | Q82: =N82-K82 -> -225.68698 | R82: =O82/L82 -> 0.85697634 | Z82: =SUM(Z70:Z81) -> 0 | AA82: =SUM(AA70:AA81) -> 0 | AD82: =SUM(AD70:AD81) -> 0 | AE82: =SUM(AE70:AE81) -> 0 | AF82: =N82-K82 -> -225.68698 | AG82: =N82/K82 -> 0.84999916
A83: 四度四組 (ET-55) | B83: 便當 | D83: 好吃雞肉便當 | F83: 53.36 | G83: 2775.2 | H83: =F83*G83 -> 148084.67 | J83: 19 | K83: 1440 | L83: 75.789474 | M83: 19 | N83: =G83/W83*60 -> 1321.5238 | O83: =N83/M83 -> 69.553885 | P83: =M83-J83 -> 0 | Q83: =O83-L83 -> -6.235589 | R83: =O83/L83 -> 0.91772487 | S83: =R95 -> 0.91413628 | T83: 0.33333333 | U83: 0.42083333 | V83: 5 | W83: =(U83-T83)*24*60 -> 126 | AF83: =N83-K83 -> -118.47619 | AG83: =N83/K83 -> 0.91772487 | AH83: =AG95 -> 0.91385182
B84: 便當 | D84: 好吃雞肉便當 | F84: 53.36 | G84: 2428.3 | H84: =F84*G84 -> 129574.09 | J84: 19 | K84: 1440 | L84: 75.789474 | M84: 19 | N84: =G84/W84*60 -> 1349.0556 | O84: =N84/M84 -> 71.002924 | P84: =M84-J84 -> 0 | Q84: =O84-L84 -> -4.7865497 | R84: =O84/L84 -> 0.93684414 | T84: 0.43680556 | U84: 0.51180556 | V84: 23 | W84: =(U84-T84)*24*60 -> 108 | X84: 0.42430556 | Y84: 0.43402778 | AF84: =N84-K84 -> -90.944444 | AG84: =N84/K84 -> 0.93684414
B85: 便當 | D85: 蔬活腿排補力餐盒 | F85: 71.55 | G85: 1110 | H85: =F85*G85 -> 79420.5 | J85: 18 | K85: 1385 | L85: 76.944444 | M85: 18 | N85: =G85/W85*60 -> 1280.7692 | O85: =N85/M85 -> 71.153846 | P85: =M85-J85 -> 0 | Q85: =O85-L85 -> -5.7905983 | R85: =O85/L85 -> 0.92474313 | T85: 0.55208333 | U85: 0.58819444 | V85: 5 | W85: =(U85-T85)*24*60 -> 52 | AF85: =N85-K85 -> -104.23077 | AG85: =N85/K85 -> 0.92474313
B86: 便當 | D86: 海陸雙拼肉肉餐盒 | F86: 59.54 | G86: 1662 | H86: =F86*G86 -> 98955.48 | J86: 18 | K86: 1385 | L86: 76.944444 | M86: 18 | N86: =G86/W86*60 -> 1295.0649 | O86: =N86/M86 -> 71.948052 | P86: =M86-J86 -> 0 | Q86: =O86-L86 -> -4.9963925 | R86: =O86/L86 -> 0.93506494 | T86: 0.59305556 | U86: 0.64652778 | V86: 7 | W86: =(U86-T86)*24*60 -> 77 | AF86: =N86-K86 -> -89.935065 | AG86: =N86/K86 -> 0.93506494
B87: 便當 | D87: 香檸奶油魚排蔬滿盒 | F87: 73.94 | G87: 2732.8 | H87: =F87*G87 -> 202063.23 | I87: 1 | J87: 19 | K87: 1440 | L87: 75.789474 | M87: 19 | N87: =G87/W87*60 -> 1271.0698 | O87: =N87/M87 -> 66.898409 | P87: =M87-J87 -> 0 | Q87: =O87-L87 -> -8.8910649 | R87: =O87/L87 -> 0.88268734 | T87: 0.66111111 | U87: 0.75069444 | V87: 21 | W87: =(U87-T87)*24*60 -> 129 | X87: 0.65 | Y87: 0.65833333 | AF87: =N87-K87 -> -168.93023 | AG87: =N87/K87 -> 0.88268734
B88: 便當 | D88: 香檸奶油魚排蔬滿盒 | F88: 73.94 | G88: 1171.2 | H88: =F88*G88 -> 86598.528 | I88: 1 | J88: 19 | K88: 1440 | L88: 75.789474 | M88: 19 | N88: =G88/W88*60 -> 1277.6727 | O88: =N88/M88 -> 67.245933 | P88: =M88-J88 -> 0 | Q88: =O88-L88 -> -8.5435407 | R88: =O88/L88 -> 0.88727273 | T88: 0.76666667 | U88: 0.80486111 | V88: 23 | W88: =(U88-T88)*24*60 -> 55 | X88: 0.75416667 | Y88: 0.76388889 | AF88: =N88-K88 -> -162.32727 | AG88: =N88/K88 -> 0.88727273
B89: 0 | F89: 0 | H89: =F89*G89 -> 0 | AF89: =N89-K89 -> 0 | AG89: =N89/K89 -> #DIV/0!
B90: 0 | F90: 0 | H90: =F90*G90 -> 0 | AF90: =N90-K90 -> 0 | AG90: =N90/K90 -> #DIV/0!
B91: 0 | F91: 0 | H91: =F91*G91 -> 0 | W91: =(U91-T91)*24*60 -> 0 | AF91: =N91-K91 -> 0 | AG91: =N91/K91 -> #DIV/0!
B92: 0 | F92: 0 | H92: =F92*G92 -> 0 | AF92: =N92-K92 -> 0 | AG92: =N92/K92 -> #DIV/0!
B93: 0 | F93: 0 | H93: =F93*G93 -> 0 | W93: =(U93-T93)*24*60 -> 0 | AF93: =N93-K93 -> 0 | AG93: =N93/K93 -> #DIV/0!
B94: 0 | F94: 0 | H94: =F94*G94 -> 0 | W94: =(U94-T94)*24*60 -> 0 | AF94: =N94-K94 -> 0 | AG94: =N94/K94 -> #DIV/0!
B95: 0 | C95: 4度四組 | D95: 平均 | J95: 18.666667 | K95: 1421.6667 | L95: 76.174464 | M95: =AVERAGE(M83:M94) -> 18.666667 | N95: =AVERAGE(N83:N94) -> 1299.1927 | O95: =AVERAGE(O83:O94) -> 69.633841 | P95: =M95-J95 -> 0 | Q95: =O95-L95 -> -6.5406225 | R95: =O95/L95 -> 0.91413628 | Z95: =SUM(Z83:Z94) -> 0 | AA95: =SUM(AA83:AA94) -> 0 | AD95: =SUM(AD83:AD94) -> 0 | AE95: =SUM(AE83:AE94) -> 0 | AF95: =N95-K95 -> -122.474 | AG95: =N95/K95 -> 0.91385182
A96: 四度五組 (ET-55) | B96: 小菜微波 | D96: 媽媽煮藝-香滷牛肚絲 | F96: 36.92 | G96: 2950 | H96: =F96*G96 -> 108914 | J96: 6 | K96: 1636 | L96: 272.66667 | M96: 6 | N96: =G96/W96*60 -> 1525.8621 | O96: =N96/M96 -> 254.31034 | P96: =M96-J96 -> 0 | Q96: =O96-L96 -> -18.356322 | R96: =O96/L96 -> 0.93267853 | S96: =R108 -> 0.8937556 | T96: 0.33333333 | U96: 0.41388889 | V96: 5 | W96: =(U96-T96)*24*60 -> 116 | AF96: =N96-K96 -> -110.13793 | AG96: =N96/K96 -> 0.93267853 | AH96: =AG108 -> 0.89238798
B97: 小菜微波 | D97: 香辣醬粉絲煲 | F97: 29.11315 | G97: 2695 | H97: =F97*G97 -> 78459.939 | J97: 20 | K97: 1500 | L97: 75 | M97: 20 | N97: =G97/W97*60 -> 1430.9735 | O97: =N97/M97 -> 71.548673 | P97: =M97-J97 -> 0 | Q97: =O97-L97 -> -3.4513274 | R97: =O97/L97 -> 0.9539823 | T97: 0.42916667 | U97: 0.50763889 | V97: 22 | W97: =(U97-T97)*24*60 -> 113 | X97: 0.41736111 | Y97: 0.42638889 | AF97: =N97-K97 -> -69.026549 | AG97: =N97/K97 -> 0.9539823
B98: 便當 | D98: 嫩烤香料雞胸排蔬滿盒 | F98: 77.34 | G98: 946 | H98: =F98*G98 -> 73163.64 | J98: 18 | K98: 1440 | L98: 80 | M98: 18 | N98: =G98/W98*60 -> 1290 | O98: =N98/M98 -> 71.666667 | P98: =M98-J98 -> 0 | Q98: =O98-L98 -> -8.3333333 | R98: =O98/L98 -> 0.89583333 | T98: 0.54791667 | U98: 0.57847222 | V98: 5 | W98: =(U98-T98)*24*60 -> 44 | AF98: =N98-K98 -> -150 | AG98: =N98/K98 -> 0.89583333
B99: 便當 | D99: 美式雞丁餐盒 | F99: 59.34 | G99: 1121 | H99: =F99*G99 -> 66520.14 | J99: 17 | K99: 1440 | L99: 84.705882 | M99: 17 | N99: =G99/W99*60 -> 1269.0566 | O99: =N99/M99 -> 74.650388 | P99: =M99-J99 -> 0 | Q99: =O99-L99 -> -10.055494 | R99: =O99/L99 -> 0.88128931 | T99: 0.58402778 | U99: 0.62083333 | V99: 8 | W99: =(U99-T99)*24*60 -> 53 | AF99: =N99-K99 -> -170.9434 | AG99: =N99/K99 -> 0.88128931
B100: 微波主食 | D100: 壹號醬壽喜燒牛丼 | F100: 54.09 | G100: 890.25 | H100: =F100*G100 -> 48153.623 | I100: 1 | J100: 18 | K100: 1500 | L100: 83.333333 | M100: 18 | N100: =G100/W100*60 -> 1302.8049 | O100: =N100/M100 -> 72.378049 | P100: =M100-J100 -> 0 | Q100: =O100-L100 -> -10.955285 | R100: =O100/L100 -> 0.86853659 | T100: 0.62569444 | U100: 0.65416667 | V100: 7 | W100: =(U100-T100)*24*60 -> 41 | AF100: =N100-K100 -> -197.19512 | AG100: =N100/K100 -> 0.86853659
...

Sheet 0401
B1: 晉欣廠組合室生產人時性分析
B3: 日期 | D3: 04月01日 星期 三 | F3: 訂單量 | H3: 240100 | J3: 營業額 | L3: 7614477.1
B4: 項目 | D4: 項目 | F4: ➀ | H4: ➁ | J4: ➂ | L4: ➃ | N4: 異常停線 | P4: 短暫停線
B5: 人時性 | D5: 組合室 | F5: 全溫層 | H5: 4度C(含4度飯糰) | J5: 18度C 一配 | L5: 18度C 二配 | N5: 合計次數 | O5: 時間 | P5: 合計次數 | Q5: 設備次數
D6: 排關平均 | F6: =AVERAGE(D13:O13,P13:Q13,D30:E30,G30:H30,J30:M30) -> 384.43154 | H6: =AVERAGE(D13:P13,Q13) -> 141.96386 | J6: =AVERAGE(D30:E30,G30:H30) -> 736.25 | L6: =AVERAGE(J30:M30) -> 881.25 | N6: 0 | O6: 0 | P6: 3 | Q6: 4
D7: 實績平均 | F7: =AVERAGE(D14:O14,P14:Q14,D31:E31,J31:M31,G31:H31) -> 363.4615 | H7: =AVERAGE(D14:P14,Q14) -> 129.04502 | J7: =AVERAGE(D31:E31,G31:H31) -> 751.41981 | L7: =AVERAGE(J31:M31) -> 795.96085
D8: 達成率平均 | F8: =AVERAGE(D15:O15,P15:Q15,D32:E32,G32:H32,J32:K32,L32) -> 0.91750855 | H8: =AVERAGE(D15:O15,P15:Q15) -> 0.90433582 | J8: =AVERAGE(D32:E32,G32:H32) -> 0.99723807 | L8: =AVERAGE(J32:M32) -> 0.90239337
B10: 溫層 | D10: ➁4度C-各編組展開
B11: 編組 | D11: 1 | E11: 2 | F11: 3 | G11: 4 | H11: 5 | I11: 6 | J11: 7 | K11: 8 | L11: 9 | M11: 10 | N11: 11 | O11: 12 | P11: 13 | Q11: 14
D12: 4度一組 | E12: 4度二組A | F12: 4度二組B | G12: 4度二組C1 | H12: 4度二組C2 | I12: 4度三組 | J12: 4度四組 | K12: 4度五組 | L12: 綜合一組 | M12: 綜合二組 | N12: 綜合三組 | O12: 綜合四組 | P12: 便當組 | Q12: 壽司線
B13: 人時性 | C13: 排關 | D13: 133.76218 | E13: 119.1543 | F13: 159.31333 | G13: 369.04762 | H13: 228.57143 | I13: 90.547526 | J13: 76.020468 | K13: 117.8634 | L13: 116.16878 | M13: 84.016229 | N13: 84.321731 | O13: 79.853801 | P13: 178.85319 | Q13: 150
C14: 實績 | D14: 123.34542 | E14: 104.32713 | F14: 134.81201 | G14: 330.12525 | H14: 225.18679 | I14: 81.147574 | J14: 69.242305 | K14: 109.19166 | L14: 102.89307 | M14: 74.91065 | N14: 77.768797 | O14: 67.131015 | P14: 167.67167 | Q14: 138.87697
C15: 達成率 | D15: =D14/D13 -> 0.92212472 | E15: =E14/E13 -> 0.87556331 | F15: =F14/F13 -> 0.84620673 | G15: =G14/G13 -> 0.89453294 | H15: =H14/H13 -> 0.98519222 | I15: =I14/I13 -> 0.89618765 | J15: =J14/J13 -> 0.91083766 | K15: =K14/K13 -> 0.92642549 | ... Q15: =Q14/Q13 -> 0.92584646
B16: 作業 時間 | C16: 開始 | D16: 0.29166667 | E16: 0.16666667 | F16: 0.16666667 | G16: 0.16666667 | H16: 0.16666667 | I16: 0.29166667 | J16: 0.33333333 | K16: 0.33333333 | L16: 0.5 | M16: 0.5 | N16: 0.5 | O16: 0.70833333 | P16: 0.16666667 | Q16: 0.17361111
C17: 結束 | D17: 0.6875 | E17: 0.60138889 | F17: 0.57569444 | G17: 0.76041667 | H17: 0.75416667 | I17: 0.67777778 | J17: 0.72569444 | K17: 0.65069444 | L17: 0.92777778 | M17: 0.91458333 | N17: 0.95902778 | O17: 0.91319444 | P17: 0.57083333 | Q17: 0.55555556
B18: 產線異常 (5分鐘以上) | C18: 次數
C19: 時間/分
B20: 短暫停線 (5分鐘以下) | C20: 次數 | D20: 1 | L20: 1 | P20: 1
C21: 設備次數 | E21: 2 | J21: 1 | N21: 1
B22: 配置人數 | D22: 19.666667 | E22: 17.571429 | F22: 14 | G22: 5.6666667 | H22: 6.6 | I22: 16.4 | J22: 18.8 | K22: 15.8 | L22: 15.444444 | M22: 18.625 | N22: 17.75 | O22: 18.833333 | P22: 13 | Q22: 11.4
B23: 主要應用設備 | D23: ET-600 | E23: ET-600 | F23: ET-600 | G23: 八爪機 | H23: 十爪機 | I23: ET-55 | J23: ET-55 | K23: ET-55 | L23: ET-55 | M23: ET-55 | N23: ET-55 | O23: ET-55 | P23: 伺服包裝機 | Q23: 伺服包裝機
B24: 次要應用設備
B25: 備註 | E25: 熱麵固定線 | G25: 烤飯糰 | H25: 烤飯糰 | K25: 吸收產線 | P25: 大口固定線
D27: ➂18度C 一配-各編組展開 | I27: ➃18度C 二配-各編組展開
B28: 編組 | D28: 1 | E28: 2 | F28: 3 | G28: 4 | H28: 5 | I28: 1 | J28: 2 | K28: 3 | L28: 4 | M28: 5
D29: 連續式 海苔機 | E29: 3300型 飯糰機A | F29: 3300型 飯糰機B | G29: 3600型 飯糰機A | H29: 3600型 飯糰機B | I29: 夾心型 飯糰機 | J29: 3300型 飯糰機A | K29: 3300型 飯糰機B | L29: 3600型 飯糰機A | M29: 3600型 飯糰機B
B30: 人時性 | C30: 排關 | D30: 320 | E30: 825 | F30: 825 | G30: 900 | H30: 900 | I30: 680 | J30: 825 | K30: 900 | L30: 900 | M30: 900
C31: 實績 | D31: 282.84722 | E31: 788.88933 | F31: 0 | G31: 946.46795 | H31: 987.47474 | I31: 0 | J31: 712.5 | K31: 612.21825 | L31: 966.73229 | M31: 892.39286
C32: 達成率 | D32: =D31/D30 -> 0.88389757 | E32: =E31/E30 -> 0.95622949 | F32: =F31/F30 -> 0 | G32: =G31/G30 -> 1.0516311 | H32: =H31/H30 -> 1.0971942 | I32: =I31/I30 -> 0 | J32: =J31/J30 -> 0.86363636 | K32: =K31/K30 -> 0.6802425 | ... M32: =M31/M30 -> 0.99154762
B33: 作業 時間 | C33: 開始 | D33: 0.1875 | E33: 0.18055556 | F33: 0 | G33: 3265.1613 | H33: 0.18055556 | I33: 0 | J33: 0.72222222 | K33: 0.72222222 | L33: 0.72222222 | M33: 0.72222222
C34: 結束 | D34: 0.23125 | E34: 0.32083333 | F34: 0 | G34: 1108 | H34: 0.41319444 | I34: 0 | J34: 0.72916667 | K34: 0.81944444 | L34: 1.0347222 | M34: 46114.017
B35: 配置人數 | D35: 5.5 | E35: 3.6666667 | F35: 0 | G35: 3.6 | H35: 3.4 | I35: 0 | J35: 4 | K35: 3.6666667 | L35: 3.4 | M35: 3.5
B36: 主要應用設備 | D36: 連續式 海苔機 | E36: 3300型 | F36: 3300型 | G36: 3600型 | H36: 3600型 | I36: 夾心型 | J36: 3300型 | K36: 3300型 | L36: 3600型 | M36: 3600型
B37: 次要應用設備
B38: 備註

Sheet 晉欣18度C0401
A1: 晉欣廠18度C日報分析 | D1: 總生產量 | E1: =SUM(G5:G124) -> 76254 | F1: 營業額 | G1: =SUM(H5:H124) -> 1414195.5 | H1: 出勤人數 | I1: =+J16+J64+J24+J38+J51+J81+J100+J91+J57+J124+J111 -> 38.733333 | J1: 生產實績 | M1: 日報登錄
A2: 04月01日 星期三 | D2: 人時性 | E2: =AVERAGE(L16,L24,L38,L51,L100,L111,L91) -> 583.67734 | F2: 平均廠價 | G2: =G1/E1 -> 18.545853 | H2: 多次生產數 | I2: =COUNT(I5:I124) -> 0
A3: 線別 | B3: 品類 | D3: 品名 | F3: 廠價 | G3: 生產量 | H3: 營收 | I3: 多次 生產 | J3: 人數 | K3: 產能/時 | L3: 人時性 | M3: 生產時間 | O3: 換線/分 | P3: 稼動時間/分 | Q3: 休息時間
M4: 開始 | N4: 結束 | Q4: 開始 | R4: 結束
A5: 壽司線 | B5: 0 | D5: 雙饗雙手卷(捲) | F5: 0 | G5: 1209 | H5: =F5*G5 -> 0 | J5: 9 | K5: =G5/P5*60 -> 1612 | L5: =K5/J5 -> 179.11111 | M5: 0.17361111 | N5: 0.20486111 | O5: 10 | P5: =(N5-M5)*24*60 -> 45
B6: 0 | D6: 海饌雙手卷(捲) | F6: 0 | G6: 1273 | H6: =F6*G6 -> 0 | J6: 9 | K6: =G6/P6*60 -> 1697.3333 | L6: =K6/J6 -> 188.59259 | M6: 0.20833333 | N6: 0.23958333 | O6: 5 | P6: =(N6-M6)*24*60 -> 45
B7: 壽司手卷 | D7: 雙倍德腸飯卷 | F7: 36.45 | G7: 1456 | H7: =F7*G7 -> 53071.2 | J7: 13 | K7: =G7/P7*60 -> 1456 | L7: =K7/J7 -> 112 | M7: 0.24305556 | N7: 0.28472222 | O7: 5 | P7: =(N7-M7)*24*60 -> 60
B8: 壽司手卷 | D8: 明太子泡菜牛飯卷 | F8: 27.05 | G8: 379 | H8: =F8*G8 -> 10251.95 | J8: 13 | K8: =G8/P8*60 -> 1516 | L8: =K8/J8 -> 116.61538 | M8: 0.28819444 | N8: 0.29861111 | O8: 5 | P8: =(N8-M8)*24*60 -> 15 | Q8: 0.30555556 | R8: 0.33680556
B9: 壽司手卷 | D9: 銀鮭美乃滋脆卷 | F9: 19.7 | G9: 1678 | H9: =F9*G9 -> 33056.6 | J9: 13 | K9: =G9/P9*60 -> 1184.4706 | L9: =K9/J9 -> 91.113122 | M9: 0.34027778 | N9: 0.39930556 | O9: 5 | P9: =(N9-M9)*24*60 -> 85
B10: 壽司手卷 | D10: 日式鮪魚美乃滋脆卷 | F10: 17.87 | G10: 732 | H10: =F10*G10 -> 13080.84 | J10: 13 | K10: =G10/P10*60 -> 1254.8571 | L10: =K10/J10 -> 96.527473 | M10: 0.40277778 | N10: 0.42708333 | O10: 5 | P10: =(N10-M10)*24*60 -> 35
B11: 壽司手卷 | D11: 長野稻荷壽司 | F11: 25.64 | G11: 609 | H11: =F11*G11 -> 15614.76 | J11: 10 | K11: =G11/P11*60 -> 1461.6 | L11: =K11/J11 -> 146.16 | M11: 0.43055556 | N11: 0.44791667 | O11: 5 | P11: =(N11-M11)*24*60 -> 25
B12: 壽司手卷 | D12: 雙饗雙手卷 | F12: 29.52 | G12: 1209 | H12: =F12*G12 -> 35689.68 | J12: 12 | K12: =G12/P12*60 -> 1813.5 | L12: =K12/J12 -> 151.125 | M12: 0.45138889 | N12: 0.47916667 | O12: 5 | P12: =(N12-M12)*24*60 -> 40
B13: 壽司手卷 | D13: 海饌雙手卷 | F13: 29.857 | G13: 1273 | H13: =F13*G13 -> 38007.961 | J13: 12 | K13: =G13/P13*60 -> 1909.5 | L13: =K13/J13 -> 159.125 | M13: 0.48263889 | N13: 0.51041667 | O13: 5 | P13: =(N13-M13)*24*60 -> 40
B14: 飯糰 | D14: 兩粒飯糰(鮪魚.焦糖鮭魚) | F14: 28.57 | G14: 1484 | H14: =F14*G14 -> 42397.88 | J14: 10 | K14: =G14/P14*60 -> 1484 | L14: =K14/J14 -> 148.4 | M14: 0.51388889 | N14: 0.55555556 | O14: 5 | P14: =(N14-M14)*24*60 -> 60
B15: 0 | F15: 0 | H15: =F15*G15 -> 0
B16: 0 | C16: 壽司線 | D16: 平均 | J16: =AVERAGE(J5:J15) -> 11.4 | K16: =AVERAGE(K5:K15) -> 1538.9261 | L16: =AVERAGE(L5:L15) -> 138.87697
A17: 捲壽司機 | B17: 壽司手卷 | D17: 雙鬆細卷 | F17: 14.03 | G17: 418 | H17: =F17*G17 -> 5864.54 | J17: 6 | K17: =G17/P17*60 -> 1567.5 | L17: =K17/J17 -> 261.25 | M17: 0.1875 | N17: 0.19861111 | O17: 30 | P17: =(N17-M17)*24*60 -> 16
B18: 飯糰 | D18: 經典鮪魚沙拉細卷 | F18: 14.49 | G18: 685 | H18: =F18*G18 -> 9925.65 | J18: 5 | K18: =G18/P18*60 -> 1522.2222 | L18: =K18/J18 -> 304.44444 | M18: 0.2125 | N18: 0.23125 | O18: 20 | P18: =(N18-M18)*24*60 -> 27
B19: 0 | F19: 0 | H19: =F19*G19 -> 0
B20: 0 | F20: 0 | H20: =F20*G20 -> 0
B21: 0 | F21: 0 | H21: =F21*G21 -> 0
B22: 0 | F22: 0 | H22: =F22*G22 -> 0
B23: 0 | F23: 0 | H23: =F23*G23 -> 0
B24: 0 | C24: 連續式 海苔機 | D24: 平均 | J24: =AVERAGE(J17:J23) -> 5.5 | K24: =AVERAGE(K17:K23) -> 1544.8611 | L24: =AVERAGE(L17:L23) -> 282.84722
A25: 3300型 飯糰機A | B25: 飯糰 | D25: 煙燻培根飯糰(區) | F25: 15.03 | G25: 2380 | H25: =F25*G25 -> 35771.4 | J25: 4 | K25: =G25/P25*60 -> 2856 | L25: =K25/J25 -> 714 | M25: 0.18055556 | N25: 0.21527778 | O25: 20 | P25: =(N25-M25)*24*60 -> 50
B26: 飯糰 | D26: 碳烤燒肉飯飯糰(區) | F26: 18.18 | G26: 3086 | H26: =F26*G26 -> 56103.48 | J26: 4 | K26: =G26/P26*60 -> 2805.4545 | L26: =K26/J26 -> 701.36364 | M26: 0.22916667 | N26: 0.275 | O26: 20 | P26: =(N26-M26)*24*60 -> 66
B27: 飯糰 | D27: 鮭魚奶油醬油飯糰 | F27: 18.53 | G27: 2188 | H27: =F27*G27 -> 40543.64 | J27: 3 | K27: =G27/P27*60 -> 2853.913 | L27: =K27/J27 -> 951.30435 | M27: 0.28888889 | N27: 0.32083333 | O27: 20 | P27: =(N27-M27)*24*60 -> 46
B28: 0
B29: 0
B30: 0
B31: 0
B32: 0 | F32: 0 | H32: =F32*G32 -> 0
B33: 0 | F33: 0 | H33: =F33*G33 -> 0
B34: 0 | F34: 0 | H34: =F34*G34 -> 0
B35: 0 | F35: 0 | H35: =F35*G35 -> 0
B36: 0 | F36: 0 | H36: =F36*G36 -> 0
B37: 0 | F37: 0 | H37: =F37*G37 -> 0
B38: 0 | C38: 3300型 飯糰機A | D38: 平均 | J38: =AVERAGE(J25:J37) -> 3.6666667 | K38: =AVERAGE(K25:K37) -> 2838.4559 | L38: =AVERAGE(L25:L37) -> 788.88933
A39: 3300型B 飯糰機 | B39: 0 | F39: 0 | H39: =F39*G39 -> 0
B40: 0 | F40: 0 | H40: =F40*G40 -> 0
B41: 0 | F41: 0 | H41: =F41*G41 -> 0
B42: 0 | F42: 0 | H42: =F42*G42 -> 0
B43: 0 | F43: 0 | H43: =F43*G43 -> 0
B44: 0 | F44: 0 | H44: =F44*G44 -> 0
B45: 0 | F45: 0 | H45: =F45*G45 -> 0
B46: 0 | F46: 0 | H46: =F46*G46 -> 0
B47: 0 | F47: 0 | H47: =F47*G47 -> 0
B48: 0 | F48: 0
B49: 0 | F49: 0 | H49: =F49*G49 -> 0
B50: 0 | F50: 0 | H50: =F50*G50 -> 0
B51: 0 | C51: 3300型 飯糰機B | D51: 平均
A52: 3600型(A) 飯糰機 | B52: 飯糰 | D52: 熟成紅鮭飯糰 | F52: 25.03 | G52: 765 | H52: =F52*G52 -> 19147.95 | J52: 4 | K52: =G52/P52*60 -> 3530.7692 | L52: =K52/J52 -> 882.69231 | M52: 0.29861111 | N52: 0.30763889 | O52: 10 | P52: =(N52-M52)*24*60 -> 13
B53: 飯糰 | D53: 北海道秋鮭親子飯糰 | F53: 24.82 | G53: 987 | H53: =F53*G53 -> 24497.34 | J53: 4 | K53: =G53/P53*60 -> 3290 | L53: =K53/J53 -> 822.5 | M53: 0.32152778 | N53: 0.33402778 | O53: 20 | P53: =(N53-M53)*24*60 -> 18
B54: 飯糰 | D54: 贅沢鮭魚肚飯糰 | F54: 30 | G54: 1687 | H54: =F54*G54 -> 50610 | J54: 4 | K54: =G54/P54*60 -> 3265.1613 | L54: =K54/J54 -> 816.29032 | M54: 0.34791667 | N54: 0.36944444 | O54: 20 | P54: =(N54-M54)*24*60 -> 31 | Q54: 0.36944444 | R54: 0.41111111
B55: 飯糰 | D55: 經典肉鬆飯糰 | F55: 14.03 | G55: 2770 | H55: =F55*G55 -> 38863.1 | J55: 3 | K55: =G55/P55*60 -> 3324 | L55: =K55/J55 -> 1108 | M55: 0.425 | N55: 0.45972222 | O55: 20 | P55: =(N55-M55)*24*60 -> 50
B56: 飯糰 | D56: 明太子龍蝦風味沙拉飯糰 | F56: 18.18 | G56: 1544 | H56: =F56*G56 -> 28069.92 | J56: 3 | K56: =G56/P56*60 -> 3308.5714 | L56: =K56/J56 -> 1102.8571 | M56: 0.47361111 | N56: 0.49305556 | O56: 20 | P56: =(N56-M56)*24*60 -> 28
B57: 0 | C57: 夾心型 飯糰機 | F57: 0 | H57: =F57*G57 -> 0
B58: 0 | F58: 0 | H58: =F58*G58 -> 0
B59: 0 | F59: 0 | H59: =F59*G59 -> 0
B60: 0 | F60: 0 | H60: =F60*G60 -> 0
B61: 0 | F61: 0 | H61: =F61*G61 -> 0
B62: 0 | F62: 0 | H62: =F62*G62 -> 0
B63: 0 | F63: 0 | H63: =F63*G63 -> 0
B64: 0 | C64: 3600型 飯糰機A | D64: 平均 | J64: =AVERAGE(J52:J63) -> 3.6 | K64: =AVERAGE(K52:K63) -> 3343.7004 | L64: =AVERAGE(L52:L63) -> 946.46795
A65: 3600型(B) 飯糰機 | B65: 飯糰 | D65: 雞肉飯飯糰 | F65: 16.66 | G65: 2867 | H65: =F65*G65 -> 47764.22 | J65: 4 | K65: =G65/P65*60 -> 3245.6604 | L65: =K65/J65 -> 811.41509 | M65: 0.18055556 | N65: 0.21736111 | O65: 20 | P65: =(N65-M65)*24*60 -> 53
B66: 飯糰 | D66: 壹號醬炙烤牛飯糰 | F66: 22.281818 | G66: 720 | H66: =F66*G66 -> 16042.909 | J66: 4 | K66: =G66/P66*60 -> 3323.0769 | L66: =K66/J66 -> 830.76923 | M66: 0.23125 | N66: 0.24027778 | O66: 20 | P66: =(N66-M66)*24*60 -> 13
B67: 飯糰 | D67: 鹽蔥燒肉飯糰 | F67: 17.890909 | G67: 1772 | H67: =F67*G67 -> 31702.691 | J67: 3 | K67: =G67/P67*60 -> 3221.8182 | L67: =K67/J67 -> 1073.9394 | M67: 0.25416667 | N67: 0.27708333 | O67: 20 | P67: =(N67-M67)*24*60 -> 33 | Q67: 0.27708333 | R67: 0.31875
B68: 飯糰 | D68: 蔬食鮪魚飯糰 | F68: 18.18 | G68: 898 | H68: =F68*G68 -> 16325.64 | J68: 3 | K68: =G68/P68*60 -> 3367.5 | L68: =K68/J68 -> 1122.5 | M68: 0.33263889 | N68: 0.34375 | O68: 20 | P68: =(N68-M68)*24*60 -> 16
B69: 飯糰 | D69: 鮪魚飯糰 | F69: 14.285714 | G69: 4395 | H69: =F69*G69 -> 62785.714 | J69: 3 | K69: =G69/P69*60 -> 3296.25 | L69: =K69/J69 -> 1098.75 | M69: 0.35763889 | N69: 0.41319444 | O69: 20 | P69: =(N69-M69)*24*60 -> 80
B70: 0 | C70: 夾心型 飯糰機 | F70: 0 | H70: =F70*G70 -> 0
B71: 0 | F71: 0 | H71: =F71*G71 -> 0
B72: 0 | F72: 0 | H72: =F72*G72 -> 0
B73: 0 | F73: 0 | H73: =F73*G73 -> 0
B74: 0 | F74: 0 | H74: =F74*G74 -> 0
B75: 0 | C75: 3600型 飯糰機B | D75: 平均 | J75: =AVERAGE(J65:J74) -> 3.4 | K75: =AVERAGE(K65:K74) -> 3290.8611 | L75: =AVERAGE(L65:L74) -> 987.47474
A76: 二配 夾心型 飯糰機 | B76: 0 | F76: 0 | H76: =F76*G76 -> 0 | J76: 0 | K76: 0 | L76: 0
B77: 0 | F77: 0 | H77: =F77*G77 -> 0
B78: 0 | F78: 0 | H78: =F78*G78 -> 0
B79: 0 | F79: 0 | H79: =F79*G79 -> 0
B80: 0 | F80: 0 | H80: =F80*G80 -> 0
B81: 0 | C81: 夾心型 飯糰機 | D81: 平均 | J81: =AVERAGE(J76:J80) -> 0 | K81: =AVERAGE(K76:K80) -> 0 | L81: =AVERAGE(L76:L80) -> 0
A82: 二配 3300型A 飯糰機 | B82: 飯糰 | D82: 二配油蔥G絲飯糰 | F82: 18.18 | G82: 475 | H82: =F82*G82 -> 8635.5 | J82: 4 | K82: =G82/P82*60 -> 2850 | L82: =K82/J82 -> 712.5 | M82: 0.72222222 | N82: 0.72916667 | O82: 20 | P82: =(N82-M82)*24*60 -> 10
B83: 0 | F83: 0 | H83: =F83*G83 -> 0
B84: 0 | F84: 0 | H84: =F84*G84 -> 0
B85: 0 | F85: 0 | H85: =F85*G85 -> 0
B86: 0 | F86: 0 | H86: =F86*G86 -> 0
F87: 0 | H87: =F87*G87 -> 0
B88: 0 | F88: 0 | H88: =F88*G88 -> 0
B89: 0 | F89: 0 | H89: =F89*G89 -> 0
B90: 0 | F90: 0 | H90: =F90*G90 -> 0
B91: 0 | C91: 3300型 飯糰機A | D91: 平均 | J91: =AVERAGE(J82:J90) -> 4 | K91: =AVERAGE(K82:K90) -> 2850 | L91: =AVERAGE(L82:L90) -> 712.5
A92: 二配 3300型B 飯糰機 | B92: 飯糰 | D92: 二配大飯糰韓式蒜烤豬五花 | F92: 24.54 | G92: 1614 | H92: =F92*G92 -> 39607.56 | J92: 3 | K92: =G92/P92*60 -> 2152 | L92: =K92/J92 -> 717.33333 | M92: 0.72222222 | N92: 0.75347222 | O92: 20 | P92: =(N92-M92)*24*60 -> 45
B93: 飯糰 | D93: 二配大飯糰滷肉飯加蛋 | F93: 22.48 | G93: 765 | H93: =F93*G93 -> 17197.2 | J93: 4 | K93: =G93/P93*60 -> 2295 | L93: =K93/J93 -> 573.75 | M93: 0.76736111 | N93: 0.78125 | O93: 20 | P93: =(N93-M93)*24*60 -> 20
B94: 飯糰 | D94: 二配大飯糰鮪魚昆布 | F94: 22.21 | G94: 1273 | H94: =F94*G94 -> 28273.33 | J94: 4 | K94: =G94/P94*60 -> 2182.2857 | L94: =K94/J94 -> 545.57143 | M94: 0.79513889 | N94: 0.81944444 | O94: 20 | P94: =(N94-M94)*24*60 -> 35
B95: 0 | F95: 0 | H95: =F95*G95 -> 0
B96: 0 | F96: 0 | H96: =F96*G96 -> 0
B97: 0 | F97: 0 | H97: =F97*G97 -> 0
B98: 0
B99: 0 | F99: 0 | H99: =F99*G99 -> 0
B100: 0 | C100: 3300型 飯糰機B | D100: 平均 | J100: =AVERAGE(J92:J99) -> 3.6666667 | K100: =AVERAGE(K92:K99) -> 2209.7619 | L100: =AVERAGE(L92:L99) -> 612.21825
...

Sheet 晉欣4度C0401
A1: 晉欣廠四度C日報分析 | D1: 總生產量 | E1: =SUM(G5:G173) -> 163846 | F1: 營業額 | G1: =SUM(H5:H173) -> 6200281.6 | H1: 出勤人數 | I1: =M17+M30+M43+M56+M69+M82+M95+M108+M121+M134+M147+M160+M173 -> 198.15754 | J1: 產線配置圖 | M1: 生產實績 | P1: 人時性差異分析 | T1: 日報登錄 | Z1: 合計 次數 | AA1: 合計 時間/分 | AB1: 產線異常分析 說明(5分鐘以上) | AD1: 合計 次數 | AE1: 合計 設備次數 | AF1: 產能差異分析
A2: 04月01日 星期 三 | D2: 人時性 | E2: =AVERAGE(O17,O30,O43,O56,O69,O82,O95,O108,O121,O134,O147,O160,O173) -> 128.28872 | F2: 平均廠價 | G2: =G1/E1 -> 37.84213 | H2: 多次生產數 | I2: =COUNT(I5:I173) -> 6 | Z2: =Z17+Z30+Z43+Z56+Z69+Z82+Z95+Z108+Z121+Z134+Z147+Z160+Z173 -> 0 | AA2: =AA17+AA30+AA43+AA56+AA69+AA82+AA95+AA108+AA121+AA134+AA147+AA160+AA173 -> 0 | AD2: =AD17+AD30+AD43+AD56+AD69+AD82+AD95+AD108+AD121+AD134+AD147+AD160+AD173 -> 3 | AE2: =AE17+AE30+AE43+AE56+AE69+AE82+AE95+AE108+AE121+AE134+AE147+AE160+AE173 -> 4
A3: 線別 | B3: 品類 | D3: 品名 | F3: 廠價 | G3: 生產量 | H3: 營收 | I3: 多次 生產 | J3: 人數 | K3: 產能/時 | L3: 人時性 | M3: 人數 | N3: 產能/時 | O3: 人時性 | P3: 人數 | Q3: 人時性 | R3: 達成率 | S3: 達成率平均 | T3: 生產時間 | V3: 前置、換線時間/分 | W3: 稼動時間/分 | X3: 休息時間 | Z3: 產線異常統計 (5分鐘以上) | AB3: 分析說明 | AD3: 短暫停線統計 (5分鐘以下) | AF3: 產能/時 | AG3: 達成率 | AH3: 達成率平均
T4: 開始 | U4: 結束 | X4: 開始 | Y4: 結束 | Z4: 次數 | AA4: 時間/分 | AD4: 總次數 | AE4: 設備因素(次數)
A5: 四度一組 (ET-600) | B5: 季節調理麵 | D5: 椒麻香蔥雞涼拌麵 | F5: 37.94 | G5: 3939 | H5: =F5*G5 -> 149445.66 | J5: 20 | K5: 2400 | L5: 120 | M5: 20 | N5: =G5/W5*60 -> 2250.8571 | O5: =N5/M5 -> 112.54286 | P5: =M5-J5 -> 0 | Q5: =O5-L5 -> -7.4571429 | R5: =O5/L5 -> 0.93785714 | S5: =R17 -> 0.92212472 | T5: 0.29166667 | U5: 0.36458333 | V5: 5 | W5: =(U5-T5)*24*60 -> 105 | AF5: =N5-K5 -> -149.14286 | AG5: =N5/K5 -> 0.93785714 | AH5: =AG17 -> 0.95643507
B6: 季節調理麵 | D6: 台式麻醬涼麵 | F6: 31.266132 | G6: 2531.1 | H6: =F6*G6 -> 79137.706 | J6: 18 | K6: 2600 | L6: 144.44444 | M6: 19 | N6: =G6/W6*60 -> 2531.1 | O6: =N6/M6 -> 133.21579 | P6: =M6-J6 -> 1 | Q6: =O6-L6 -> -11.228655 | R6: =O6/L6 -> 0.92226316 | T6: 0.36944444 | U6: 0.41111111 | V6: 7 | W6: =(U6-T6)*24*60 -> 60 | AF6: =N6-K6 -> -68.9 | AG6: =N6/K6 -> 0.9735
B7: 季節調理麵 | D7: 大滿足麻醬涼麵 | F7: 38 | G7: 4687.76 | H7: =F7*G7 -> 178134.88 | J7: 19 | K7: 2600 | L7: 136.84211 | M7: 20 | N7: =G7/W7*60 -> 2533.9243 | O7: =N7/M7 -> 126.69622 | P7: =M7-J7 -> 1 | Q7: =O7-L7 -> -10.145889 | R7: =O7/L7 -> 0.92585696 | T7: 0.42708333 | U7: 0.50416667 | V7: 23 | W7: =(U7-T7)*24*60 -> 111 | X7: 0.41458333 | Y7: 0.42430556 | AD7: 1 | AF7: =N7-K7 -> -66.075676 | AG7: =N7/K7 -> 0.97458628
B8: 季節調理麵 | D8: 大滿足麻醬涼麵 | F8: 38 | G8: 3683.24 | H8: =F8*G8 -> 139963.12 | J8: 19 | K8: 2600 | L8: 136.84211 | M8: 20 | N8: =G8/W8*60 -> 2511.3 | O8: =N8/M8 -> 125.565 | P8: =M8-J8 -> 1 | Q8: =O8-L8 -> -11.277105 | R8: =O8/L8 -> 0.91759038 | T8: 0.54375 | U8: 0.60486111 | V8: 5 | W8: =(U8-T8)*24*60 -> 88 | AF8: =N8-K8 -> -88.7 | AG8: =N8/K8 -> 0.96588462
B9: 季節調理麵 | D9: 台式麻醬涼麵 | F9: 31.266132 | G9: 1362.9 | H9: =F9*G9 -> 42612.611 | J9: 18 | K9: 2600 | L9: 144.44444 | M9: 19 | N9: =G9/W9*60 -> 2478 | O9: =N9/M9 -> 130.42105 | P9: =M9-J9 -> 1 | Q9: =O9-L9 -> -14.023392 | R9: =O9/L9 -> 0.90291498 | T9: 0.62013889 | U9: 0.64305556 | V9: 22 | W9: =(U9-T9)*24*60 -> 33 | X9: 0.60833333 | Y9: 0.61736111 | AF9: =N9-K9 -> -122 | AG9: =N9/K9 -> 0.95307692
B10: 季節調理麵 | D10: 椒麻香蔥雞涼拌麵 | F10: 37.94 | G10: 2121 | H10: =F10*G10 -> 80470.74 | J10: 20 | K10: 2400 | L10: 120 | M10: 20 | N10: =G10/W10*60 -> 2232.6316 | O10: =N10/M10 -> 111.63158 | P10: =M10-J10 -> 0 | Q10: =O10-L10 -> -8.3684211 | R10: =O10/L10 -> 0.93026316 | T10: 0.64791667 | U10: 0.6875 | V10: 7 | W10: =(U10-T10)*24*60 -> 57 | AF10: =N10-K10 -> -167.36842 | AG10: =N10/K10 -> 0.93026316
B11: 0 | F11: 0 | H11: =F11*G11 -> 0 | AF11: =N11-K11 -> 0 | AG11: =N11/K11 -> #DIV/0!
B12: 0 | F12: 0 | H12: =F12*G12 -> 0 | AF12: =N12-K12 -> 0 | AG12: =N12/K12 -> #DIV/0!
B13: 0 | F13: 0 | H13: =F13*G13 -> 0 | AF13: =N13-K13 -> 0 | AG13: =N13/K13 -> #DIV/0!
B14: 0 | F14: 0 | H14: =F14*G14 -> 0 | W14: =(U14-T14)*24*60 -> 0
B15: 0 | F15: 0 | H15: =F15*G15 -> 0 | W15: =(U15-T15)*24*60 -> 0
B16: 0 | F16: 0 | H16: =F16*G16 -> 0 | W16: =(U16-T16)*24*60 -> 0
B17: 0 | C17: 4度一組 | D17: 平均 | J17: 19 | K17: 2533.3333 | L17: 133.76218 | M17: =AVERAGE(M5:M16) -> 19.666667 | N17: =AVERAGE(N5:N16) -> 2422.9688 | O17: =AVERAGE(O5:O16) -> 123.34542 | P17: =M17-J17 -> 0.66666667 | Q17: =O17-L17 -> -10.416768 | R17: =O17/L17 -> 0.92212472 | W17: =(U17-T17)*24*60 -> 0 | Z17: =SUM(Z5:Z16) -> 0 | AA17: =SUM(AA5:AA16) -> 0 | AD17: =SUM(AD5:AD16) -> 1 | AE17: =SUM(AE5:AE16) -> 0 | AF17: =N17-K17 -> -110.36449 | AG17: =N17/K17 -> 0.95643507
A18: 四度二組A 熱麵 固定線 (ET-55) | B18: 季節調理麵 | D18: 日式蕎麥沾麵 | F18: 36.86 | G18: 2853.9 | H18: =F18*G18 -> 105194.75 | J18: 17 | K18: 2250 | L18: 132.35294 | M18: 18 | N18: =G18/W18*60 -> 2167.519 | O18: =N18/M18 -> 120.41772 | P18: =M18-J18 -> 1 | Q18: =O18-L18 -> -11.93522 | R18: =O18/L18 -> 0.90982278 | S18: =R30 -> 0.87556331 | T18: 0.16666667 | U18: 0.22152778 | V18: 5 | W18: =(U18-T18)*24*60 -> 79 | AF18: =N18-K18 -> -82.481013 | AG18: =N18/K18 -> 0.96334177 | AH18: =AG30 -> 0.90844142
B19: 季節調理麵 | D19: 大滿足香辣涼麵 | F19: 38.630952 | G19: 1179 | H19: =F19*G19 -> 45545.893 | J19: 18 | K19: 2600 | L19: 144.44444 | M19: 19 | N19: =G19/W19*60 -> 2358 | O19: =N19/M19 -> 124.10526 | P19: =M19-J19 -> 1 | Q19: =O19-L19 -> -20.339181 | R19: =O19/L19 -> 0.85919028 | T19: 0.22708333 | U19: 0.24791667 | V19: 8 | W19: =(U19-T19)*24*60 -> 30 | AF19: =N19-K19 -> -242 | AG19: =N19/K19 -> 0.90692308
B20: 熱食義麵 | D20: 愛恨椒芝麵 | F20: 38.39 | G20: 2395 | H20: =F20*G20 -> 91944.05 | J20: 16 | K20: 1636 | L20: 102.25 | M20: 17 | N20: =G20/W20*60 -> 1437 | O20: =N20/M20 -> 84.529412 | P20: =M20-J20 -> 1 | Q20: =O20-L20 -> -17.720588 | R20: =O20/L20 -> 0.82669351 | T20: 0.26388889 | U20: 0.33333333 | V20: 23 | W20: =(U20-T20)*24*60 -> 100 | X20: 0.25138889 | Y20: 0.26111111 | AE20: 1 | AF20: =N20-K20 -> -199 | AG20: =N20/K20 -> 0.87836186
B21: 小菜微波 | D21: 古早味炒炊粉 | F21: 43.14 | G21: 1852 | H21: =F21*G21 -> 79895.28 | J21: 16 | K21: 1440 | L21: 90 | M21: 16 | N21: =G21/W21*60 -> 1406.5823 | O21: =N21/M21 -> 87.911392 | P21: =M21-J21 -> 0 | Q21: =O21-L21 -> -2.0886076 | R21: =O21/L21 -> 0.97679325 | T21: 0.33819444 | U21: 0.39305556 | V21: 7 | W21: =(U21-T21)*24*60 -> 79 | AF21: =N21-K21 -> -33.417722 | AG21: =N21/K21 -> 0.97679325
B22: 熱食義麵 | D22: 辣腐乳麻醬拌麵 | F22: 38.1 | G22: 1470 | H22: =F22*G22 -> 56007 | J22: 17 | K22: 1500 | L22: 88.235294 | M22: 16 | N22: =G22/W22*60 -> 1297.0588 | O22: =N22/M22 -> 81.066176 | P22: =M22-J22 -> -1 | Q22: =O22-L22 -> -7.1691176 | R22: =O22/L22 -> 0.91875 | T22: 0.39861111 | U22: 0.44583333 | V22: 8 | W22: =(U22-T22)*24*60 -> 68 | AE22: 1 | AF22: =N22-K22 -> -202.94118 | AG22: =N22/K22 -> 0.86470588
B23: 季節調理麵 | D23: 大滿足香辣涼麵 | F23: 38.630952 | G23: 4716 | H23: =F23*G23 -> 182183.57 | J23: 18 | K23: 2600 | L23: 144.44444 | M23: 19 | N23: =G23/W23*60 -> 2319.3443 | O23: =N23/M23 -> 122.07075 | P23: =M23-J23 -> 1 | Q23: =O23-L23 -> -22.373694 | R23: =O23/L23 -> 0.8451052 | T23: 0.48611111 | U23: 0.57083333 | V23: 5 | W23: =(U23-T23)*24*60 -> 122 | AF23: =N23-K23 -> -280.65574 | AG23: =N23/K23 -> 0.89205549
B24: 季節調理麵 | D24: 日式蕎麥沾麵 | F24: 36.86 | G24: 1223.1 | H24: =F24*G24 -> 45083.466 | J24: 17 | K24: 2250 | L24: 132.35294 | M24: 18 | N24: =G24/W24*60 -> 1983.4054 | O24: =N24/M24 -> 110.18919 | P24: =M24-J24 -> 1 | Q24: =O24-L24 -> -22.163752 | R24: =O24/L24 -> 0.83254054 | T24: 0.57569444 | U24: 0.60138889 | V24: 7 | W24: =(U24-T24)*24*60 -> 37 | AF24: =N24-K24 -> -266.59459 | AG24: =N24/K24 -> 0.88151351
B25: 0 | F25: 0 | H25: =F25*G25 -> 0 | W25: =(U25-T25)*24*60 -> 0 | AF25: =N25-K25 -> 0 | AG25: =N25/K25 -> #DIV/0!
B26: 0 | F26: 0 | H26: =F26*G26 -> 0 | W26: =(U26-T26)*24*60 -> 0 | AF26: =N26-K26 -> 0 | AG26: =N26/K26 -> #DIV/0!
B27: 0 | F27: 0 | H27: =F27*G27 -> 0 | W27: =(U27-T27)*24*60 -> 0 | AF27: =N27-K27 -> 0 | AG27: =N27/K27 -> #DIV/0!
B28: 0 | F28: 0 | H28: =F28*G28 -> 0 | W28: =(U28-T28)*24*60 -> 0 | AF28: =N28-K28 -> 0 | AG28: =N28/K28 -> #DIV/0!
B29: 0 | F29: 0 | H29: =F29*G29 -> 0 | W29: =(U29-T29)*24*60 -> 0 | AF29: =N29-K29 -> 0
B30: 0 | C30: 4度二組A | D30: 平均 | J30: 17 | K30: 2039.4286 | L30: 119.1543 | M30: =AVERAGE(M18:M29) -> 17.571429 | N30: =AVERAGE(N18:N29) -> 1852.7014 | O30: =AVERAGE(O18:O29) -> 104.32713 | P30: =M30-J30 -> 0.57142857 | Q30: =O30-L30 -> -14.827166 | R30: =O30/L30 -> 0.87556331 | Z30: =SUM(Z18:Z29) -> 0 | AA30: =SUM(AA18:AA29) -> 0 | AD30: =SUM(AD18:AD29) -> 0 | AE30: =SUM(AE18:AE29) -> 2 | AF30: =N30-K30 -> -186.72718 | AG30: =N30/K30 -> 0.90844142
A31: 四度二組 (ET-55) | B31: 飯糰 | D31: 大口日式塔塔醬蝦排飯糰 | F31: 35.33 | G31: 1982 | H31: =F31*G31 -> 70024.06 | J31: 12 | K31: 2118 | L31: 176.5 | M31: 12 | N31: =G31/W31*60 -> 1887.619 | O31: =N31/M31 -> 157.30159 | P31: =M31-J31 -> 0 | Q31: =O31-L31 -> -19.198413 | R31: =O31/L31 -> 0.89122712 | S31: =R43 -> 0.84620673 | T31: 0.16666667 | U31: 0.21041667 | V31: 5 | W31: =(U31-T31)*24*60 -> 63 | AF31: =N31-K31 -> -230.38095 | AG31: =N31/K31 -> 0.89122712 | AH31: =AG43 -> 0.84913746
B32: 飯糰 | D32: 大口起司熔岩白醬炸魚飯糰 | F32: 34.23 | G32: 2094 | H32: =F32*G32 -> 71677.62 | J32: 12 | K32: 2118 | L32: 176.5 | M32: 12 | N32: =G32/W32*60 -> 1903.6364 | O32: =N32/M32 -> 158.63636 | P32: =M32-J32 -> 0 | Q32: =O32-L32 -> -17.863636 | R32: =O32/L32 -> 0.8987896 | T32: 0.21527778 | U32: 0.26111111 | V32: 7 | W32: =(U32-T32)*24*60 -> 66 | AF32: =N32-K32 -> -214.36364 | AG32: =N32/K32 -> 0.8987896
B33: 飯糰 | D33: 大口義式香草雞腿排飯糰 | F33: 36.41 | G33: 2612.75 | H33: =F33*G33 -> 95130.227 | J33: 10 | K33: 2769 | L33: 276.9 | M33: 10 | N33: =G33/W33*60 -> 2177.2917 | O33: =N33/M33 -> 217.72917 | P33: =M33-J33 -> 0 | Q33: =O33-L33 -> -59.170833 | R33: =O33/L33 -> 0.78630974 | T33: 0.27638889 | U33: 0.32638889 | V33: 22 | W33: =(U33-T33)*24*60 -> 72 | X33: 0.26458333 | Y33: 0.27361111 | AF33: =N33-K33 -> -591.70833 | AG33: =N33/K33 -> 0.78630974
B34: 微波主食 | D34: 壹號醬壽喜燒牛丼 | F34: 54.09 | G34: 4071 | H34: =F34*G34 -> 220200.39 | J34: 18 | K34: 1500 | L34: 83.333333 | M34: 18 | N34: =G34/W34*60 -> 1252.6154 | O34: =N34/M34 -> 69.589744 | P34: =M34-J34 -> 0 | Q34: =O34-L34 -> -13.74359 | R34: =O34/L34 -> 0.83507692 | T34: 0.34236111 | U34: 0.47777778 | V34: 23 | W34: =(U34-T34)*24*60 -> 195 | X34: 0.32986111 | Y34: 0.33958333 | AF34: =N34-K34 -> -247.38462 | AG34: =N34/K34 -> 0.83507692
B35: 微波主食 | D35: 韓式泡菜豬肉豆腐丼飯 | F35: 50.67 | G35: 1763 | H35: =F35*G35 -> 89331.21 | J35: 18 | K35: 1500 | L35: 83.333333 | M35: 18 | N35: =G35/W35*60 -> 1274.4578 | O35: =N35/M35 -> 70.803213 | P35: =M35-J35 -> 0 | Q35: =O35-L35 -> -12.53012 | R35: =O35/L35 -> 0.84963855 | T35: 0.51805556 | U35: 0.57569444 | V35: 5 | W35: =(U35-T35)*24*60 -> 83 | AF35: =N35-K35 -> -225.54217 | AG35: =N35/K35 -> 0.84963855
B36: 0 | F36: 0 | H36: =F36*G36 -> 0 | W36: =(U36-T36)*24*60 -> 0 | AF36: =N36-K36 -> 0 | AG36: =N36/K36 -> #DIV/0!
B37: 0 | F37: 0 | H37: =F37*G37 -> 0 | W37: =(U37-T37)*24*60 -> 0 | AF37: =N37-K37 -> 0 | AG37: =N37/K37 -> #DIV/0!
B38: 0 | F38: 0 | H38: =F38*G38 -> 0 | W38: =(U38-T38)*24*60 -> 0 | AF38: =N38-K38 -> 0 | AG38: =N38/K38 -> #DIV/0!
B39: 0 | F39: 0 | H39: =F39*G39 -> 0 | W39: =(U39-T39)*24*60 -> 0 | AF39: =N39-K39 -> 0 | AG39: =N39/K39 -> #DIV/0!
B40: 0 | F40: 0 | H40: =F40*G40 -> 0 | W40: =(U40-T40)*24*60 -> 0 | AF40: =N40-K40 -> 0 | AG40: =N40/K40 -> #DIV/0!
B41: 0 | F41: 0 | W41: =(U41-T41)*24*60 -> 0
B42: 0 | F42: 0 | H42: =F42*G42 -> 0 | W42: =(U42-T42)*24*60 -> 0
B43: 0 | C43: 4度二組B | D43: 平均 | J43: 14 | K43: 2001 | L43: 159.31333 | M43: =AVERAGE(M31:M42) -> 14 | N43: =AVERAGE(N31:N42) -> 1699.1241 | O43: =AVERAGE(O31:O42) -> 134.81201 | P43: =M43-J43 -> 0 | Q43: =N43-K43 -> -301.87594 | R43: =O43/L43 -> 0.84620673 | Z43: =SUM(Z31:Z42) -> 0 | AA43: =SUM(AA31:AA42) -> 0 | AD43: =SUM(AD31:AD42) -> 0 | AE43: =SUM(AE31:AE42) -> 0 | AF43: =N43-K43 -> -301.87594 | AG43: =N43/K43 -> 0.84913746
A44: 四度二組 (烤飯糰/八爪機) | B44: 飯糰 | D44: 淡麗清酒蒸蛤蜊烤飯糰 | F44: 24.73 | G44: 2128 | H44: =F44*G44 -> 52625.44 | J44: 4 | K44: 2000 | L44: 500 | M44: 5 | N44: =G44/W44*60 -> 2164.0678 | O44: =N44/M44 -> 432.81356 | P44: =M44-J44 -> 1 | Q44: =O44-L44 -> -67.186441 | R44: =O44/L44 -> 0.86562712 | S44: =R56 -> 0.89453294 | T44: 0.16666667 | U44: 0.20763889 | V44: 5 | W44: =(U44-T44)*24*60 -> 59 | AF44: =N44-K44 -> 164.0678 | AG44: =N44/K44 -> 1.0820339 | AH44: =AG56 -> 1.0275603
B45: 飯糰 | D45: 糖燻野郎起司炙燒牛烤飯糰 | F45: 24.73 | G45: 2018 | H45: =F45*G45 -> 49905.14 | J45: 4 | K45: 2000 | L45: 500 | M45: 5 | N45: =G45/W45*60 -> 2162.1429 | O45: =N45/M45 -> 432.42857 | P45: =M45-J45 -> 1 | Q45: =O45-L45 -> -67.571429 | R45: =O45/L45 -> 0.86485714 | T45: 0.21111111 | U45: 0.25 | V45: 5 | W45: =(U45-T45)*24*60 -> 56 | AF45: =N45-K45 -> 162.14286 | AG45: =N45/K45 -> 1.0810714
B46: 飯糰 | D46: 蟹味可樂餅風炸飯糰 | F46: 21.92 | G46: 822 | H46: =F46*G46 -> 18018.24 | J46: 4 | K46: 2000 | L46: 500 | M46: 5 | N46: =G46/W46*60 -> 2144.3478 | O46: =N46/M46 -> 428.86957 | P46: =M46-J46 -> 1 | Q46: =O46-L46 -> -71.130435 | R46: =O46/L46 -> 0.85773913 | T46: 0.25347222 | U46: 0.26944444 | V46: 5 | W46: =(U46-T46)*24*60 -> 23 | AF46: =N46-K46 -> 144.34783 | AG46: =N46/K46 -> 1.0721739
B47: 小菜微波 | D47: 媽媽煮藝-鹹酥雞 | F47: 31.43 | G47: 2159 | H47: =F47*G47 -> 67857.37 | J47: 7 | K47: 1500 | L47: 214.28571 | M47: 7 | N47: =G47/W47*60 -> 1392.9032 | O47: =N47/M47 -> 198.98618 | P47: =M47-J47 -> 0 | Q47: =O47-L47 -> -15.299539 | R47: =O47/L47 -> 0.92860215 | T47: 0.28680556 | U47: 0.35138889 | V47: 25 | W47: =(U47-T47)*24*60 -> 93 | X47: 0.27291667 | Y47: 0.28402778 | AF47: =N47-K47 -> -107.09677 | AG47: =N47/K47 -> 0.92860215
B48: 小菜微波 | D48: Q彈燕麥飯 | F48: 11.26 | G48: 8892 | H48: =F48*G48 -> 100123.92 | J48: 6 | K48: 1500 | L48: 250 | M48: 6 | N48: =G48/W48*60 -> 1461.6986 | O48: =N48/M48 -> 243.61644 | P48: =M48-J48 -> 0 | Q48: =O48-L48 -> -6.3835616 | R48: =O48/L48 -> 0.97446575 | T48: 0.37222222 | U48: 0.62569444 | V48: 30 | W48: =(U48-T48)*24*60 -> 365 | X48: 0.35486111 | Y48: 0.36944444 | AF48: =N48-K48 -> -38.30137 | AG48: =N48/K48 -> 0.97446575
B49: 微波主食 | D49: 優質池上飯 | F49: 10.09 | G49: 4002.21 | H49: =F49*G49 -> 40382.299 | J49: 6 | K49: 1500 | L49: 250 | M49: 6 | N49: =G49/W49*60 -> 1464.2232 | O49: =N49/M49 -> 244.0372 | P49: =M49-J49 -> 0 | Q49: =O49-L49 -> -5.9628049 | R49: =O49/L49 -> 0.97614878 | T49: 0.64652778 | U49: 0.76041667 | V49: 30 | W49: =(U49-T49)*24*60 -> 164 | X49: 0.62916667 | Y49: 0.64375 | AF49: =N49-K49 -> -35.776829 | AG49: =N49/K49 -> 0.97614878
B50: 0 | F50: 0 | H50: =F50*G50 -> 0 | AF50: =N50-K50 -> 0 | AG50: =N50/K50 -> #DIV/0!
B51: 0 | F51: 0 | AF51: =N51-K51 -> 0 | AG51: =N51/K51 -> #DIV/0!
B52: 0 | F52: 0 | H52: =F52*G52 -> 0 | W52: =(U52-T52)*24*60 -> 0 | AF52: =N52-K52 -> 0 | AG52: =N52/K52 -> #DIV/0!
B53: 0 | F53: 0 | H53: =F53*G53 -> 0 | W53: =(U53-T53)*24*60 -> 0 | AF53: =N53-K53 -> 0 | AG53: =N53/K53 -> #DIV/0!
B54: 0 | F54: 0 | H54: =F54*G54 -> 0 | W54: =(U54-T54)*24*60 -> 0 | AF54: =N54-K54 -> 0 | AG54: =N54/K54 -> #DIV/0!
B55: 0 | F55: 0 | H55: =F55*G55 -> 0 | W55: =(U55-T55)*24*60 -> 0
B56: 0 | C56: 4度二組C1 | D56: 平均 | J56: 5.1666667 | K56: 1750 | L56: 369.04762 | M56: =AVERAGE(M44:M55) -> 5.6666667 | N56: =AVERAGE(N44:N55) -> 1798.2306 | O56: =AVERAGE(O44:O55) -> 330.12525 | P56: =M56-J56 -> 0.5 | Q56: =N56-K56 -> 48.230584 | R56: =O56/L56 -> 0.89453294 | W56: =(U56-T56)*24*60 -> 0 | Z56: =SUM(Z44:Z55) -> 0 | AA56: =SUM(AA44:AA55) -> 0 | AD56: =SUM(AD44:AD55) -> 0 | AE56: =SUM(AE44:AE55) -> 0 | AF56: =N56-K56 -> 48.230584 | AG56: =N56/K56 -> 1.0275603
A57: 四度二組 (烤飯糰/十爪機) | B57: 小菜微波 | D57: 糖燻豬耳絲 | F57: 28.26 | G57: 1630 | H57: =F57*G57 -> 46063.8 | J57: 7 | K57: 1500 | L57: 214.28571 | M57: 7 | N57: =G57/W57*60 -> 1504.6154 | O57: =N57/M57 -> 214.94505 | P57: =M57-J57 -> 0 | Q57: =O57-L57 -> 0.65934066 | R57: =O57/L57 -> 1.0030769 | S57: =R69 -> 0.98519222 | T57: 0.16666667 | U57: 0.21180556 | V57: 5 | W57: =(U57-T57)*24*60 -> 65 | AF57: =N57-K57 -> 4.6153846 | AG57: =N57/K57 -> 1.0030769 | AH57: =AG69 -> 0.98589384
B58: 小菜微波 | D58: 燻之味-糖燻雞胗 | F58: 27.88 | G58: 2829 | H58: =F58*G58 -> 78872.52 | J58: 7 | K58: 1500 | L58: 214.28571 | M58: 7 | N58: =G58/W58*60 -> 1488.9474 | O58: =N58/M58 -> 212.70677 | P58: =M58-J58 -> 0 | Q58: =O58-L58 -> -1.5789474 | R58: =O58/L58 -> 0.99263158 | T58: 0.22916667 | U58: 0.30833333 | V58: 25 | W58: =(U58-T58)*24*60 -> 114 | X58: 0.21527778 | Y58: 0.22638889 | AF58: =N58-K58 -> -11.052632 | AG58: =N58/K58 -> 0.99263158
B59: 小菜微波 | D59: 韓式蒜味炸雞 | F59: 28 | G59: 2781 | H59: =F59*G59 -> 77868 | J59: 7 | K59: 1500 | L59: 214.28571 | M59: 7 | N59: =G59/W59*60 -> 1476.6372 | O59: =N59/M59 -> 210.94817 | P59: =M59-J59 -> 0 | Q59: =O59-L59 -> -3.3375474 | R59: =O59/L59 -> 0.98442478 | T59: 0.32569444 | U59: 0.40416667 | V59: 25 | W59: =(U59-T59)*24*60 -> 113 | X59: 0.31180556 | Y59: 0.32291667 | AF59: =N59-K59 -> -23.362832 | AG59: =N59/K59 -> 0.98442478
B60: 微波主食 | D60: 優質池上飯 | F60: 10.09 | G60: 5188.05 | H60: =F60*G60 -> 52347.424 | J60: 6 | K60: 1500 | L60: 250 | M60: 6 | N60: =G60/W60*60 -> 1454.5935 | O60: =N60/M60 -> 242.43224 | P60: =M60-J60 -> 0 | Q60: =O60-L60 -> -7.567757 | R60: =O60/L60 -> 0.96972897 | T60: 0.425 | U60: 0.57361111 | V60: 30 | W60: =(U60-T60)*24*60 -> 214 | X60: 0.40763889 | Y60: 0.42222222 | AF60: =N60-K60 -> -45.406542 | AG60: =N60/K60 -> 0.96972897
B61: 微波主食 | D61: 優質池上飯 | F61: 10.09 | G61: 5632.74 | H61: =F61*G61 -> 56834.347 | J61: 6 | K61: 1500 | L61: 250 | M61: 6 | N61: =G61/W61*60 -> 1469.4104 | O61: =N61/M61 -> 244.90174 | P61: =M61-J61 -> 0 | Q61: =O61-L61 -> -5.0982609 | R61: =O61/L61 -> 0.97960696 | T61: 0.59444444 | U61: 0.75416667 | V61: 30 | W61: =(U61-T61)*24*60 -> 230 | X61: 0.57708333 | Y61: 0.59166667 | AF61: =N61-K61 -> -30.589565 | AG61: =N61/K61 -> 0.97960696
B62: 0 | F62: 0 | H62: =F62*G62 -> 0 | W62: =(U62-T62)*24*60 -> 0 | AF62: =N62-K62 -> 0 | AG62: =N62/K62 -> #DIV/0!
B63: 0 | F63: 0 | H63: =F63*G63 -> 0 | W63: =(U63-T63)*24*60 -> 0 | AF63: =N63-K63 -> 0 | AG63: =N63/K63 -> #DIV/0!
B64: 0 | F64: 0 | H64: =F64*G64 -> 0 | W64: =(U64-T64)*24*60 -> 0 | AF64: =N64-K64 -> 0 | AG64: =N64/K64 -> #DIV/0!
B65: 0 | F65: 0 | H65: =F65*G65 -> 0 | W65: =(U65-T65)*24*60 -> 0 | AF65: =N65-K65 -> 0 | AG65: =N65/K65 -> #DIV/0!
B66: 0 | F66: 0 | H66: =F66*G66 -> 0 | W66: =(U66-T66)*24*60 -> 0 | AF66: =N66-K66 -> 0 | AG66: =N66/K66 -> #DIV/0!
B67: 0 | F67: 0 | H67: =F67*G67 -> 0 | W67: =(U67-T67)*24*60 -> 0 | AF67: =N67-K67 -> 0 | AG67: =N67/K67 -> #DIV/0!
B68: 0 | F68: 0 | H68: =F68*G68 -> 0 | W68: =(U68-T68)*24*60 -> 0
B69: 0 | C69: 4度二組C2 | D69: 平均 | J69: 6.6 | K69: 1500 | L69: 228.57143 | M69: =AVERAGE(M57:M68) -> 6.6 | N69: =AVERAGE(N57:N68) -> 1478.8408 | O69: =AVERAGE(O57:O68) -> 225.18679 | P69: =M69-J69 -> 0 | Q69: =N69-K69 -> -21.159237 | R69: =O69/L69 -> 0.98519222 | W69: =(U69-T69)*24*60 -> 0 | Z69: =SUM(Z57:Z68) -> 0 | AA69: =SUM(AA57:AA68) -> 0 | AD69: =SUM(AD57:AD68) -> 0 | AE69: =SUM(AE57:AE68) -> 0 | AF69: =N69-K69 -> -21.159237 | AG69: =N69/K69 -> 0.98589384
A70: 四度三組 (ET-55) | B70: 熱食義麵 | D70: 蕃茄起司手工千層麵(區2) | F70: 62.13 | G70: 400 | H70: =F70*G70 -> 24852 | J70: 14 | K70: 1500 | L70: 107.14286 | M70: 13 | N70: =G70/W70*60 -> 1263.1579 | O70: =N70/M70 -> 97.165992 | P70: =M70-J70 -> -1 | Q70: =O70-L70 -> -9.9768652 | R70: =O70/L70 -> 0.90688259 | S70: =R82 -> 0.89618765 | T70: 0.29166667 | U70: 0.30486111 | V70: 5 | W70: =(U70-T70)*24*60 -> 19 | AF70: =N70-K70 -> -236.84211 | AG70: =N70/K70 -> 0.84210526 | AH70: =AG82 -> 0.88081836
B71: 便當 | D71: 嘉義劉里長雞肉飯 | F71: 47.65 | G71: 2082 | H71: =F71*G71 -> 99207.3 | J71: 18 | K71: 1440 | L71: 80 | M71: 18 | N71: =G71/W71*60 -> 1357.8261 | O71: =N71/M71 -> 75.434783 | P71: =M71-J71 -> 0 | Q71: =O71-L71 -> -4.5652174 | R71: =O71/L71 -> 0.94293478 | T71: 0.30972222 | U71: 0.37361111 | V71: 7 | W71: =(U71-T71)*24*60 -> 92 | AF71: =N71-K71 -> -82.173913 | AG71: =N71/K71 -> 0.94293478
B72: 微波主食 | D72: 日式中濃醬炭火漢堡排飯 | F72: 56.85 | G72: 2661 | H72: =F72*G72 -> 151277.85 | J72: 18 | K72: 1636 | L72: 90.888889 | M72: 18 | N72: =G72/W72*60 -> 1218.7786 | O72: =N72/M72 -> 67.709924 | P72: =M72-J72 -> 0 | Q72: =O72-L72 -> -23.178965 | R72: =O72/L72 -> 0.74497471 | T72: 0.38888889 | U72: 0.47986111 | V72: 22 | W72: =(U72-T72)*24*60 -> 131 | X72: 0.37708333 | Y72: 0.38611111 | AF72: =N72-K72 -> -417.22137 | AG72: =N72/K72 -> 0.74497471
B73: 便當 | D73: 香腸腿排雙拼便當 | F73: 53.76 | G73: 2370 | H73: =F73*G73 -> 127411.2 | J73: 16 | K73: 1440 | L73: 90 | M73: 16 | N73: =G73/W73*60 -> 1354.2857 | O73: =N73/M73 -> 84.642857 | P73: =M73-J73 -> 0 | Q73: =O73-L73 -> -5.3571429 | R73: =O73/L73 -> 0.94047619 | T73: 0.52013889 | U73: 0.59305556 | V73: 5 | W73: =(U73-T73)*24*60 -> 105 | AF73: =N73-K73 -> -85.714286 | AG73: =N73/K73 -> 0.94047619
B74: 便當 | D74: 新招牌腿排便當 | F74: 47.51 | G74: 2266 | H74: =F74*G74 -> 107657.66 | J74: 17 | K74: 1440 | L74: 84.705882 | M74: 17 | N74: =G74/W74*60 -> 1373.3333 | O74: =N74/M74 -> 80.784314 | P74: =M74-J74 -> 0 | Q74: =O74-L74 -> -3.9215686 | R74: =O74/L74 -> 0.9537037 | T74: 0.60902778 | U74: 0.67777778 | V74: 23 | W74: =(U74-T74)*24*60 -> 99 | X74: 0.59652778 | Y74: 0.60625 | AF74: =N74-K74 -> -66.666667 | AG74: =N74/K74 -> 0.9537037
B75: 0 | F75: 0 | H75: =F75*G75 -> 0 | AF75: =N75-K75 -> 0 | AG75: =N75/K75 -> #DIV/0!
B76: 0 | F76: 0 | H76: =F76*G76 -> 0 | AF76: =N76-K76 -> 0 | AG76: =N76/K76 -> #DIV/0!
B77: 0 | F77: 0 | H77: =F77*G77 -> 0 | AF77: =N77-K77 -> 0 | AG77: =N77/K77 -> #DIV/0!
B78: 0 | F78: 0 | H78: =F78*G78 -> 0 | W78: =(U78-T78)*24*60 -> 0 | AF78: =N78-K78 -> 0 | AG78: =N78/K78 -> #DIV/0!
B79: 0 | F79: 0 | H79: =F79*G79 -> 0 | W79: =(U79-T79)*24*60 -> 0 | AF79: =N79-K79 -> 0 | AG79: =N79/K79 -> #DIV/0!
B80: 0 | H80: =F80*G80 -> 0 | W80: =(U80-T80)*24*60 -> 0 | AF80: =N80-K80 -> 0 | AG80: =N80/K80 -> #DIV/0!
B81: 0 | W81: =(U81-T81)*24*60 -> 0
B82: 0 | C82: 4度三組 | D82: 平均 | J82: 16.6 | K82: 1491.2 | L82: 90.547526 | M82: =AVERAGE(M70:M81) -> 16.4 | N82: =AVERAGE(N70:N81) -> 1313.4763 | O82: =AVERAGE(O70:O81) -> 81.147574 | P82: =M82-J82 -> -0.2 | Q82: =N82-K82 -> -177.72367 | R82: =O82/L82 -> 0.89618765 | Z82: =SUM(Z70:Z81) -> 0 | AA82: =SUM(AA70:AA81) -> 0 | AD82: =SUM(AD70:AD81) -> 0 | AE82: =SUM(AE70:AE81) -> 0 | AF82: =N82-K82 -> -177.72367 | AG82: =N82/K82 -> 0.88081836
A83: 四度四組 (ET-55) | B83: 便當 | D83: 好吃雞肉便當 | F83: 53.36 | G83: 2721.15 | H83: =F83*G83 -> 145200.56 | J83: 19 | K83: 1440 | L83: 75.789474 | M83: 19 | N83: =G83/W83*60 -> 1316.6855 | O83: =N83/M83 -> 69.299236 | P83: =M83-J83 -> 0 | Q83: =O83-L83 -> -6.4902377 | R83: =O83/L83 -> 0.91436492 | S83: =R95 -> 0.91083766 | T83: 0.33333333 | U83: 0.41944444 | V83: 5 | W83: =(U83-T83)*24*60 -> 124 | AF83: =N83-K83 -> -123.31452 | AG83: =N83/K83 -> 0.91436492 | AH83: =AG95 -> 0.91091783
B84: 便當 | D84: 好吃雞肉便當 | F84: 53.36 | G84: 1995.51 | H84: =F84*G84 -> 106480.41 | J84: 19 | K84: 1440 | L84: 75.789474 | M84: 19 | N84: =G84/W84*60 -> 1315.7209 | O84: =N84/M84 -> 69.248467 | P84: =M84-J84 -> 0 | Q84: =O84-L84 -> -6.5410064 | R84: =O84/L84 -> 0.91369505 | T84: 0.43472222 | U84: 0.49791667 | V84: 22 | W84: =(U84-T84)*24*60 -> 91 | X84: 0.42291667 | Y84: 0.43194444 | AF84: =N84-K84 -> -124.27912 | AG84: =N84/K84 -> 0.91369505
B85: 便當 | D85: 海陸雙拼肉肉餐盒 | F85: 59.54 | G85: 1564 | H85: =F85*G85 -> 93120.56 | J85: 18 | K85: 1385 | L85: 76.944444 | M85: 18 | N85: =G85/W85*60 -> 1251.2 | O85: =N85/M85 -> 69.511111 | P85: =M85-J85 -> 0 | Q85: =O85-L85 -> -7.4333333 | R85: =O85/L85 -> 0.9033935 | T85: 0.53819444 | U85: 0.59027778 | V85: 5 | W85: =(U85-T85)*24*60 -> 75 | AE85: 1 | AF85: =N85-K85 -> -133.8 | AG85: =N85/K85 -> 0.9033935
B86: 便當 | D86: 香檸奶油魚排蔬滿盒 | F86: 73.94 | G86: 2296 | H86: =F86*G86 -> 169766.24 | J86: 19 | K86: 1440 | L86: 75.789474 | M86: 19 | N86: =G86/W86*60 -> 1337.4757 | O86: =N86/M86 -> 70.393459 | P86: =M86-J86 -> 0 | Q86: =O86-L86 -> -5.3960143 | R86: =O86/L86 -> 0.92880259 | T86: 0.60625 | U86: 0.67777778 | V86: 23 | W86: =(U86-T86)*24*60 -> 103 | X86: 0.59375 | Y86: 0.60347222 | AF86: =N86-K86 -> -102.52427 | AG86: =N86/K86 -> 0.92880259
B87: 便當 | D87: 好吃雞肉便當 | F87: 53.36 | G87: 1330.34 | H87: =F87*G87 -> 70986.942 | I87: 1 | J87: 19 | K87: 1440 | L87: 75.789474 | M87: 19 | N87: =G87/W87*60 -> 1287.4258 | O87: =N87/M87 -> 67.759253 | P87: =M87-J87 -> 0 | Q87: =O87-L87 -> -8.0302207 | R87: =O87/L87 -> 0.8940457 | T87: 0.68263889 | U87: 0.72569444 | V87: 7 | W87: =(U87-T87)*24*60 -> 62 | AF87: =N87-K87 -> -152.57419 | AG87: =N87/K87 -> 0.8940457
B88: 0 | F88: 0 | H88: =F88*G88 -> 0 | AF88: =N88-K88 -> 0 | AG88: =N88/K88 -> #DIV/0!
B89: 0 | F89: 0 | H89: =F89*G89 -> 0 | AF89: =N89-K89 -> 0 | AG89: =N89/K89 -> #DIV/0!
B90: 0 | F90: 0 | H90: =F90*G90 -> 0 | AF90: =N90-K90 -> 0 | AG90: =N90/K90 -> #DIV/0!
B91: 0 | F91: 0 | H91: =F91*G91 -> 0 | W91: =(U91-T91)*24*60 -> 0 | AF91: =N91-K91 -> 0 | AG91: =N91/K91 -> #DIV/0!
B92: 0 | F92: 0 | H92: =F92*G92 -> 0 | AF92: =N92-K92 -> 0 | AG92: =N92/K92 -> #DIV/0!
B93: 0 | F93: 0 | H93: =F93*G93 -> 0 | W93: =(U93-T93)*24*60 -> 0 | AF93: =N93-K93 -> 0 | AG93: =N93/K93 -> #DIV/0!
B94: 0 | F94: 0 | H94: =F94*G94 -> 0 | W94: =(U94-T94)*24*60 -> 0 | AF94: =N94-K94 -> 0 | AG94: =N94/K94 -> #DIV/0!
B95: 0 | C95: 4度四組 | D95: 平均 | J95: 18.8 | K95: 1429 | L95: 76.020468 | M95: =AVERAGE(M83:M94) -> 18.8 | N95: =AVERAGE(N83:N94) -> 1301.7016 | O95: =AVERAGE(O83:O94) -> 69.242305 | P95: =M95-J95 -> 0 | Q95: =O95-L95 -> -6.7781625 | R95: =O95/L95 -> 0.91083766 | Z95: =SUM(Z83:Z94) -> 0 | AA95: =SUM(AA83:AA94) -> 0 | AD95: =SUM(AD83:AD94) -> 0 | AE95: =SUM(AE83:AE94) -> 1 | AF95: =N95-K95 -> -127.29842 | AG95: =N95/K95 -> 0.91091783
A96: 四度五組 (ET-55) | B96: 小菜微波 | D96: 媽媽煮藝-香滷牛肚絲 | F96: 36.92 | G96: 2777 | H96: =F96*G96 -> 102526.84 | J96: 6 | K96: 1636 | L96: 272.66667 | M96: 6 | N96: =G96/W96*60 -> 1557.1963 | O96: =N96/M96 -> 259.53271 | P96: =M96-J96 -> 0 | Q96: =O96-L96 -> -13.133956 | R96: =O96/L96 -> 0.95183146 | S96: =R108 -> 0.92642549 | T96: 0.33333333 | U96: 0.40763889 | V96: 5 | W96: =(U96-T96)*24*60 -> 107 | AF96: =N96-K96 -> -78.803738 | AG96: =N96/K96 -> 0.95183146 | AH96: =AG108 -> 0.91622156
B97: 小菜微波 | D97: 香辣醬粉絲煲 | F97: 29.11315 | G97: 2691.2 | H97: =F97*G97 -> 78349.309 | J97: 20 | K97: 1500 | L97: 75 | M97: 20 | N97: =G97/W97*60 -> 1428.9558 | O97: =N97/M97 -> 71.447788 | P97: =M97-J97 -> 0 | Q97: =O97-L97 -> -3.5522124 | R97: =O97/L97 -> 0.95263717 | T97: 0.42361111 | U97: 0.50208333 | V97: 23 | W97: =(U97-T97)*24*60 -> 113 | X97: 0.41111111 | Y97: 0.42083333 | AF97: =N97-K97 -> -71.044248 | AG97: =N97/K97 -> 0.95263717
B98: 便當 | D98: 嫩烤香料雞胸排蔬滿盒 | F98: 77.34 | G98: 910 | H98: =F98*G98 -> 70379.4 | J98: 18 | K98: 1440 | L98: 80 | M98: 18 | N98: =G98/W98*60 -> 1300 | O98: =N98/M98 -> 72.222222 | P98: =M98-J98 -> 0 | Q98: =O98-L98 -> -7.7777778 | R98: =O98/L98 -> 0.90277778 | T98: 0.54236111 | U98: 0.57152778 | V98: 5 | W98: =(U98-T98)*24*60 -> 42 | AF98: =N98-K98 -> -140 | AG98: =N98/K98 -> 0.90277778
B99: 便當 | D99: 美式雞丁餐盒 | F99: 59.34 | G99: 1102 | H99: =F99*G99 -> 65392.68 | J99: 17 | K99: 1440 | L99: 84.705882 | M99: 17 | N99: =G99/W99*60 -> 1271.5385 | O99: =N99/M99 -> 74.79638 | P99: =M99-J99 -> 0 | Q99: =O99-L99 -> -9.9095023 | R99: =O99/L99 -> 0.88301282 | T99: 0.57638889 | U99: 0.6125 | V99: 7 | W99: =(U99-T99)*24*60 -> 52 | AF99: =N99-K99 -> -168.46154 | AG99: =N99/K99 -> 0.88301282
B100: 便當 | D100: 蔬活腿排補力餐盒 | F100: 71.55 | G100: 999 | H100: =F100*G100 -> 71478.45 | J100: 18 | K100: 1385 | L100: 76.944444 | M100: 18 | N100: =G100/W100*60 -> 1223.2653 | O100: =N100/M100 -> 67.959184 | P100: =M100-J100 -> 0 | Q100: =O100-L100 -> -8.9852608 | R100: =O100/L100 -> 0.88322405 | T100: 0.61666667 | U100: 0.65069444 | V100: 6 | W100: =(U100-T100)*24*60 -> 49 | AF100: =N100-K100 -> -161.73469 | AG100: =N100/K100 -> 0.88322405
...

Sheet 0402
B1: 晉欣廠組合室生產人時性分析
B3: 日期 | D3: 04月02日 星期 四 | F3: 訂單量 | H3: 217741 | J3: 營業額 | L3: 6900619.2
B4: 項目 | D4: 項目 | F4: ➀ | H4: ➁ | J4: ➂ | L4: ➃ | N4: 異常停線 | P4: 短暫停線
B5: 人時性 | D5: 組合室 | F5: 全溫層 | H5: 4度C(含4度飯糰) | J5: 18度C 一配 | L5: 18度C 二配 | N5: 合計次數 | O5: 時間 | P5: 合計次數 | Q5: 設備次數
D6: 排關平均 | F6: =AVERAGE(D13:O13,P13:Q13,D30:E30,G30:H30,J30:M30) -> 383.4619 | H6: =AVERAGE(D13:P13,Q13) -> 140.44012 | J6: =AVERAGE(D30:E30,G30:H30) -> 736.25 | L6: =AVERAGE(J30:M30) -> 881.25 | N6: 0 | O6: 0 | P6: 2 | Q6: 3
D7: 實績平均 | F7: =AVERAGE(D14:O14,P14:Q14,D31:E31,J31:M31,G31:H31) -> 356.08261 | H7: =AVERAGE(D14:P14,Q14) -> 126.70885 | J7: =AVERAGE(D31:E31,G31:H31) -> 711.76999 | L7: =AVERAGE(J31:M31) -> 803.2034
D8: 達成率平均 | F8: =AVERAGE(D15:O15,P15:Q15,D32:E32,G32:H32,J32:K32,L32) -> 0.90541334 | H8: =AVERAGE(D15:O15,P15:Q15) -> 0.89834598 | J8: =AVERAGE(D32:E32,G32:H32) -> 0.94736299 | L8: =AVERAGE(J32:M32) -> 0.91228724
B10: 溫層 | D10: ➁4度C-各編組展開
B11: 編組 | D11: 1 | E11: 2 | F11: 3 | G11: 4 | H11: 5 | I11: 6 | J11: 7 | K11: 8 | L11: 9 | M11: 10 | N11: 11 | O11: 12 | P11: 13 | Q11: 14
D12: 4度一組 | E12: 4度二組A | F12: 4度二組B | G12: 4度二組C1 | H12: 4度二組C2 | I12: 4度三組 | J12: 4度四組 | K12: 4度五組 | L12: 綜合一組 | M12: 綜合二組 | N12: 綜合三組 | O12: 綜合四組 | P12: 便當組 | Q12: 壽司線
B13: 人時性 | C13: 排關 | D13: 133.76218 | E13: 119.1543 | F13: 159.31333 | G13: 369.04762 | H13: 228.57143 | I13: 89.34516 | J13: 75.981969 | K13: 117.8634 | L13: 96.077381 | M13: 84.016229 | N13: 84.321731 | O13: 79.853801 | P13: 178.85319 | Q13: 150
C14: 實績 | D14: 123.77064 | E14: 103.75107 | F14: 133.84792 | G14: 325.06133 | H14: 224.10438 | I14: 78.614648 | J14: 69.921342 | K14: 108.23373 | L14: 81.787357 | M14: 75.501947 | N14: 77.465813 | O14: 67.380947 | P14: 168.62233 | Q14: 135.8605
C15: 達成率 | D15: =D14/D13 -> 0.92530368 | E15: =E14/E13 -> 0.87072876 | F15: =F14/F13 -> 0.84015517 | G15: =G14/G13 -> 0.88081135 | H15: =H14/H13 -> 0.98045665 | I15: =I14/I13 -> 0.87989823 | J15: =J14/J13 -> 0.92023598 | K15: =K14/K13 -> 0.91829807 | ... Q15: =Q14/Q13 -> 0.90573666
B16: 作業 時間 | C16: 開始 | D16: 0.29166667 | E16: 0.16666667 | F16: 0.16666667 | G16: 0.16666667 | H16: 0.16666667 | I16: 0.29166667 | J16: 0.33333333 | K16: 0.33333333 | L16: 0.5 | M16: 0.5 | N16: 0.5 | O16: 0.70833333 | P16: 0.16666667 | Q16: 0.17361111
C17: 結束 | D17: 0.67847222 | E17: 0.5625 | F17: 0.50694444 | G17: 0.72777778 | H17: 0.73472222 | I17: 0.65763889 | J17: 0.68680556 | K17: 0.62847222 | L17: 0.90833333 | M17: 0.89791667 | N17: 0.94166667 | O17: 0.90069444 | P17: 0.57847222 | Q17: 0.51388889
B18: 產線異常 (5分鐘以上) | C18: 次數
C19: 時間/分
B20: 短暫停線 (5分鐘以下) | C20: 次數 | D20: 1 | F20: 1
C21: 設備次數 | E21: 1 | H21: 1 | J21: 1
B22: 配置人數 | D22: 19.666667 | E22: 17.571429 | F22: 14 | G22: 5.6666667 | H22: 6.6 | I22: 16.666667 | J22: 18.666667 | K22: 15.8 | L22: 15.875 | M22: 18.625 | N22: 17.75 | O22: 18.833333 | P22: 13 | Q22: 11.4
B23: 主要應用設備 | D23: ET-600 | E23: ET-600 | F23: ET-600 | G23: 八爪機 | H23: 十爪機 | I23: ET-55 | J23: ET-55 | K23: ET-55 | L23: ET-55 | M23: ET-55 | N23: ET-55 | O23: ET-55 | P23: 伺服包裝機 | Q23: 伺服包裝機
B24: 次要應用設備
B25: 備註 | E25: 熱麵固定線 | G25: 烤飯糰 | H25: 烤飯糰 | K25: 吸收產線 | P25: 大口固定線
D27: ➂18度C 一配-各編組展開 | I27: ➃18度C 二配-各編組展開
B28: 編組 | D28: 1 | E28: 2 | F28: 3 | G28: 4 | H28: 5 | I28: 1 | J28: 2 | K28: 3 | L28: 4 | M28: 5
D29: 連續式 海苔機 | E29: 3300型 飯糰機A | F29: 3300型 飯糰機B | G29: 3600型 飯糰機A | H29: 3600型 飯糰機B | I29: 夾心型 飯糰機 | J29: 3300型 飯糰機A | K29: 3300型 飯糰機B | L29: 3600型 飯糰機A | M29: 3600型 飯糰機B
B30: 人時性 | C30: 排關 | D30: 320 | E30: 825 | F30: 825 | G30: 900 | H30: 900 | I30: 680 | J30: 825 | K30: 900 | L30: 900 | M30: 900
C31: 實績 | D31: 272.3125 | E31: 768.46442 | F31: 0 | G31: 886.86136 | H31: 919.44167 | I31: 0 | J31: 785.625 | K31: 624 | L31: 901.60051 | M31: 901.5881
C32: 達成率 | D32: =D31/D30 -> 0.85097656 | E32: =E31/E30 -> 0.93147203 | F32: =F31/F30 -> 0 | G32: =G31/G30 -> 0.98540151 | H32: =H31/H30 -> 1.0216019 | I32: =I31/I30 -> 0 | J32: =J31/J30 -> 0.95227273 | K32: =K31/K30 -> 0.69333333 | ... M32: =M31/M30 -> 1.0017646
B33: 作業 時間 | C33: 開始 | D33: 0.18055556 | E33: 0.18055556 | F33: 0 | G33: 3063.75 | H33: 0.18055556 | I33: 0 | J33: 0.72222222 | K33: 0.72222222 | L33: 0.72222222 | M33: 0.72222222
C34: 結束 | D34: 0.22222222 | E34: 0.30555556 | F34: 0 | G34: 1062.6087 | H34: 0.40138889 | I34: 0 | J34: 0.72777778 | K34: 0.8125 | L34: 1.0659722 | M34: 46115.014
B35: 配置人數 | D35: 5.5 | E35: 3.6666667 | F35: 0 | G35: 3.6 | H35: 3.4 | I35: 0 | J35: 4 | K35: 3.6666667 | L35: 3.4 | M35: 3.5
B36: 主要應用設備 | D36: 連續式 海苔機 | E36: 3300型 | F36: 3300型 | G36: 3600型 | H36: 3600型 | I36: 夾心型 | J36: 3300型 | K36: 3300型 | L36: 3600型 | M36: 3600型
B37: 次要應用設備
B38: 備註

Sheet 晉欣18度C0402
A1: 晉欣廠18度C日報分析 | D1: 總生產量 | E1: =SUM(G5:G124) -> 67186 | F1: 營業額 | G1: =SUM(H5:H124) -> 1250717.1 | H1: 出勤人數 | I1: =+J16+J64+J24+J38+J51+J81+J100+J91+J57+J124+J111 -> 38.733333 | J1: 生產實績 | M1: 日報登錄
A2: 04月02日 星期三 | D2: 人時性 | E2: =AVERAGE(L16,L24,L38,L51,L100,L111,L91) -> 581.31049 | F2: 平均廠價 | G2: =G1/E1 -> 18.61574 | H2: 多次生產數 | I2: =COUNT(I5:I124) -> 0
A3: 線別 | B3: 品類 | D3: 品名 | F3: 廠價 | G3: 生產量 | H3: 營收 | I3: 多次 生產 | J3: 人數 | K3: 產能/時 | L3: 人時性 | M3: 生產時間 | O3: 換線/分 | P3: 稼動時間/分 | Q3: 休息時間
M4: 開始 | N4: 結束 | Q4: 開始 | R4: 結束
A5: 壽司線 | B5: 0 | D5: 雙饗雙手卷(捲) | F5: 0 | G5: 1194 | H5: =F5*G5 -> 0 | J5: 9 | K5: =G5/P5*60 -> 1592 | L5: =K5/J5 -> 176.88889 | M5: 0.17361111 | N5: 0.20486111 | O5: 10 | P5: =(N5-M5)*24*60 -> 45
B6: 0 | D6: 海饌雙手卷(捲) | F6: 0 | G6: 1257 | H6: =F6*G6 -> 0 | J6: 9 | K6: =G6/P6*60 -> 1676 | L6: =K6/J6 -> 186.22222 | M6: 0.20833333 | N6: 0.23958333 | O6: 5 | P6: =(N6-M6)*24*60 -> 45
B7: 壽司手卷 | D7: 雙倍德腸飯卷 | F7: 36.45 | G7: 1378 | H7: =F7*G7 -> 50228.1 | J7: 13 | K7: =G7/P7*60 -> 1503.2727 | L7: =K7/J7 -> 115.63636 | M7: 0.24305556 | N7: 0.28125 | O7: 5 | P7: =(N7-M7)*24*60 -> 55
B8: 壽司手卷 | D8: 明太子泡菜牛飯卷 | F8: 27.05 | G8: 411 | H8: =F8*G8 -> 11117.55 | J8: 13 | K8: =G8/P8*60 -> 1233 | L8: =K8/J8 -> 94.846154 | M8: 0.28472222 | N8: 0.29861111 | O8: 5 | P8: =(N8-M8)*24*60 -> 20 | Q8: 0.30555556 | R8: 0.33680556
B9: 壽司手卷 | D9: 銀鮭美乃滋脆卷 | F9: 19.7 | G9: 891 | H9: =F9*G9 -> 17552.7 | J9: 13 | K9: =G9/P9*60 -> 1188 | L9: =K9/J9 -> 91.384615 | M9: 0.34027778 | N9: 0.37152778 | O9: 5 | P9: =(N9-M9)*24*60 -> 45
B10: 壽司手卷 | D10: 日式鮪魚美乃滋脆卷 | F10: 17.87 | G10: 441 | H10: =F10*G10 -> 7880.67 | J10: 13 | K10: =G10/P10*60 -> 1058.4 | L10: =K10/J10 -> 81.415385 | M10: 0.375 | N10: 0.39236111 | O10: 5 | P10: =(N10-M10)*24*60 -> 25
B11: 壽司手卷 | D11: 長野稻荷壽司 | F11: 25.64 | G11: 534 | H11: =F11*G11 -> 13691.76 | J11: 10 | K11: =G11/P11*60 -> 1602 | L11: =K11/J11 -> 160.2 | M11: 0.39583333 | N11: 0.40972222 | O11: 5 | P11: =(N11-M11)*24*60 -> 20
B12: 壽司手卷 | D12: 雙饗雙手卷 | F12: 29.52 | G12: 1194 | H12: =F12*G12 -> 35246.88 | J12: 12 | K12: =G12/P12*60 -> 1791 | L12: =K12/J12 -> 149.25 | M12: 0.41319444 | N12: 0.44097222 | O12: 5 | P12: =(N12-M12)*24*60 -> 40
B13: 壽司手卷 | D13: 海饌雙手卷 | F13: 29.857 | G13: 1257 | H13: =F13*G13 -> 37530.249 | J13: 12 | K13: =G13/P13*60 -> 1885.5 | L13: =K13/J13 -> 157.125 | M13: 0.44444444 | N13: 0.47222222 | O13: 5 | P13: =(N13-M13)*24*60 -> 40
B14: 飯糰 | D14: 兩粒飯糰(鮪魚.焦糖鮭魚) | F14: 28.57 | G14: 1335 | H14: =F14*G14 -> 38140.95 | J14: 10 | K14: =G14/P14*60 -> 1456.3636 | L14: =K14/J14 -> 145.63636 | M14: 0.47569444 | N14: 0.51388889 | O14: 5 | P14: =(N14-M14)*24*60 -> 55
B15: 0 | F15: 0 | H15: =F15*G15 -> 0
B16: 0 | C16: 壽司線 | D16: 平均 | J16: =AVERAGE(J5:J15) -> 11.4 | K16: =AVERAGE(K5:K15) -> 1498.5536 | L16: =AVERAGE(L5:L15) -> 135.8605
A17: 捲壽司機 | B17: 壽司手卷 | D17: 雙鬆細卷 | F17: 14.03 | G17: 393 | H17: =F17*G17 -> 5513.79 | J17: 6 | K17: =G17/P17*60 -> 1473.75 | L17: =K17/J17 -> 245.625 | M17: 0.18055556 | N17: 0.19166667 | O17: 20 | P17: =(N17-M17)*24*60 -> 16
B18: 飯糰 | D18: 經典鮪魚沙拉細卷 | F18: 14.49 | G18: 598 | H18: =F18*G18 -> 8665.02 | J18: 5 | K18: =G18/P18*60 -> 1495 | L18: =K18/J18 -> 299 | M18: 0.20555556 | N18: 0.22222222 | O18: 20 | P18: =(N18-M18)*24*60 -> 24
B19: 0 | F19: 0 | H19: =F19*G19 -> 0
B20: 0 | F20: 0 | H20: =F20*G20 -> 0
B21: 0 | F21: 0 | H21: =F21*G21 -> 0
B22: 0 | F22: 0 | H22: =F22*G22 -> 0
B23: 0 | F23: 0 | H23: =F23*G23 -> 0
B24: 0 | C24: 連續式 海苔機 | D24: 平均 | J24: =AVERAGE(J17:J23) -> 5.5 | K24: =AVERAGE(K17:K23) -> 1484.375 | L24: =AVERAGE(L17:L23) -> 272.3125
A25: 3300型 飯糰機A | B25: 飯糰 | D25: 煙燻培根飯糰(區) | F25: 15.03 | G25: 1828 | H25: =F25*G25 -> 27474.84 | J25: 4 | K25: =G25/P25*60 -> 2742 | L25: =K25/J25 -> 685.5 | M25: 0.18055556 | N25: 0.20833333 | O25: 20 | P25: =(N25-M25)*24*60 -> 40
B26: 飯糰 | D26: 碳烤燒肉飯飯糰(區) | F26: 18.18 | G26: 2686 | H26: =F26*G26 -> 48831.48 | J26: 4 | K26: =G26/P26*60 -> 2778.6207 | L26: =K26/J26 -> 694.65517 | M26: 0.22222222 | N26: 0.2625 | O26: 20 | P26: =(N26-M26)*24*60 -> 58
B27: 飯糰 | D27: 鮭魚奶油醬油飯糰 | F27: 18.53 | G27: 1943 | H27: =F27*G27 -> 36003.79 | J27: 3 | K27: =G27/P27*60 -> 2775.7143 | L27: =K27/J27 -> 925.2381 | M27: 0.27638889 | N27: 0.30555556 | O27: 20 | P27: =(N27-M27)*24*60 -> 42
B28: 0
B29: 0
B30: 0
B31: 0
B32: 0 | F32: 0 | H32: =F32*G32 -> 0
B33: 0 | F33: 0 | H33: =F33*G33 -> 0
B34: 0 | F34: 0 | H34: =F34*G34 -> 0
B35: 0 | F35: 0 | H35: =F35*G35 -> 0
B36: 0 | F36: 0 | H36: =F36*G36 -> 0
B37: 0 | F37: 0 | H37: =F37*G37 -> 0
B38: 0 | C38: 3300型 飯糰機A | D38: 平均 | J38: =AVERAGE(J25:J37) -> 3.6666667 | K38: =AVERAGE(K25:K37) -> 2765.445 | L38: =AVERAGE(L25:L37) -> 768.46442
A39: 3300型B 飯糰機 | B39: 0 | F39: 0 | H39: =F39*G39 -> 0
B40: 0 | F40: 0 | H40: =F40*G40 -> 0
B41: 0 | F41: 0 | H41: =F41*G41 -> 0
B42: 0 | F42: 0 | H42: =F42*G42 -> 0
B43: 0 | F43: 0 | H43: =F43*G43 -> 0
B44: 0 | F44: 0 | H44: =F44*G44 -> 0
B45: 0 | F45: 0 | H45: =F45*G45 -> 0
B46: 0 | F46: 0 | H46: =F46*G46 -> 0
B47: 0 | F47: 0 | H47: =F47*G47 -> 0
B48: 0 | F48: 0
B49: 0 | F49: 0 | H49: =F49*G49 -> 0
B50: 0 | F50: 0 | H50: =F50*G50 -> 0
B51: 0 | C51: 3300型 飯糰機B | D51: 平均
A52: 3600型(A) 飯糰機 | B52: 飯糰 | D52: 熟成紅鮭飯糰 | F52: 25.03 | G52: 616 | H52: =F52*G52 -> 15418.48 | J52: 4 | K52: =G52/P52*60 -> 3080 | L52: =K52/J52 -> 770 | M52: 0.30555556 | N52: 0.31388889 | O52: 20 | P52: =(N52-M52)*24*60 -> 12
B53: 飯糰 | D53: 北海道秋鮭親子飯糰 | F53: 24.82 | G53: 817 | H53: =F53*G53 -> 20277.94 | J53: 4 | K53: =G53/P53*60 -> 3063.75 | L53: =K53/J53 -> 765.9375 | M53: 0.32777778 | N53: 0.33888889 | O53: 20 | P53: =(N53-M53)*24*60 -> 16
B54: 飯糰 | D54: 贅沢鮭魚肚飯糰 | F54: 30 | G54: 1455 | H54: =F54*G54 -> 43650 | J54: 4 | K54: =G54/P54*60 -> 3117.8571 | L54: =K54/J54 -> 779.46429 | M54: 0.35277778 | N54: 0.37222222 | O54: 20 | P54: =(N54-M54)*24*60 -> 28 | Q54: 0.37222222 | R54: 0.41388889
B55: 飯糰 | D55: 經典肉鬆飯糰 | F55: 14.03 | G55: 2444 | H55: =F55*G55 -> 34289.32 | J55: 3 | K55: =G55/P55*60 -> 3187.8261 | L55: =K55/J55 -> 1062.6087 | M55: 0.43125 | N55: 0.46319444 | O55: 20 | P55: =(N55-M55)*24*60 -> 46
B56: 飯糰 | D56: 明太子龍蝦風味沙拉飯糰 | F56: 18.18 | G56: 1426 | H56: =F56*G56 -> 25924.68 | J56: 3 | K56: =G56/P56*60 -> 3168.8889 | L56: =K56/J56 -> 1056.2963 | M56: 0.47708333 | N56: 0.49583333 | O56: 20 | P56: =(N56-M56)*24*60 -> 27
B57: 0 | C57: 夾心型 飯糰機 | F57: 0 | H57: =F57*G57 -> 0
B58: 0 | F58: 0 | H58: =F58*G58 -> 0
B59: 0 | F59: 0 | H59: =F59*G59 -> 0
B60: 0 | F60: 0 | H60: =F60*G60 -> 0
B61: 0 | F61: 0 | H61: =F61*G61 -> 0
B62: 0 | F62: 0 | H62: =F62*G62 -> 0
B63: 0 | F63: 0 | H63: =F63*G63 -> 0
B64: 0 | C64: 3600型 飯糰機A | D64: 平均 | J64: =AVERAGE(J52:J63) -> 3.6 | K64: =AVERAGE(K52:K63) -> 3123.6644 | L64: =AVERAGE(L52:L63) -> 886.86136
A65: 3600型(B) 飯糰機 | B65: 飯糰 | D65: 雞肉飯飯糰 | F65: 16.66 | G65: 2114 | H65: =F65*G65 -> 35219.24 | J65: 4 | K65: =G65/P65*60 -> 2642.5 | L65: =K65/J65 -> 660.625 | M65: 0.18055556 | N65: 0.21388889 | O65: 20 | P65: =(N65-M65)*24*60 -> 48
B66: 飯糰 | D66: 壹號醬炙烤牛飯糰 | F66: 22.281818 | G66: 601 | H66: =F66*G66 -> 13391.373 | J66: 4 | K66: =G66/P66*60 -> 3005 | L66: =K66/J66 -> 751.25 | M66: 0.22777778 | N66: 0.23611111 | O66: 20 | P66: =(N66-M66)*24*60 -> 12
B67: 飯糰 | D67: 鹽蔥燒肉飯糰 | F67: 17.890909 | G67: 1494 | H67: =F67*G67 -> 26729.018 | J67: 3 | K67: =G67/P67*60 -> 3201.4286 | L67: =K67/J67 -> 1067.1429 | M67: 0.25 | N67: 0.26944444 | O67: 20 | P67: =(N67-M67)*24*60 -> 28 | Q67: 0.26944444 | R67: 0.31111111
B68: 飯糰 | D68: 蔬食鮪魚飯糰 | F68: 18.18 | G68: 796 | H68: =F68*G68 -> 14471.28 | J68: 3 | K68: =G68/P68*60 -> 3184 | L68: =K68/J68 -> 1061.3333 | M68: 0.32847222 | N68: 0.33888889 | O68: 20 | P68: =(N68-M68)*24*60 -> 15
B69: 飯糰 | D69: 鮪魚飯糰 | F69: 14.285714 | G69: 3699 | H69: =F69*G69 -> 52842.857 | J69: 3 | K69: =G69/P69*60 -> 3170.5714 | L69: =K69/J69 -> 1056.8571 | M69: 0.35277778 | N69: 0.40138889 | O69: 20 | P69: =(N69-M69)*24*60 -> 70
B70: 0 | C70: 夾心型 飯糰機 | F70: 0 | H70: =F70*G70 -> 0
B71: 0 | F71: 0 | H71: =F71*G71 -> 0
B72: 0 | F72: 0 | H72: =F72*G72 -> 0
B73: 0 | F73: 0 | H73: =F73*G73 -> 0
B74: 0 | F74: 0 | H74: =F74*G74 -> 0
B75: 0 | C75: 3600型 飯糰機B | D75: 平均 | J75: =AVERAGE(J65:J74) -> 3.4 | K75: =AVERAGE(K65:K74) -> 3040.7 | L75: =AVERAGE(L65:L74) -> 919.44167
A76: 二配 夾心型 飯糰機 | B76: 0 | F76: 0 | H76: =F76*G76 -> 0 | J76: 0 | K76: 0 | L76: 0
B77: 0 | F77: 0 | H77: =F77*G77 -> 0
B78: 0 | F78: 0 | H78: =F78*G78 -> 0
B79: 0 | F79: 0 | H79: =F79*G79 -> 0
B80: 0 | F80: 0 | H80: =F80*G80 -> 0
B81: 0 | C81: 夾心型 飯糰機 | D81: 平均 | J81: =AVERAGE(J76:J80) -> 0 | K81: =AVERAGE(K76:K80) -> 0 | L81: =AVERAGE(L76:L80) -> 0
A82: 二配 3300型A 飯糰機 | B82: 飯糰 | D82: 二配油蔥G絲飯糰 | F82: 18.18 | G82: 419 | H82: =F82*G82 -> 7617.42 | J82: 4 | K82: =G82/P82*60 -> 3142.5 | L82: =K82/J82 -> 785.625 | M82: 0.72222222 | N82: 0.72777778 | O82: 20 | P82: =(N82-M82)*24*60 -> 8
B83: 0 | F83: 0 | H83: =F83*G83 -> 0
B84: 0 | F84: 0 | H84: =F84*G84 -> 0
B85: 0 | F85: 0 | H85: =F85*G85 -> 0
B86: 0 | F86: 0 | H86: =F86*G86 -> 0
F87: 0 | H87: =F87*G87 -> 0
B88: 0 | F88: 0 | H88: =F88*G88 -> 0
B89: 0 | F89: 0 | H89: =F89*G89 -> 0
B90: 0 | F90: 0 | H90: =F90*G90 -> 0
B91: 0 | C91: 3300型 飯糰機A | D91: 平均 | J91: =AVERAGE(J82:J90) -> 4 | K91: =AVERAGE(K82:K90) -> 3142.5 | L91: =AVERAGE(L82:L90) -> 785.625
A92: 二配 3300型B 飯糰機 | B92: 飯糰 | D92: 二配大飯糰韓式蒜烤豬五花 | F92: 24.54 | G92: 1551 | H92: =F92*G92 -> 38061.54 | J92: 3 | K92: =G92/P92*60 -> 2326.5 | L92: =K92/J92 -> 775.5 | M92: 0.72222222 | N92: 0.75 | O92: 20 | P92: =(N92-M92)*24*60 -> 40
B93: 飯糰 | D93: 二配大飯糰滷肉飯加蛋 | F93: 22.48 | G93: 748 | H93: =F93*G93 -> 16815.04 | J93: 4 | K93: =G93/P93*60 -> 2244 | L93: =K93/J93 -> 561 | M93: 0.76388889 | N93: 0.77777778 | O93: 20 | P93: =(N93-M93)*24*60 -> 20
B94: 飯糰 | D94: 二配大飯糰鮪魚昆布 | F94: 22.21 | G94: 1071 | H94: =F94*G94 -> 23786.91 | J94: 4 | K94: =G94/P94*60 -> 2142 | L94: =K94/J94 -> 535.5 | M94: 0.79166667 | N94: 0.8125 | O94: 20 | P94: =(N94-M94)*24*60 -> 30
B95: 0 | F95: 0 | H95: =F95*G95 -> 0
B96: 0 | F96: 0 | H96: =F96*G96 -> 0
B97: 0 | F97: 0 | H97: =F97*G97 -> 0
B98: 0
B99: 0 | F99: 0 | H99: =F99*G99 -> 0
B100: 0 | C100: 3300型 飯糰機B | D100: 平均 | J100: =AVERAGE(J92:J99) -> 3.6666667 | K100: =AVERAGE(K92:K99) -> 2237.5 | L100: =AVERAGE(L92:L99) -> 624
...

Sheet 晉欣4度C0402
A1: 晉欣廠四度C日報分析 | D1: 總生產量 | E1: =SUM(G5:G173) -> 150555 | F1: 營業額 | G1: =SUM(H5:H173) -> 5649902.1 | H1: 出勤人數 | I1: =M17+M30+M43+M56+M69+M82+M95+M108+M121+M134+M147+M160+M173 -> 198.72143 | J1: 產線配置圖 | M1: 生產實績 | P1: 人時性差異分析 | T1: 日報登錄 | Z1: 合計 次數 | AA1: 合計 時間/分 | AB1: 產線異常分析 說明(5分鐘以上) | AD1: 合計 次數 | AE1: 合計 設備次數 | AF1: 產能差異分析
A2: 04月02日 星期 四 | D2: 人時性 | E2: =AVERAGE(O17,O30,O43,O56,O69,O82,O95,O108,O121,O134,O147,O160,O173) -> 126.00488 | F2: 平均廠價 | G2: =G1/E1 -> 37.527163 | H2: 多次生產數 | I2: =COUNT(I5:I173) -> 5 | Z2: =Z17+Z30+Z43+Z56+Z69+Z82+Z95+Z108+Z121+Z134+Z147+Z160+Z173 -> 0 | AA2: =AA17+AA30+AA43+AA56+AA69+AA82+AA95+AA108+AA121+AA134+AA147+AA160+AA173 -> 0 | AD2: =AD17+AD30+AD43+AD56+AD69+AD82+AD95+AD108+AD121+AD134+AD147+AD160+AD173 -> 2 | AE2: =AE17+AE30+AE43+AE56+AE69+AE82+AE95+AE108+AE121+AE134+AE147+AE160+AE173 -> 3
A3: 線別 | B3: 品類 | D3: 品名 | F3: 廠價 | G3: 生產量 | H3: 營收 | I3: 多次 生產 | J3: 人數 | K3: 產能/時 | L3: 人時性 | M3: 人數 | N3: 產能/時 | O3: 人時性 | P3: 人數 | Q3: 人時性 | R3: 達成率 | S3: 達成率平均 | T3: 生產時間 | V3: 前置、換線時間/分 | W3: 稼動時間/分 | X3: 休息時間 | Z3: 產線異常統計 (5分鐘以上) | AB3: 分析說明 | AD3: 短暫停線統計 (5分鐘以下) | AF3: 產能/時 | AG3: 達成率 | AH3: 達成率平均
T4: 開始 | U4: 結束 | X4: 開始 | Y4: 結束 | Z4: 次數 | AA4: 時間/分 | AD4: 總次數 | AE4: 設備因素(次數)
A5: 四度一組 (ET-600) | B5: 季節調理麵 | D5: 椒麻香蔥雞涼拌麵 | F5: 37.94 | G5: 3785.6 | H5: =F5*G5 -> 143625.66 | J5: 20 | K5: 2400 | L5: 120 | M5: 20 | N5: =G5/W5*60 -> 2294.303 | O5: =N5/M5 -> 114.71515 | P5: =M5-J5 -> 0 | Q5: =O5-L5 -> -5.2848485 | R5: =O5/L5 -> 0.9559596 | S5: =R17 -> 0.92530368 | T5: 0.29166667 | U5: 0.36041667 | V5: 5 | W5: =(U5-T5)*24*60 -> 99 | AF5: =N5-K5 -> -105.69697 | AG5: =N5/K5 -> 0.9559596 | AH5: =AG17 -> 0.95982774
B6: 季節調理麵 | D6: 台式麻醬涼麵 | F6: 31.266132 | G6: 2525.9 | H6: =F6*G6 -> 78975.122 | J6: 18 | K6: 2600 | L6: 144.44444 | M6: 19 | N6: =G6/W6*60 -> 2525.9 | O6: =N6/M6 -> 132.94211 | P6: =M6-J6 -> 1 | Q6: =O6-L6 -> -11.502339 | R6: =O6/L6 -> 0.92036842 | T6: 0.36597222 | U6: 0.40763889 | V6: 8 | W6: =(U6-T6)*24*60 -> 60 | AD6: 1 | AF6: =N6-K6 -> -74.1 | AG6: =N6/K6 -> 0.9715
B7: 季節調理麵 | D7: 大滿足麻醬涼麵 | F7: 38 | G7: 4579.68 | H7: =F7*G7 -> 174027.84 | J7: 19 | K7: 2600 | L7: 136.84211 | M7: 20 | N7: =G7/W7*60 -> 2520.9248 | O7: =N7/M7 -> 126.04624 | P7: =M7-J7 -> 1 | Q7: =O7-L7 -> -10.795867 | R7: =O7/L7 -> 0.92110713 | T7: 0.42291667 | U7: 0.49861111 | V7: 22 | W7: =(U7-T7)*24*60 -> 109 | X7: 0.41111111 | Y7: 0.42013889 | AF7: =N7-K7 -> -79.075229 | AG7: =N7/K7 -> 0.96958645
B8: 季節調理麵 | D8: 大滿足麻醬涼麵 | F8: 38 | G8: 3598.32 | H8: =F8*G8 -> 136736.16 | J8: 19 | K8: 2600 | L8: 136.84211 | M8: 20 | N8: =G8/W8*60 -> 2510.4558 | O8: =N8/M8 -> 125.52279 | P8: =M8-J8 -> 1 | Q8: =O8-L8 -> -11.319315 | R8: =O8/L8 -> 0.91728193 | T8: 0.53819444 | U8: 0.59791667 | V8: 5 | W8: =(U8-T8)*24*60 -> 86 | AF8: =N8-K8 -> -89.544186 | AG8: =N8/K8 -> 0.96555993
B9: 季節調理麵 | D9: 台式麻醬涼麵 | F9: 31.266132 | G9: 1360.1 | H9: =F9*G9 -> 42525.066 | J9: 18 | K9: 2600 | L9: 144.44444 | M9: 19 | N9: =G9/W9*60 -> 2472.9091 | O9: =N9/M9 -> 130.15311 | P9: =M9-J9 -> 1 | Q9: =O9-L9 -> -14.291334 | R9: =O9/L9 -> 0.90105999 | T9: 0.61388889 | U9: 0.63680556 | V9: 23 | W9: =(U9-T9)*24*60 -> 33 | X9: 0.60138889 | Y9: 0.61111111 | AF9: =N9-K9 -> -127.09091 | AG9: =N9/K9 -> 0.95111888
B10: 季節調理麵 | D10: 椒麻香蔥雞涼拌麵 | F10: 37.94 | G10: 2038.4 | H10: =F10*G10 -> 77336.896 | J10: 20 | K10: 2400 | L10: 120 | M10: 20 | N10: =G10/W10*60 -> 2264.8889 | O10: =N10/M10 -> 113.24444 | P10: =M10-J10 -> 0 | Q10: =O10-L10 -> -6.7555556 | R10: =O10/L10 -> 0.9437037 | T10: 0.64097222 | U10: 0.67847222 | V10: 6 | W10: =(U10-T10)*24*60 -> 54 | AF10: =N10-K10 -> -135.11111 | AG10: =N10/K10 -> 0.9437037
B11: 0 | F11: 0 | H11: =F11*G11 -> 0 | AF11: =N11-K11 -> 0 | AG11: =N11/K11 -> #DIV/0!
B12: 0 | F12: 0 | H12: =F12*G12 -> 0 | AF12: =N12-K12 -> 0 | AG12: =N12/K12 -> #DIV/0!
B13: 0 | F13: 0 | H13: =F13*G13 -> 0 | AF13: =N13-K13 -> 0 | AG13: =N13/K13 -> #DIV/0!
B14: 0 | F14: 0 | H14: =F14*G14 -> 0 | W14: =(U14-T14)*24*60 -> 0
B15: 0 | F15: 0 | H15: =F15*G15 -> 0 | W15: =(U15-T15)*24*60 -> 0
B16: 0 | F16: 0 | H16: =F16*G16 -> 0 | W16: =(U16-T16)*24*60 -> 0
B17: 0 | C17: 4度一組 | D17: 平均 | J17: 19 | K17: 2533.3333 | L17: 133.76218 | M17: =AVERAGE(M5:M16) -> 19.666667 | N17: =AVERAGE(N5:N16) -> 2431.5636 | O17: =AVERAGE(O5:O16) -> 123.77064 | P17: =M17-J17 -> 0.66666667 | Q17: =O17-L17 -> -9.9915432 | R17: =O17/L17 -> 0.92530368 | W17: =(U17-T17)*24*60 -> 0 | Z17: =SUM(Z5:Z16) -> 0 | AA17: =SUM(AA5:AA16) -> 0 | AD17: =SUM(AD5:AD16) -> 1 | AE17: =SUM(AE5:AE16) -> 0 | AF17: =N17-K17 -> -101.76973 | AG17: =N17/K17 -> 0.95982774
A18: 四度二組A 熱麵 固定線 (ET-55) | B18: 季節調理麵 | D18: 日式蕎麥沾麵 | F18: 36.86 | G18: 2734.9 | H18: =F18*G18 -> 100808.41 | J18: 17 | K18: 2250 | L18: 132.35294 | M18: 18 | N18: =G18/W18*60 -> 2131.0909 | O18: =N18/M18 -> 118.39394 | P18: =M18-J18 -> 1 | Q18: =O18-L18 -> -13.959002 | R18: =O18/L18 -> 0.89453199 | S18: =R30 -> 0.87072876 | T18: 0.16666667 | U18: 0.22013889 | V18: 5 | W18: =(U18-T18)*24*60 -> 77 | AF18: =N18-K18 -> -118.90909 | AG18: =N18/K18 -> 0.94715152 | AH18: =AG30 -> 0.90376186
B19: 季節調理麵 | D19: 大滿足香辣涼麵 | F19: 38.630952 | G19: 1166.2 | H19: =F19*G19 -> 45051.417 | J19: 18 | K19: 2600 | L19: 144.44444 | M19: 19 | N19: =G19/W19*60 -> 2332.4 | O19: =N19/M19 -> 122.75789 | P19: =M19-J19 -> 1 | Q19: =O19-L19 -> -21.68655 | R19: =O19/L19 -> 0.84986235 | T19: 0.225 | U19: 0.24583333 | V19: 7 | W19: =(U19-T19)*24*60 -> 30 | AE19: 1 | AF19: =N19-K19 -> -267.6 | AG19: =N19/K19 -> 0.89707692
B20: 熱食義麵 | D20: 愛恨椒芝麵 | F20: 38.39 | G20: 1983 | H20: =F20*G20 -> 76127.37 | J20: 16 | K20: 1636 | L20: 102.25 | M20: 17 | N20: =G20/W20*60 -> 1450.9756 | O20: =N20/M20 -> 85.351506 | P20: =M20-J20 -> 1 | Q20: =O20-L20 -> -16.898494 | R20: =O20/L20 -> 0.83473356 | T20: 0.26111111 | U20: 0.31805556 | V20: 22 | W20: =(U20-T20)*24*60 -> 82 | X20: 0.24930556 | Y20: 0.25833333 | AF20: =N20-K20 -> -185.02439 | AG20: =N20/K20 -> 0.88690441
B21: 小菜微波 | D21: 古早味炒炊粉 | F21: 43.14 | G21: 1620 | H21: =F21*G21 -> 69886.8 | J21: 16 | K21: 1440 | L21: 90 | M21: 16 | N21: =G21/W21*60 -> 1369.0141 | O21: =N21/M21 -> 85.56338 | P21: =M21-J21 -> 0 | Q21: =O21-L21 -> -4.4366197 | R21: =O21/L21 -> 0.95070423 | T21: 0.32291667 | U21: 0.37222222 | V21: 7 | W21: =(U21-T21)*24*60 -> 71 | AF21: =N21-K21 -> -70.985915 | AG21: =N21/K21 -> 0.95070423
B22: 熱食義麵 | D22: 辣腐乳麻醬拌麵 | F22: 38.1 | G22: 1013 | H22: =F22*G22 -> 38595.3 | J22: 17 | K22: 1500 | L22: 88.235294 | M22: 16 | N22: =G22/W22*60 -> 1293.1915 | O22: =N22/M22 -> 80.824468 | P22: =M22-J22 -> -1 | Q22: =O22-L22 -> -7.410826 | R22: =O22/L22 -> 0.91601064 | T22: 0.37708333 | U22: 0.40972222 | V22: 7 | W22: =(U22-T22)*24*60 -> 47 | AF22: =N22-K22 -> -206.80851 | AG22: =N22/K22 -> 0.86212766
B23: 季節調理麵 | D23: 大滿足香辣涼麵 | F23: 38.630952 | G23: 4664.8 | H23: =F23*G23 -> 180205.67 | J23: 18 | K23: 2600 | L23: 144.44444 | M23: 19 | N23: =G23/W23*60 -> 2371.9322 | O23: =N23/M23 -> 124.83854 | P23: =M23-J23 -> 1 | Q23: =O23-L23 -> -19.605907 | R23: =O23/L23 -> 0.86426679 | T23: 0.45 | U23: 0.53194444 | V23: 5 | W23: =(U23-T23)*24*60 -> 118 | AF23: =N23-K23 -> -228.0678 | AG23: =N23/K23 -> 0.91228162
B24: 季節調理麵 | D24: 日式蕎麥沾麵 | F24: 36.86 | G24: 1172.1 | H24: =F24*G24 -> 43203.606 | J24: 17 | K24: 2250 | L24: 132.35294 | M24: 18 | N24: =G24/W24*60 -> 1953.5 | O24: =N24/M24 -> 108.52778 | P24: =M24-J24 -> 1 | Q24: =O24-L24 -> -23.825163 | R24: =O24/L24 -> 0.81998765 | T24: 0.5375 | U24: 0.5625 | V24: 8 | W24: =(U24-T24)*24*60 -> 36 | AF24: =N24-K24 -> -296.5 | AG24: =N24/K24 -> 0.86822222
B25: 0 | F25: 0 | H25: =F25*G25 -> 0 | W25: =(U25-T25)*24*60 -> 0 | AF25: =N25-K25 -> 0 | AG25: =N25/K25 -> #DIV/0!
B26: 0 | F26: 0 | H26: =F26*G26 -> 0 | W26: =(U26-T26)*24*60 -> 0 | AF26: =N26-K26 -> 0 | AG26: =N26/K26 -> #DIV/0!
B27: 0 | F27: 0 | H27: =F27*G27 -> 0 | W27: =(U27-T27)*24*60 -> 0 | AF27: =N27-K27 -> 0 | AG27: =N27/K27 -> #DIV/0!
B28: 0 | F28: 0 | H28: =F28*G28 -> 0 | W28: =(U28-T28)*24*60 -> 0 | AF28: =N28-K28 -> 0 | AG28: =N28/K28 -> #DIV/0!
B29: 0 | F29: 0 | H29: =F29*G29 -> 0 | W29: =(U29-T29)*24*60 -> 0 | AF29: =N29-K29 -> 0
B30: 0 | C30: 4度二組A | D30: 平均 | J30: 17 | K30: 2039.4286 | L30: 119.1543 | M30: =AVERAGE(M18:M29) -> 17.571429 | N30: =AVERAGE(N18:N29) -> 1843.1578 | O30: =AVERAGE(O18:O29) -> 103.75107 | P30: =M30-J30 -> 0.57142857 | Q30: =O30-L30 -> -15.403223 | R30: =O30/L30 -> 0.87072876 | Z30: =SUM(Z18:Z29) -> 0 | AA30: =SUM(AA18:AA29) -> 0 | AD30: =SUM(AD18:AD29) -> 0 | AE30: =SUM(AE18:AE29) -> 1 | AF30: =N30-K30 -> -196.27081 | AG30: =N30/K30 -> 0.90376186
A31: 四度二組 (ET-55) | B31: 飯糰 | D31: 大口日式塔塔醬蝦排飯糰 | F31: 35.33 | G31: 1850 | H31: =F31*G31 -> 65360.5 | J31: 12 | K31: 2118 | L31: 176.5 | M31: 12 | N31: =G31/W31*60 -> 1850 | O31: =N31/M31 -> 154.16667 | P31: =M31-J31 -> 0 | Q31: =O31-L31 -> -22.333333 | R31: =O31/L31 -> 0.87346553 | S31: =R43 -> 0.84015517 | T31: 0.16666667 | U31: 0.20833333 | V31: 5 | W31: =(U31-T31)*24*60 -> 60 | AF31: =N31-K31 -> -268 | AG31: =N31/K31 -> 0.87346553 | AH31: =AG43 -> 0.84312468
B32: 飯糰 | D32: 大口起司熔岩白醬炸魚飯糰 | F32: 34.23 | G32: 1848 | H32: =F32*G32 -> 63257.04 | J32: 12 | K32: 2118 | L32: 176.5 | M32: 12 | N32: =G32/W32*60 -> 1879.322 | O32: =N32/M32 -> 156.61017 | P32: =M32-J32 -> 0 | Q32: =O32-L32 -> -19.889831 | R32: =O32/L32 -> 0.88730974 | T32: 0.21388889 | U32: 0.25486111 | V32: 8 | W32: =(U32-T32)*24*60 -> 59 | AF32: =N32-K32 -> -238.67797 | AG32: =N32/K32 -> 0.88730974
B33: 飯糰 | D33: 大口義式香草雞腿排飯糰 | F33: 36.41 | G33: 2764.8 | H33: =F33*G33 -> 100666.37 | J33: 10 | K33: 2769 | L33: 276.9 | M33: 10 | N33: =G33/W33*60 -> 2182.7368 | O33: =N33/M33 -> 218.27368 | P33: =M33-J33 -> 0 | Q33: =O33-L33 -> -58.626316 | R33: =O33/L33 -> 0.78827622 | T33: 0.26944444 | U33: 0.32222222 | V33: 21 | W33: =(U33-T33)*24*60 -> 76 | X33: 0.25833333 | Y33: 0.26666667 | AD33: 1 | AF33: =N33-K33 -> -586.26316 | AG33: =N33/K33 -> 0.78827622
B34: 微波主食 | D34: 壹號醬壽喜燒牛丼 | F34: 54.09 | G34: 2180.25 | H34: =F34*G34 -> 117929.72 | J34: 18 | K34: 1500 | L34: 83.333333 | M34: 18 | N34: =G34/W34*60 -> 1257.8365 | O34: =N34/M34 -> 69.879808 | P34: =M34-J34 -> 0 | Q34: =O34-L34 -> -13.453526 | R34: =O34/L34 -> 0.83855769 | T34: 0.32708333 | U34: 0.39930556 | V34: 7 | W34: =(U34-T34)*24*60 -> 104 | AF34: =N34-K34 -> -242.16346 | AG34: =N34/K34 -> 0.83855769
B35: 微波主食 | D35: 韓式泡菜豬肉豆腐丼飯 | F35: 50.67 | G35: 2046 | H35: =F35*G35 -> 103670.82 | J35: 18 | K35: 1500 | L35: 83.333333 | M35: 18 | N35: =G35/W35*60 -> 1265.567 | O35: =N35/M35 -> 70.309278 | P35: =M35-J35 -> 0 | Q35: =O35-L35 -> -13.024055 | R35: =O35/L35 -> 0.84371134 | T35: 0.43958333 | U35: 0.50694444 | V35: 5 | W35: =(U35-T35)*24*60 -> 97 | AF35: =N35-K35 -> -234.43299 | AG35: =N35/K35 -> 0.84371134
B36: 0 | F36: 0 | H36: =F36*G36 -> 0 | W36: =(U36-T36)*24*60 -> 0 | AF36: =N36-K36 -> 0 | AG36: =N36/K36 -> #DIV/0!
B37: 0 | F37: 0 | H37: =F37*G37 -> 0 | W37: =(U37-T37)*24*60 -> 0 | AF37: =N37-K37 -> 0 | AG37: =N37/K37 -> #DIV/0!
B38: 0 | F38: 0 | H38: =F38*G38 -> 0 | W38: =(U38-T38)*24*60 -> 0 | AF38: =N38-K38 -> 0 | AG38: =N38/K38 -> #DIV/0!
B39: 0 | F39: 0 | H39: =F39*G39 -> 0 | W39: =(U39-T39)*24*60 -> 0 | AF39: =N39-K39 -> 0 | AG39: =N39/K39 -> #DIV/0!
B40: 0 | F40: 0 | H40: =F40*G40 -> 0 | W40: =(U40-T40)*24*60 -> 0 | AF40: =N40-K40 -> 0 | AG40: =N40/K40 -> #DIV/0!
B41: 0 | F41: 0 | W41: =(U41-T41)*24*60 -> 0
B42: 0 | F42: 0 | H42: =F42*G42 -> 0 | W42: =(U42-T42)*24*60 -> 0
B43: 0 | C43: 4度二組B | D43: 平均 | J43: 14 | K43: 2001 | L43: 159.31333 | M43: =AVERAGE(M31:M42) -> 14 | N43: =AVERAGE(N31:N42) -> 1687.0925 | O43: =AVERAGE(O31:O42) -> 133.84792 | P43: =M43-J43 -> 0 | Q43: =N43-K43 -> -313.90752 | R43: =O43/L43 -> 0.84015517 | Z43: =SUM(Z31:Z42) -> 0 | AA43: =SUM(AA31:AA42) -> 0 | AD43: =SUM(AD31:AD42) -> 1 | AE43: =SUM(AE31:AE42) -> 0 | AF43: =N43-K43 -> -313.90752 | AG43: =N43/K43 -> 0.84312468
A44: 四度二組 (烤飯糰/八爪機) | B44: 飯糰 | D44: 淡麗清酒蒸蛤蜊烤飯糰 | F44: 24.73 | G44: 1956 | H44: =F44*G44 -> 48371.88 | J44: 4 | K44: 2000 | L44: 500 | M44: 5 | N44: =G44/W44*60 -> 2133.8182 | O44: =N44/M44 -> 426.76364 | P44: =M44-J44 -> 1 | Q44: =O44-L44 -> -73.236364 | R44: =O44/L44 -> 0.85352727 | S44: =R56 -> 0.88081135 | T44: 0.16666667 | U44: 0.20486111 | V44: 5 | W44: =(U44-T44)*24*60 -> 55 | AF44: =N44-K44 -> 133.81818 | AG44: =N44/K44 -> 1.0669091 | AH44: =AG56 -> 1.0127174
B45: 飯糰 | D45: 糖燻野郎起司炙燒牛烤飯糰 | F45: 24.73 | G45: 1761 | H45: =F45*G45 -> 43549.53 | J45: 4 | K45: 2000 | L45: 500 | M45: 5 | N45: =G45/W45*60 -> 2113.2 | O45: =N45/M45 -> 422.64 | P45: =M45-J45 -> 1 | Q45: =O45-L45 -> -77.36 | R45: =O45/L45 -> 0.84528 | T45: 0.20833333 | U45: 0.24305556 | V45: 5 | W45: =(U45-T45)*24*60 -> 50 | AF45: =N45-K45 -> 113.2 | AG45: =N45/K45 -> 1.0566
B46: 飯糰 | D46: 蟹味可樂餅風炸飯糰 | F46: 21.92 | G46: 869 | H46: =F46*G46 -> 19048.48 | J46: 4 | K46: 2000 | L46: 500 | M46: 5 | N46: =G46/W46*60 -> 2085.6 | O46: =N46/M46 -> 417.12 | P46: =M46-J46 -> 1 | Q46: =O46-L46 -> -82.88 | R46: =O46/L46 -> 0.83424 | T46: 0.24652778 | U46: 0.26388889 | V46: 5 | W46: =(U46-T46)*24*60 -> 25 | AF46: =N46-K46 -> 85.6 | AG46: =N46/K46 -> 1.0428
B47: 小菜微波 | D47: 媽媽煮藝-鹹酥雞 | F47: 31.43 | G47: 1962 | H47: =F47*G47 -> 61665.66 | J47: 7 | K47: 1500 | L47: 214.28571 | M47: 7 | N47: =G47/W47*60 -> 1384.9412 | O47: =N47/M47 -> 197.84874 | P47: =M47-J47 -> 0 | Q47: =O47-L47 -> -16.436975 | R47: =O47/L47 -> 0.92329412 | T47: 0.28125 | U47: 0.34027778 | V47: 25 | W47: =(U47-T47)*24*60 -> 85 | X47: 0.26736111 | Y47: 0.27847222 | AF47: =N47-K47 -> -115.05882 | AG47: =N47/K47 -> 0.92329412
B48: 小菜微波 | D48: Q彈燕麥飯 | F48: 11.26 | G48: 8272 | H48: =F48*G48 -> 93142.72 | J48: 6 | K48: 1500 | L48: 250 | M48: 6 | N48: =G48/W48*60 -> 1468.4024 | O48: =N48/M48 -> 244.73373 | P48: =M48-J48 -> 0 | Q48: =O48-L48 -> -5.2662722 | R48: =O48/L48 -> 0.97893491 | T48: 0.36111111 | U48: 0.59583333 | V48: 30 | W48: =(U48-T48)*24*60 -> 338 | X48: 0.34375 | Y48: 0.35833333 | AF48: =N48-K48 -> -31.597633 | AG48: =N48/K48 -> 0.97893491
B49: 微波主食 | D49: 優質池上飯 | F49: 10.09 | G49: 3860.19 | H49: =F49*G49 -> 38949.317 | J49: 6 | K49: 1500 | L49: 250 | M49: 6 | N49: =G49/W49*60 -> 1447.5713 | O49: =N49/M49 -> 241.26188 | P49: =M49-J49 -> 0 | Q49: =O49-L49 -> -8.738125 | R49: =O49/L49 -> 0.9650475 | T49: 0.61666667 | U49: 0.72777778 | V49: 30 | W49: =(U49-T49)*24*60 -> 160 | X49: 0.59930556 | Y49: 0.61388889 | AF49: =N49-K49 -> -52.42875 | AG49: =N49/K49 -> 0.9650475
B50: 0 | F50: 0 | H50: =F50*G50 -> 0 | AF50: =N50-K50 -> 0 | AG50: =N50/K50 -> #DIV/0!
B51: 0 | F51: 0 | AF51: =N51-K51 -> 0 | AG51: =N51/K51 -> #DIV/0!
B52: 0 | F52: 0 | H52: =F52*G52 -> 0 | W52: =(U52-T52)*24*60 -> 0 | AF52: =N52-K52 -> 0 | AG52: =N52/K52 -> #DIV/0!
B53: 0 | F53: 0 | H53: =F53*G53 -> 0 | W53: =(U53-T53)*24*60 -> 0 | AF53: =N53-K53 -> 0 | AG53: =N53/K53 -> #DIV/0!
B54: 0 | F54: 0 | H54: =F54*G54 -> 0 | W54: =(U54-T54)*24*60 -> 0 | AF54: =N54-K54 -> 0 | AG54: =N54/K54 -> #DIV/0!
B55: 0 | F55: 0 | H55: =F55*G55 -> 0 | W55: =(U55-T55)*24*60 -> 0
B56: 0 | C56: 4度二組C1 | D56: 平均 | J56: 5.1666667 | K56: 1750 | L56: 369.04762 | M56: =AVERAGE(M44:M55) -> 5.6666667 | N56: =AVERAGE(N44:N55) -> 1772.2555 | O56: =AVERAGE(O44:O55) -> 325.06133 | P56: =M56-J56 -> 0.5 | Q56: =N56-K56 -> 22.255496 | R56: =O56/L56 -> 0.88081135 | W56: =(U56-T56)*24*60 -> 0 | Z56: =SUM(Z44:Z55) -> 0 | AA56: =SUM(AA44:AA55) -> 0 | AD56: =SUM(AD44:AD55) -> 0 | AE56: =SUM(AE44:AE55) -> 0 | AF56: =N56-K56 -> 22.255496 | AG56: =N56/K56 -> 1.0127174
A57: 四度二組 (烤飯糰/十爪機) | B57: 小菜微波 | D57: 糖燻豬耳絲 | F57: 28.26 | G57: 1633 | H57: =F57*G57 -> 46148.58 | J57: 7 | K57: 1500 | L57: 214.28571 | M57: 7 | N57: =G57/W57*60 -> 1484.5455 | O57: =N57/M57 -> 212.07792 | P57: =M57-J57 -> 0 | Q57: =O57-L57 -> -2.2077922 | R57: =O57/L57 -> 0.98969697 | S57: =R69 -> 0.98045665 | T57: 0.16666667 | U57: 0.2125 | V57: 5 | W57: =(U57-T57)*24*60 -> 66 | AF57: =N57-K57 -> -15.454545 | AG57: =N57/K57 -> 0.98969697 | AH57: =AG69 -> 0.98126036
B58: 小菜微波 | D58: 燻之味-糖燻雞胗 | F58: 27.88 | G58: 2252 | H58: =F58*G58 -> 62785.76 | J58: 7 | K58: 1500 | L58: 214.28571 | M58: 7 | N58: =G58/W58*60 -> 1468.6957 | O58: =N58/M58 -> 209.81366 | P58: =M58-J58 -> 0 | Q58: =O58-L58 -> -4.4720497 | R58: =O58/L58 -> 0.97913043 | T58: 0.22986111 | U58: 0.29375 | V58: 25 | W58: =(U58-T58)*24*60 -> 92 | X58: 0.21597222 | Y58: 0.22708333 | AF58: =N58-K58 -> -31.304348 | AG58: =N58/K58 -> 0.97913043
B59: 小菜微波 | D59: 韓式蒜味炸雞 | F59: 28 | G59: 2977 | H59: =F59*G59 -> 83356 | J59: 7 | K59: 1500 | L59: 214.28571 | M59: 7 | N59: =G59/W59*60 -> 1501.0084 | O59: =N59/M59 -> 214.42977 | P59: =M59-J59 -> 0 | Q59: =O59-L59 -> 0.14405762 | R59: =O59/L59 -> 1.0006723 | T59: 0.31111111 | U59: 0.39375 | V59: 25 | W59: =(U59-T59)*24*60 -> 119 | X59: 0.29722222 | Y59: 0.30833333 | AE59: 1 | AF59: =N59-K59 -> 1.0084034 | AG59: =N59/K59 -> 1.0006723
B60: 微波主食 | D60: 優質池上飯 | F60: 10.09 | G60: 5003.95 | H60: =F60*G60 -> 50489.855 | J60: 6 | K60: 1500 | L60: 250 | M60: 6 | N60: =G60/W60*60 -> 1443.4471 | O60: =N60/M60 -> 240.57452 | P60: =M60-J60 -> 0 | Q60: =O60-L60 -> -9.4254808 | R60: =O60/L60 -> 0.96229808 | T60: 0.41458333 | U60: 0.55902778 | V60: 30 | W60: =(U60-T60)*24*60 -> 208 | X60: 0.39722222 | Y60: 0.41180556 | AF60: =N60-K60 -> -56.552885 | AG60: =N60/K60 -> 0.96229808
B61: 微波主食 | D61: 優質池上飯 | F61: 10.09 | G61: 5432.86 | H61: =F61*G61 -> 54817.557 | J61: 6 | K61: 1500 | L61: 250 | M61: 6 | N61: =G61/W61*60 -> 1461.7561 | O61: =N61/M61 -> 243.62601 | P61: =M61-J61 -> 0 | Q61: =O61-L61 -> -6.373991 | R61: =O61/L61 -> 0.97450404 | T61: 0.57986111 | U61: 0.73472222 | V61: 30 | W61: =(U61-T61)*24*60 -> 223 | X61: 0.5625 | Y61: 0.57708333 | AF61: =N61-K61 -> -38.243946 | AG61: =N61/K61 -> 0.97450404
B62: 0 | F62: 0 | H62: =F62*G62 -> 0 | W62: =(U62-T62)*24*60 -> 0 | AF62: =N62-K62 -> 0 | AG62: =N62/K62 -> #DIV/0!
B63: 0 | F63: 0 | H63: =F63*G63 -> 0 | W63: =(U63-T63)*24*60 -> 0 | AF63: =N63-K63 -> 0 | AG63: =N63/K63 -> #DIV/0!
B64: 0 | F64: 0 | H64: =F64*G64 -> 0 | W64: =(U64-T64)*24*60 -> 0 | AF64: =N64-K64 -> 0 | AG64: =N64/K64 -> #DIV/0!
B65: 0 | F65: 0 | H65: =F65*G65 -> 0 | W65: =(U65-T65)*24*60 -> 0 | AF65: =N65-K65 -> 0 | AG65: =N65/K65 -> #DIV/0!
B66: 0 | F66: 0 | H66: =F66*G66 -> 0 | W66: =(U66-T66)*24*60 -> 0 | AF66: =N66-K66 -> 0 | AG66: =N66/K66 -> #DIV/0!
B67: 0 | F67: 0 | H67: =F67*G67 -> 0 | W67: =(U67-T67)*24*60 -> 0 | AF67: =N67-K67 -> 0 | AG67: =N67/K67 -> #DIV/0!
B68: 0 | F68: 0 | H68: =F68*G68 -> 0 | W68: =(U68-T68)*24*60 -> 0
B69: 0 | C69: 4度二組C2 | D69: 平均 | J69: 6.6 | K69: 1500 | L69: 228.57143 | M69: =AVERAGE(M57:M68) -> 6.6 | N69: =AVERAGE(N57:N68) -> 1471.8905 | O69: =AVERAGE(O57:O68) -> 224.10438 | P69: =M69-J69 -> 0 | Q69: =N69-K69 -> -28.109464 | R69: =O69/L69 -> 0.98045665 | W69: =(U69-T69)*24*60 -> 0 | Z69: =SUM(Z57:Z68) -> 0 | AA69: =SUM(AA57:AA68) -> 0 | AD69: =SUM(AD57:AD68) -> 0 | AE69: =SUM(AE57:AE68) -> 1 | AF69: =N69-K69 -> -28.109464 | AG69: =N69/K69 -> 0.98126036
A70: 四度三組 (ET-55) | B70: 熱食義麵 | D70: 蕃茄起司手工千層麵(區2) | F70: 62.13 | G70: 331 | H70: =F70*G70 -> 20565.03 | J70: 14 | K70: 1500 | L70: 107.14286 | M70: 13 | N70: =G70/W70*60 -> 1241.25 | O70: =N70/M70 -> 95.480769 | P70: =M70-J70 -> -1 | Q70: =O70-L70 -> -11.662088 | R70: =O70/L70 -> 0.89115385 | S70: =R82 -> 0.87989823 | T70: 0.29166667 | U70: 0.30277778 | V70: 5 | W70: =(U70-T70)*24*60 -> 16 | AF70: =N70-K70 -> -258.75 | AG70: =N70/K70 -> 0.8275 | AH70: =AG82 -> 0.86716791
B71: 便當 | D71: 嘉義劉里長雞肉飯 | F71: 47.65 | G71: 1790 | H71: =F71*G71 -> 85293.5 | J71: 18 | K71: 1440 | L71: 80 | M71: 18 | N71: =G71/W71*60 -> 1359.4937 | O71: =N71/M71 -> 75.527426 | P71: =M71-J71 -> 0 | Q71: =O71-L71 -> -4.4725738 | R71: =O71/L71 -> 0.94409283 | T71: 0.30763889 | U71: 0.3625 | V71: 7 | W71: =(U71-T71)*24*60 -> 79 | AF71: =N71-K71 -> -80.506329 | AG71: =N71/K71 -> 0.94409283
B72: 微波主食 | D72: 日式中濃醬炭火漢堡排飯 | F72: 56.85 | G72: 1989 | H72: =F72*G72 -> 113074.65 | J72: 18 | K72: 1636 | L72: 90.888889 | M72: 18 | N72: =G72/W72*60 -> 1193.4 | O72: =N72/M72 -> 66.3 | P72: =M72-J72 -> 0 | Q72: =O72-L72 -> -24.588889 | R72: =O72/L72 -> 0.7294621 | T72: 0.37777778 | U72: 0.44722222 | V72: 22 | W72: =(U72-T72)*24*60 -> 100 | X72: 0.36597222 | Y72: 0.375 | AF72: =N72-K72 -> -442.6 | AG72: =N72/K72 -> 0.7294621
B73: 便當 | D73: 香腸腿排雙拼便當 | F73: 53.76 | G73: 2271 | H73: =F73*G73 -> 122088.96 | J73: 16 | K73: 1440 | L73: 90 | M73: 16 | N73: =G73/W73*60 -> 1335.8824 | O73: =N73/M73 -> 83.492647 | P73: =M73-J73 -> 0 | Q73: =O73-L73 -> -6.5073529 | R73: =O73/L73 -> 0.92769608 | T73: 0.4875 | U73: 0.55833333 | V73: 5 | W73: =(U73-T73)*24*60 -> 102 | AF73: =N73-K73 -> -104.11765 | AG73: =N73/K73 -> 0.92769608
B74: 便當 | D74: 新招牌腿排便當 | F74: 47.51 | G74: 2121 | H74: =F74*G74 -> 100768.71 | J74: 17 | K74: 1440 | L74: 84.705882 | M74: 17 | N74: =G74/W74*60 -> 1353.8298 | O74: =N74/M74 -> 79.637046 | P74: =M74-J74 -> 0 | Q74: =O74-L74 -> -5.068836 | R74: =O74/L74 -> 0.94015957 | T74: 0.57430556 | U74: 0.63958333 | V74: 23 | W74: =(U74-T74)*24*60 -> 94 | X74: 0.56180556 | Y74: 0.57152778 | AF74: =N74-K74 -> -86.170213 | AG74: =N74/K74 -> 0.94015957
B75: 微波主食 | D75: 壹號醬壽喜燒牛丼 | F75: 54.09 | G75: 384.75 | H75: =F75*G75 -> 20811.128 | J75: 18 | K75: 1500 | L75: 83.333333 | M75: 18 | N75: =G75/W75*60 -> 1282.5 | O75: =N75/M75 -> 71.25 | P75: =M75-J75 -> 0 | Q75: =O75-L75 -> -12.083333 | R75: =O75/L75 -> 0.855 | T75: 0.64513889 | U75: 0.65763889 | V75: 8 | W75: =(U75-T75)*24*60 -> 18 | AF75: =N75-K75 -> -217.5 | AG75: =N75/K75 -> 0.855
B76: 0 | F76: 0 | H76: =F76*G76 -> 0 | AF76: =N76-K76 -> 0 | AG76: =N76/K76 -> #DIV/0!
B77: 0 | F77: 0 | H77: =F77*G77 -> 0 | AF77: =N77-K77 -> 0 | AG77: =N77/K77 -> #DIV/0!
B78: 0 | F78: 0 | H78: =F78*G78 -> 0 | W78: =(U78-T78)*24*60 -> 0 | AF78: =N78-K78 -> 0 | AG78: =N78/K78 -> #DIV/0!
B79: 0 | F79: 0 | H79: =F79*G79 -> 0 | W79: =(U79-T79)*24*60 -> 0 | AF79: =N79-K79 -> 0 | AG79: =N79/K79 -> #DIV/0!
B80: 0 | H80: =F80*G80 -> 0 | W80: =(U80-T80)*24*60 -> 0 | AF80: =N80-K80 -> 0 | AG80: =N80/K80 -> #DIV/0!
B81: 0 | W81: =(U81-T81)*24*60 -> 0
B82: 0 | C82: 4度三組 | D82: 平均 | J82: 16.833333 | K82: 1492.6667 | L82: 89.34516 | M82: =AVERAGE(M70:M81) -> 16.666667 | N82: =AVERAGE(N70:N81) -> 1294.3926 | O82: =AVERAGE(O70:O81) -> 78.614648 | P82: =M82-J82 -> -0.16666667 | Q82: =N82-K82 -> -198.27403 | R82: =O82/L82 -> 0.87989823 | Z82: =SUM(Z70:Z81) -> 0 | AA82: =SUM(AA70:AA81) -> 0 | AD82: =SUM(AD70:AD81) -> 0 | AE82: =SUM(AE70:AE81) -> 0 | AF82: =N82-K82 -> -198.27403 | AG82: =N82/K82 -> 0.86716791
A83: 四度四組 (ET-55) | B83: 便當 | D83: 好吃雞肉便當 | F83: 53.36 | G83: 2498.51 | H83: =F83*G83 -> 133320.49 | J83: 19 | K83: 1440 | L83: 75.789474 | M83: 19 | N83: =G83/W83*60 -> 1315.0053 | O83: =N83/M83 -> 69.210803 | P83: =M83-J83 -> 0 | Q83: =O83-L83 -> -6.5786704 | R83: =O83/L83 -> 0.9131981 | S83: =R95 -> 0.92023598 | T83: 0.33333333 | U83: 0.4125 | V83: 5 | W83: =(U83-T83)*24*60 -> 114 | AF83: =N83-K83 -> -124.99474 | AG83: =N83/K83 -> 0.9131981 | AH83: =AG95 -> 0.91166606
B84: 便當 | D84: 好吃雞肉便當 | F84: 53.36 | G84: 1988.61 | H84: =F84*G84 -> 106112.23 | J84: 19 | K84: 1440 | L84: 75.789474 | M84: 19 | N84: =G84/W84*60 -> 1311.1714 | O84: =N84/M84 -> 69.009023 | P84: =M84-J84 -> 0 | Q84: =O84-L84 -> -6.7804511 | R84: =O84/L84 -> 0.91053571 | T84: 0.42777778 | U84: 0.49097222 | V84: 22 | W84: =(U84-T84)*24*60 -> 91 | X84: 0.41597222 | Y84: 0.425 | AF84: =N84-K84 -> -128.82857 | AG84: =N84/K84 -> 0.91053571
B85: 便當 | D85: 海陸雙拼肉肉餐盒 | F85: 59.54 | G85: 1373 | H85: =F85*G85 -> 81748.42 | J85: 18 | K85: 1385 | L85: 76.944444 | M85: 18 | N85: =G85/W85*60 -> 1267.3846 | O85: =N85/M85 -> 70.410256 | P85: =M85-J85 -> 0 | Q85: =O85-L85 -> -6.534188 | R85: =O85/L85 -> 0.91507914 | T85: 0.53125 | U85: 0.57638889 | V85: 5 | W85: =(U85-T85)*24*60 -> 65 | AE85: 1 | AF85: =N85-K85 -> -117.61538 | AG85: =N85/K85 -> 0.91507914
B86: 便當 | D86: 香檸奶油魚排蔬滿盒 | F86: 73.94 | G86: 1753.08 | H86: =F86*G86 -> 129622.74 | J86: 19 | K86: 1440 | L86: 75.789474 | M86: 18 | N86: =G86/W86*60 -> 1331.4532 | O86: =N86/M86 -> 73.96962 | P86: =M86-J86 -> -1 | Q86: =O86-L86 -> -1.8198534 | R86: =O86/L86 -> 0.97598805 | T86: 0.59236111 | U86: 0.64722222 | V86: 23 | W86: =(U86-T86)*24*60 -> 79 | X86: 0.57986111 | Y86: 0.58958333 | AF86: =N86-K86 -> -108.54684 | AG86: =N86/K86 -> 0.92462025
B87: 便當 | D87: 好吃雞肉便當 | F87: 53.36 | G87: 611.88 | H87: =F87*G87 -> 32649.917 | I87: 1 | J87: 19 | K87: 1440 | L87: 75.789474 | M87: 19 | N87: =G87/W87*60 -> 1265.9586 | O87: =N87/M87 -> 66.629401 | P87: =M87-J87 -> 0 | Q87: =O87-L87 -> -9.1600726 | R87: =O87/L87 -> 0.87913793 | T87: 0.65208333 | U87: 0.67222222 | V87: 7 | W87: =(U87-T87)*24*60 -> 29 | AF87: =N87-K87 -> -174.04138 | AG87: =N87/K87 -> 0.87913793
B88: 便當 | D88: 香檸奶油魚排蔬滿盒 | F88: 73.94 | G88: 333.92 | H88: =F88*G88 -> 24690.045 | I88: 1 | J88: 19 | K88: 1440 | L88: 75.789474 | M88: 19 | N88: =G88/W88*60 -> 1335.68 | O88: =N88/M88 -> 70.298947 | P88: =M88-J88 -> 0 | Q88: =O88-L88 -> -5.4905263 | R88: =O88/L88 -> 0.92755556 | T88: 0.67638889 | U88: 0.68680556 | V88: 6 | W88: =(U88-T88)*24*60 -> 15 | AF88: =N88-K88 -> -104.32 | AG88: =N88/K88 -> 0.92755556
B89: 0 | F89: 0 | H89: =F89*G89 -> 0 | AF89: =N89-K89 -> 0 | AG89: =N89/K89 -> #DIV/0!
B90: 0 | F90: 0 | H90: =F90*G90 -> 0 | AF90: =N90-K90 -> 0 | AG90: =N90/K90 -> #DIV/0!
B91: 0 | F91: 0 | H91: =F91*G91 -> 0 | W91: =(U91-T91)*24*60 -> 0 | AF91: =N91-K91 -> 0 | AG91: =N91/K91 -> #DIV/0!
B92: 0 | F92: 0 | H92: =F92*G92 -> 0 | AF92: =N92-K92 -> 0 | AG92: =N92/K92 -> #DIV/0!
B93: 0 | F93: 0 | H93: =F93*G93 -> 0 | W93: =(U93-T93)*24*60 -> 0 | AF93: =N93-K93 -> 0 | AG93: =N93/K93 -> #DIV/0!
B94: 0 | F94: 0 | H94: =F94*G94 -> 0 | W94: =(U94-T94)*24*60 -> 0 | AF94: =N94-K94 -> 0 | AG94: =N94/K94 -> #DIV/0!
B95: 0 | C95: 4度四組 | D95: 平均 | J95: 18.833333 | K95: 1430.8333 | L95: 75.981969 | M95: =AVERAGE(M83:M94) -> 18.666667 | N95: =AVERAGE(N83:N94) -> 1304.4422 | O95: =AVERAGE(O83:O94) -> 69.921342 | P95: =M95-J95 -> -0.16666667 | Q95: =O95-L95 -> -6.060627 | R95: =O95/L95 -> 0.92023598 | Z95: =SUM(Z83:Z94) -> 0 | AA95: =SUM(AA83:AA94) -> 0 | AD95: =SUM(AD83:AD94) -> 0 | AE95: =SUM(AE83:AE94) -> 1 | AF95: =N95-K95 -> -126.39115 | AG95: =N95/K95 -> 0.91166606
A96: 四度五組 (ET-55) | B96: 小菜微波 | D96: 媽媽煮藝-香滷牛肚絲 | F96: 36.92 | G96: 2066 | H96: =F96*G96 -> 76276.72 | J96: 6 | K96: 1636 | L96: 272.66667 | M96: 6 | N96: =G96/W96*60 -> 1530.3704 | O96: =N96/M96 -> 255.06173 | P96: =M96-J96 -> 0 | Q96: =O96-L96 -> -17.604938 | R96: =O96/L96 -> 0.93543421 | S96: =R108 -> 0.91829807 | T96: 0.33333333 | U96: 0.38958333 | V96: 5 | W96: =(U96-T96)*24*60 -> 81 | AF96: =N96-K96 -> -105.62963 | AG96: =N96/K96 -> 0.93543421 | AH96: =AG108 -> 0.9114329
B97: 小菜微波 | D97: 香辣醬粉絲煲 | F97: 29.11315 | G97: 2817 | H97: =F97*G97 -> 82011.743 | J97: 20 | K97: 1500 | L97: 75 | M97: 20 | N97: =G97/W97*60 -> 1408.5 | O97: =N97/M97 -> 70.425 | P97: =M97-J97 -> 0 | Q97: =O97-L97 -> -4.575 | R97: =O97/L97 -> 0.939 | T97: 0.40486111 | U97: 0.48819444 | V97: 22 | W97: =(U97-T97)*24*60 -> 120 | X97: 0.39305556 | Y97: 0.40208333 | AF97: =N97-K97 -> -91.5 | AG97: =N97/K97 -> 0.939
B98: 便當 | D98: 嫩烤香料雞胸排蔬滿盒 | F98: 77.34 | G98: 845 | H98: =F98*G98 -> 65352.3 | J98: 18 | K98: 1440 | L98: 80 | M98: 18 | N98: =G98/W98*60 -> 1300 | O98: =N98/M98 -> 72.222222 | P98: =M98-J98 -> 0 | Q98: =O98-L98 -> -7.7777778 | R98: =O98/L98 -> 0.90277778 | T98: 0.52847222 | U98: 0.55555556 | V98: 5 | W98: =(U98-T98)*24*60 -> 39 | AF98: =N98-K98 -> -140 | AG98: =N98/K98 -> 0.90277778
B99: 便當 | D99: 美式雞丁餐盒 | F99: 59.34 | G99: 1050 | H99: =F99*G99 -> 62307 | J99: 17 | K99: 1440 | L99: 84.705882 | M99: 17 | N99: =G99/W99*60 -> 1285.7143 | O99: =N99/M99 -> 75.630252 | P99: =M99-J99 -> 0 | Q99: =O99-L99 -> -9.0756303 | R99: =O99/L99 -> 0.89285714 | T99: 0.55972222 | U99: 0.59375 | V99: 6 | W99: =(U99-T99)*24*60 -> 49 | AF99: =N99-K99 -> -154.28571 | AG99: =N99/K99 -> 0.89285714
B100: 便當 | D100: 蔬活腿排補力餐盒 | F100: 71.55 | G100: 875 | H100: =F100*G100 -> 62606.25 | J100: 18 | K100: 1385 | L100: 76.944444 | M100: 18 | N100: =G100/W100*60 -> 1220.9302 | O100: =N100/M100 -> 67.829457 | P100: =M100-J100 -> 0 | Q100: =O100-L100 -> -9.1149871 | R100: =O100/L100 -> 0.88153807 | T100: 0.59861111 | U100: 0.62847222 | V100: 7 | W100: =(U100-T100)*24*60 -> 43 | AF100: =N100-K100 -> -164.06977 | AG100: =N100/K100 -> 0.88153807
...

Sheet 0403
B1: 晉欣廠組合室生產人時性分析
B3: 日期 | D3: 04月03日 星期 五 | F3: 訂單量 | H3: 206930 | J3: 營業額 | L3: 6724603.5
B4: 項目 | D4: 項目 | F4: ➀ | H4: ➁ | J4: ➂ | L4: ➃ | N4: 異常停線 | P4: 短暫停線
B5: 人時性 | D5: 組合室 | F5: 全溫層 | H5: 4度C(含4度飯糰) | J5: 18度C 一配 | L5: 18度C 二配 | N5: 合計次數 | O5: 時間 | P5: 合計次數 | Q5: 設備次數
D6: 排關平均 | F6: =AVERAGE(D13:O13,P13:Q13,D30:E30,G30:H30,J30:M30) -> 384.22487 | H6: =AVERAGE(D13:P13,Q13) -> 141.63908 | J6: =AVERAGE(D30:E30,G30:H30) -> 736.25 | L6: =AVERAGE(J30:M30) -> 881.25 | N6: 0 | O6: 0 | P6: 3 | Q6: 2
D7: 實績平均 | F7: =AVERAGE(D14:O14,P14:Q14,D31:E31,J31:M31,G31:H31) -> 357.47134 | H7: =AVERAGE(D14:P14,Q14) -> 127.91775 | J7: =AVERAGE(D31:E31,G31:H31) -> 747.11459 | L7: =AVERAGE(J31:M31) -> 771.26564
D8: 達成率平均 | F8: =AVERAGE(D15:O15,P15:Q15,D32:E32,G32:H32,J32:K32,L32) -> 0.91000758 | H8: =AVERAGE(D15:O15,P15:Q15) -> 0.8988202 | J8: =AVERAGE(D32:E32,G32:H32) -> 0.99407053 | L8: =AVERAGE(J32:M32) -> 0.87563065
B10: 溫層 | D10: ➁4度C-各編組展開
B11: 編組 | D11: 1 | E11: 2 | F11: 3 | G11: 4 | H11: 5 | I11: 6 | J11: 7 | K11: 8 | L11: 9 | M11: 10 | N11: 11 | O11: 12 | P11: 13 | Q11: 14
D12: 4度一組 | E12: 4度二組A | F12: 4度二組B | G12: 4度二組C1 | H12: 4度二組C2 | I12: 4度三組 | J12: 4度四組 | K12: 4度五組 | L12: 綜合一組 | M12: 綜合二組 | N12: 綜合三組 | O12: 綜合四組 | P12: 便當組 | Q12: 壽司線
B13: 人時性 | C13: 排關 | D13: 133.76218 | E13: 119.1543 | F13: 182.475 | G13: 369.04762 | H13: 228.57143 | I13: 89.34516 | J13: 77.239279 | K13: 109.18814 | L13: 97.119048 | M13: 84.016229 | N13: 84.321731 | O13: 79.853801 | P13: 178.85319 | Q13: 150
C14: 實績 | D14: 123.64362 | E14: 104.13849 | F14: 154.93876 | G14: 326.82746 | H14: 223.27216 | I14: 78.695793 | J14: 68.730003 | K14: 99.046518 | L14: 85.493495 | M14: 74.448053 | N14: 78.286697 | O14: 67.110525 | P14: 168.12773 | Q14: 138.08918
C15: 達成率 | D15: =D14/D13 -> 0.92435406 | E15: =E14/E13 -> 0.87398014 | F15: =F14/F13 -> 0.84909581 | G15: =G14/G13 -> 0.88559699 | H15: =H14/H13 -> 0.9768157 | I15: =I14/I13 -> 0.88080645 | J15: =J14/J13 -> 0.88983228 | K15: =K14/K13 -> 0.9071179 | ... Q15: =Q14/Q13 -> 0.92059451
B16: 作業 時間 | C16: 開始 | D16: 0.29166667 | E16: 0.16666667 | F16: 0.16666667 | G16: 0.16666667 | H16: 0.16666667 | I16: 0.29166667 | J16: 0.33333333 | K16: 0.33333333 | L16: 0.5 | M16: 0.5 | N16: 0.5 | O16: 0.70833333 | P16: 0.16666667 | Q16: 0.17361111
C17: 結束 | D17: 0.62638889 | E17: 0.53263889 | F17: 0.4625 | G17: 0.58611111 | H17: 0.7125 | I17: 0.67222222 | J17: 0.66736111 | K17: 0.6625 | L17: 0.89444444 | M17: 0.91736111 | N17: 0.96319444 | O17: 0.92291667 | P17: 0.54930556 | Q17: 0.49652778
B18: 產線異常 (5分鐘以上) | C18: 次數
C19: 時間/分
B20: 短暫停線 (5分鐘以下) | C20: 次數 | E20: 2 | P20: 1
C21: 設備次數 | I21: 1 | J21: 1
B22: 配置人數 | D22: 19.666667 | E22: 17.571429 | F22: 12.25 | G22: 5.6666667 | H22: 6.6 | I22: 16.666667 | J22: 18.5 | K22: 16.285714 | L22: 15.875 | M22: 18.625 | N22: 17.75 | O22: 18.666667 | P22: 13 | Q22: 11.4
B23: 主要應用設備 | D23: ET-600 | E23: ET-600 | F23: ET-600 | G23: 八爪機 | H23: 十爪機 | I23: ET-55 | J23: ET-55 | K23: ET-55 | L23: ET-55 | M23: ET-55 | N23: ET-55 | O23: ET-55 | P23: 伺服包裝機 | Q23: 伺服包裝機
B24: 次要應用設備
B25: 備註 | E25: 熱麵固定線 | G25: 烤飯糰 | H25: 烤飯糰 | K25: 吸收產線 | P25: 大口固定線
D27: ➂18度C 一配-各編組展開 | I27: ➃18度C 二配-各編組展開
B28: 編組 | D28: 1 | E28: 2 | F28: 3 | G28: 4 | H28: 5 | I28: 1 | J28: 2 | K28: 3 | L28: 4 | M28: 5
D29: 連續式 海苔機 | E29: 3300型 飯糰機A | F29: 3300型 飯糰機B | G29: 3600型 飯糰機A | H29: 3600型 飯糰機B | I29: 夾心型 飯糰機 | J29: 3300型 飯糰機A | K29: 3300型 飯糰機B | L29: 3600型 飯糰機A | M29: 3600型 飯糰機B
B30: 人時性 | C30: 排關 | D30: 320 | E30: 825 | F30: 825 | G30: 900 | H30: 900 | I30: 680 | J30: 825 | K30: 900 | L30: 900 | M30: 900
C31: 實績 | D31: 286.19255 | E31: 786.18713 | F31: 0 | G31: 920.71158 | H31: 995.3671 | I31: 0 | J31: 739.28571 | K31: 595.5 | L31: 893.36136 | M31: 856.91549
C32: 達成率 | D32: =D31/D30 -> 0.89435171 | E32: =E31/E30 -> 0.9529541 | F32: =F31/F30 -> 0 | G32: =G31/G30 -> 1.0230129 | H32: =H31/H30 -> 1.1059634 | I32: =I31/I30 -> 0 | J32: =J31/J30 -> 0.8961039 | K32: =K31/K30 -> 0.66166667 | ... M32: =M31/M30 -> 0.95212832
B33: 作業 時間 | C33: 開始 | D33: 0.1875 | E33: 0.18055556 | F33: 0 | G33: 3210.6667 | H33: 0.18055556 | I33: 0 | J33: 0.72222222 | K33: 0.72222222 | L33: 0.72222222 | M33: 0.72222222
C34: 結束 | D34: 0.22708333 | E34: 0.3 | F34: 0 | G34: 1096 | H34: 0.39027778 | I34: 0 | J34: 0.72708333 | K34: 0.8125 | L34: 1.0555556 | M34: 46116
B35: 配置人數 | D35: 5.5 | E35: 3.6666667 | F35: 0 | G35: 3.6 | H35: 3.4 | I35: 0 | J35: 4 | K35: 3.6666667 | L35: 3.4 | M35: 3.5
B36: 主要應用設備 | D36: 連續式 海苔機 | E36: 3300型 | F36: 3300型 | G36: 3600型 | H36: 3600型 | I36: 夾心型 | J36: 3300型 | K36: 3300型 | L36: 3600型 | M36: 3600型
B37: 次要應用設備
B38: 備註

Sheet 晉欣18度C0403
A1: 晉欣廠18度C日報分析 | D1: 總生產量 | E1: =SUM(G5:G124) -> 64729 | F1: 營業額 | G1: =SUM(H5:H124) -> 1200568.4 | H1: 出勤人數 | I1: =+J16+J64+J24+J38+J51+J81+J100+J91+J57+J124+J111 -> 38.733333 | J1: 生產實績 | M1: 日報登錄
A2: 04月03日 星期四 | D2: 人時性 | E2: =AVERAGE(L16,L24,L38,L51,L100,L111,L91) -> 573.10265 | F2: 平均廠價 | G2: =G1/E1 -> 18.547613 | H2: 多次生產數 | I2: =COUNT(I5:I124) -> 0
A3: 線別 | B3: 品類 | D3: 品名 | F3: 廠價 | G3: 生產量 | H3: 營收 | I3: 多次 生產 | J3: 人數 | K3: 產能/時 | L3: 人時性 | M3: 生產時間 | O3: 換線/分 | P3: 稼動時間/分 | Q3: 休息時間
M4: 開始 | N4: 結束 | Q4: 開始 | R4: 結束
A5: 壽司線 | B5: 0 | D5: 雙饗雙手卷(捲) | F5: 0 | G5: 1225 | H5: =F5*G5 -> 0 | J5: 9 | K5: =G5/P5*60 -> 1633.3333 | L5: =K5/J5 -> 181.48148 | M5: 0.17361111 | N5: 0.20486111 | O5: 10 | P5: =(N5-M5)*24*60 -> 45
B6: 0 | D6: 海饌雙手卷(捲) | F6: 0 | G6: 1235 | H6: =F6*G6 -> 0 | J6: 9 | K6: =G6/P6*60 -> 1646.6667 | L6: =K6/J6 -> 182.96296 | M6: 0.20833333 | N6: 0.23958333 | O6: 5 | P6: =(N6-M6)*24*60 -> 45
B7: 壽司手卷 | D7: 雙倍德腸飯卷 | F7: 36.45 | G7: 1105 | H7: =F7*G7 -> 40277.25 | J7: 13 | K7: =G7/P7*60 -> 1473.3333 | L7: =K7/J7 -> 113.33333 | M7: 0.24305556 | N7: 0.27430556 | O7: 5 | P7: =(N7-M7)*24*60 -> 45
B8: 壽司手卷 | D8: 明太子泡菜牛飯卷 | F8: 27.05 | G8: 377 | H8: =F8*G8 -> 10197.85 | J8: 13 | K8: =G8/P8*60 -> 1508 | L8: =K8/J8 -> 116 | M8: 0.27777778 | N8: 0.28819444 | O8: 5 | P8: =(N8-M8)*24*60 -> 15 | Q8: 0.29513889 | R8: 0.32638889
B9: 壽司手卷 | D9: 銀鮭美乃滋脆卷 | F9: 19.7 | G9: 809 | H9: =F9*G9 -> 15937.3 | J9: 13 | K9: =G9/P9*60 -> 1213.5 | L9: =K9/J9 -> 93.346154 | M9: 0.32986111 | N9: 0.35763889 | O9: 5 | P9: =(N9-M9)*24*60 -> 40
B10: 壽司手卷 | D10: 日式鮪魚美乃滋脆卷 | F10: 17.87 | G10: 386 | H10: =F10*G10 -> 6897.82 | J10: 13 | K10: =G10/P10*60 -> 1158 | L10: =K10/J10 -> 89.076923 | M10: 0.36111111 | N10: 0.375 | O10: 5 | P10: =(N10-M10)*24*60 -> 20
B11: 壽司手卷 | D11: 長野稻荷壽司 | F11: 25.64 | G11: 511 | H11: =F11*G11 -> 13102.04 | J11: 10 | K11: =G11/P11*60 -> 1533 | L11: =K11/J11 -> 153.3 | M11: 0.37847222 | N11: 0.39236111 | O11: 5 | P11: =(N11-M11)*24*60 -> 20
B12: 壽司手卷 | D12: 雙饗雙手卷 | F12: 29.52 | G12: 1225 | H12: =F12*G12 -> 36162 | J12: 12 | K12: =G12/P12*60 -> 1837.5 | L12: =K12/J12 -> 153.125 | M12: 0.39583333 | N12: 0.42361111 | O12: 5 | P12: =(N12-M12)*24*60 -> 40
B13: 壽司手卷 | D13: 海饌雙手卷 | F13: 29.857 | G13: 1235 | H13: =F13*G13 -> 36873.395 | J13: 12 | K13: =G13/P13*60 -> 1852.5 | L13: =K13/J13 -> 154.375 | M13: 0.42708333 | N13: 0.45486111 | O13: 5 | P13: =(N13-M13)*24*60 -> 40
B14: 飯糰 | D14: 兩粒飯糰(鮪魚.焦糖鮭魚) | F14: 28.57 | G14: 1319 | H14: =F14*G14 -> 37683.83 | J14: 10 | K14: =G14/P14*60 -> 1438.9091 | L14: =K14/J14 -> 143.89091 | M14: 0.45833333 | N14: 0.49652778 | O14: 5 | P14: =(N14-M14)*24*60 -> 55
B15: 0 | F15: 0 | H15: =F15*G15 -> 0
B16: 0 | C16: 壽司線 | D16: 平均 | J16: =AVERAGE(J5:J15) -> 11.4 | K16: =AVERAGE(K5:K15) -> 1529.4742 | L16: =AVERAGE(L5:L15) -> 138.08918
A17: 捲壽司機 | B17: 壽司手卷 | D17: 雙鬆細卷 | F17: 14.03 | G17: 366 | H17: =F17*G17 -> 5134.98 | J17: 6 | K17: =G17/P17*60 -> 1568.5714 | L17: =K17/J17 -> 261.42857 | M17: 0.1875 | N17: 0.19722222 | O17: 30 | P17: =(N17-M17)*24*60 -> 14
B18: 飯糰 | D18: 經典鮪魚沙拉細卷 | F18: 14.49 | G18: 596 | H18: =F18*G18 -> 8636.04 | J18: 5 | K18: =G18/P18*60 -> 1554.7826 | L18: =K18/J18 -> 310.95652 | M18: 0.21111111 | N18: 0.22708333 | O18: 20 | P18: =(N18-M18)*24*60 -> 23
B19: 0 | F19: 0 | H19: =F19*G19 -> 0
B20: 0 | F20: 0 | H20: =F20*G20 -> 0
B21: 0 | F21: 0 | H21: =F21*G21 -> 0
B22: 0 | F22: 0 | H22: =F22*G22 -> 0
B23: 0 | F23: 0 | H23: =F23*G23 -> 0
B24: 0 | C24: 連續式 海苔機 | D24: 平均 | J24: =AVERAGE(J17:J23) -> 5.5 | K24: =AVERAGE(K17:K23) -> 1561.677 | L24: =AVERAGE(L17:L23) -> 286.19255
A25: 3300型 飯糰機A | B25: 飯糰 | D25: 煙燻培根飯糰(區) | F25: 15.03 | G25: 1787 | H25: =F25*G25 -> 26858.61 | J25: 4 | K25: =G25/P25*60 -> 2821.5789 | L25: =K25/J25 -> 705.39474 | M25: 0.18055556 | N25: 0.20694444 | O25: 20 | P25: =(N25-M25)*24*60 -> 38
B26: 飯糰 | D26: 碳烤燒肉飯飯糰(區) | F26: 18.18 | G26: 2580 | H26: =F26*G26 -> 46904.4 | J26: 4 | K26: =G26/P26*60 -> 2866.6667 | L26: =K26/J26 -> 716.66667 | M26: 0.22083333 | N26: 0.25833333 | O26: 20 | P26: =(N26-M26)*24*60 -> 54
B27: 飯糰 | D27: 鮭魚奶油醬油飯糰 | F27: 18.53 | G27: 1873 | H27: =F27*G27 -> 34706.69 | J27: 3 | K27: =G27/P27*60 -> 2809.5 | L27: =K27/J27 -> 936.5 | M27: 0.27222222 | N27: 0.3 | O27: 20 | P27: =(N27-M27)*24*60 -> 40
B28: 0
B29: 0
B30: 0
B31: 0
B32: 0 | F32: 0 | H32: =F32*G32 -> 0
B33: 0 | F33: 0 | H33: =F33*G33 -> 0
B34: 0 | F34: 0 | H34: =F34*G34 -> 0
B35: 0 | F35: 0 | H35: =F35*G35 -> 0
B36: 0 | F36: 0 | H36: =F36*G36 -> 0
B37: 0 | F37: 0 | H37: =F37*G37 -> 0
B38: 0 | C38: 3300型 飯糰機A | D38: 平均 | J38: =AVERAGE(J25:J37) -> 3.6666667 | K38: =AVERAGE(K25:K37) -> 2832.5819 | L38: =AVERAGE(L25:L37) -> 786.18713
A39: 3300型B 飯糰機 | B39: 0 | F39: 0 | H39: =F39*G39 -> 0
B40: 0 | F40: 0 | H40: =F40*G40 -> 0
B41: 0 | F41: 0 | H41: =F41*G41 -> 0
B42: 0 | F42: 0 | H42: =F42*G42 -> 0
B43: 0 | F43: 0 | H43: =F43*G43 -> 0
B44: 0 | F44: 0 | H44: =F44*G44 -> 0
B45: 0 | F45: 0 | H45: =F45*G45 -> 0
B46: 0 | F46: 0 | H46: =F46*G46 -> 0
B47: 0 | F47: 0 | H47: =F47*G47 -> 0
B48: 0 | F48: 0
B49: 0 | F49: 0 | H49: =F49*G49 -> 0
B50: 0 | F50: 0 | H50: =F50*G50 -> 0
B51: 0 | C51: 3300型 飯糰機B | D51: 平均
A52: 3600型(A) 飯糰機 | B52: 飯糰 | D52: 熟成紅鮭飯糰 | F52: 25.03 | G52: 589 | H52: =F52*G52 -> 14742.67 | J52: 4 | K52: =G52/P52*60 -> 3212.7273 | L52: =K52/J52 -> 803.18182 | M52: 0.29861111 | N52: 0.30625 | O52: 10 | P52: =(N52-M52)*24*60 -> 11
B53: 飯糰 | D53: 北海道秋鮭親子飯糰 | F53: 24.82 | G53: 823 | H53: =F53*G53 -> 20426.86 | J53: 4 | K53: =G53/P53*60 -> 3292 | L53: =K53/J53 -> 823 | M53: 0.32013889 | N53: 0.33055556 | O53: 20 | P53: =(N53-M53)*24*60 -> 15
B54: 飯糰 | D54: 贅沢鮭魚肚飯糰 | F54: 30 | G54: 1406 | H54: =F54*G54 -> 42180 | J54: 4 | K54: =G54/P54*60 -> 3244.6154 | L54: =K54/J54 -> 811.15385 | M54: 0.34444444 | N54: 0.3625 | O54: 20 | P54: =(N54-M54)*24*60 -> 26 | Q54: 0.3625 | R54: 0.40416667
B55: 飯糰 | D55: 經典肉鬆飯糰 | F55: 14.03 | G55: 2408 | H55: =F55*G55 -> 33784.24 | J55: 3 | K55: =G55/P55*60 -> 3210.6667 | L55: =K55/J55 -> 1070.2222 | M55: 0.41805556 | N55: 0.44930556 | O55: 20 | P55: =(N55-M55)*24*60 -> 45
B56: 飯糰 | D56: 明太子龍蝦風味沙拉飯糰 | F56: 18.18 | G56: 1370 | H56: =F56*G56 -> 24906.6 | J56: 3 | K56: =G56/P56*60 -> 3288 | L56: =K56/J56 -> 1096 | M56: 0.46319444 | N56: 0.48055556 | O56: 20 | P56: =(N56-M56)*24*60 -> 25
B57: 0 | C57: 夾心型 飯糰機 | F57: 0 | H57: =F57*G57 -> 0
B58: 0 | F58: 0 | H58: =F58*G58 -> 0
B59: 0 | F59: 0 | H59: =F59*G59 -> 0
B60: 0 | F60: 0 | H60: =F60*G60 -> 0
B61: 0 | F61: 0 | H61: =F61*G61 -> 0
B62: 0 | F62: 0 | H62: =F62*G62 -> 0
B63: 0 | F63: 0 | H63: =F63*G63 -> 0
B64: 0 | C64: 3600型 飯糰機A | D64: 平均 | J64: =AVERAGE(J52:J63) -> 3.6 | K64: =AVERAGE(K52:K63) -> 3249.6019 | L64: =AVERAGE(L52:L63) -> 920.71158
A65: 3600型(B) 飯糰機 | B65: 飯糰 | D65: 雞肉飯飯糰 | F65: 16.66 | G65: 2453 | H65: =F65*G65 -> 40866.98 | J65: 4 | K65: =G65/P65*60 -> 3270.6667 | L65: =K65/J65 -> 817.66667 | M65: 0.18055556 | N65: 0.21180556 | O65: 20 | P65: =(N65-M65)*24*60 -> 45
B66: 飯糰 | D66: 壹號醬炙烤牛飯糰 | F66: 22.281818 | G66: 572 | H66: =F66*G66 -> 12745.2 | J66: 4 | K66: =G66/P66*60 -> 3432 | L66: =K66/J66 -> 858 | M66: 0.22569444 | N66: 0.23263889 | O66: 20 | P66: =(N66-M66)*24*60 -> 10
B67: 飯糰 | D67: 鹽蔥燒肉飯糰 | F67: 17.890909 | G67: 1485 | H67: =F67*G67 -> 26568 | J67: 3 | K67: =G67/P67*60 -> 3300 | L67: =K67/J67 -> 1100 | M67: 0.24652778 | N67: 0.26527778 | O67: 20 | P67: =(N67-M67)*24*60 -> 27 | Q67: 0.26527778 | R67: 0.30694444
B68: 飯糰 | D68: 蔬食鮪魚飯糰 | F68: 18.18 | G68: 788 | H68: =F68*G68 -> 14325.84 | J68: 3 | K68: =G68/P68*60 -> 3377.1429 | L68: =K68/J68 -> 1125.7143 | M68: 0.32083333 | N68: 0.33055556 | O68: 20 | P68: =(N68-M68)*24*60 -> 14
B69: 飯糰 | D69: 鮪魚飯糰 | F69: 14.285714 | G69: 3549 | H69: =F69*G69 -> 50700 | J69: 3 | K69: =G69/P69*60 -> 3226.3636 | L69: =K69/J69 -> 1075.4545 | M69: 0.34444444 | N69: 0.39027778 | O69: 20 | P69: =(N69-M69)*24*60 -> 66
B70: 0 | C70: 夾心型 飯糰機 | F70: 0 | H70: =F70*G70 -> 0
B71: 0 | F71: 0 | H71: =F71*G71 -> 0
B72: 0 | F72: 0 | H72: =F72*G72 -> 0
B73: 0 | F73: 0 | H73: =F73*G73 -> 0
B74: 0 | F74: 0 | H74: =F74*G74 -> 0
B75: 0 | C75: 3600型 飯糰機B | D75: 平均 | J75: =AVERAGE(J65:J74) -> 3.4 | K75: =AVERAGE(K65:K74) -> 3321.2346 | L75: =AVERAGE(L65:L74) -> 995.3671
A76: 二配 夾心型 飯糰機 | B76: 0 | F76: 0 | H76: =F76*G76 -> 0 | J76: 0 | K76: 0 | L76: 0
B77: 0 | F77: 0 | H77: =F77*G77 -> 0
B78: 0 | F78: 0 | H78: =F78*G78 -> 0
B79: 0 | F79: 0 | H79: =F79*G79 -> 0
B80: 0 | F80: 0 | H80: =F80*G80 -> 0
B81: 0 | C81: 夾心型 飯糰機 | D81: 平均 | J81: =AVERAGE(J76:J80) -> 0 | K81: =AVERAGE(K76:K80) -> 0 | L81: =AVERAGE(L76:L80) -> 0
A82: 二配 3300型A 飯糰機 | B82: 飯糰 | D82: 二配油蔥G絲飯糰 | F82: 18.18 | G82: 345 | H82: =F82*G82 -> 6272.1 | J82: 4 | K82: =G82/P82*60 -> 2957.1429 | L82: =K82/J82 -> 739.28571 | M82: 0.72222222 | N82: 0.72708333 | O82: 20 | P82: =(N82-M82)*24*60 -> 7
B83: 0 | F83: 0 | H83: =F83*G83 -> 0
B84: 0 | F84: 0 | H84: =F84*G84 -> 0
B85: 0 | F85: 0 | H85: =F85*G85 -> 0
B86: 0 | F86: 0 | H86: =F86*G86 -> 0
F87: 0 | H87: =F87*G87 -> 0
B88: 0 | F88: 0 | H88: =F88*G88 -> 0
B89: 0 | F89: 0 | H89: =F89*G89 -> 0
B90: 0 | F90: 0 | H90: =F90*G90 -> 0
B91: 0 | C91: 3300型 飯糰機A | D91: 平均 | J91: =AVERAGE(J82:J90) -> 4 | K91: =AVERAGE(K82:K90) -> 2957.1429 | L91: =AVERAGE(L82:L90) -> 739.28571
A92: 二配 3300型B 飯糰機 | B92: 飯糰 | D92: 二配大飯糰韓式蒜烤豬五花 | F92: 24.54 | G92: 1494 | H92: =F92*G92 -> 36662.76 | J92: 3 | K92: =G92/P92*60 -> 2241 | L92: =K92/J92 -> 747 | M92: 0.72222222 | N92: 0.75 | O92: 20 | P92: =(N92-M92)*24*60 -> 40
B93: 飯糰 | D93: 二配大飯糰滷肉飯加蛋 | F93: 22.48 | G93: 704 | H93: =F93*G93 -> 15825.92 | J93: 4 | K93: =G93/P93*60 -> 2112 | L93: =K93/J93 -> 528 | M93: 0.76388889 | N93: 0.77777778 | O93: 20 | P93: =(N93-M93)*24*60 -> 20
B94: 飯糰 | D94: 二配大飯糰鮪魚昆布 | F94: 22.21 | G94: 1023 | H94: =F94*G94 -> 22720.83 | J94: 4 | K94: =G94/P94*60 -> 2046 | L94: =K94/J94 -> 511.5 | M94: 0.79166667 | N94: 0.8125 | O94: 20 | P94: =(N94-M94)*24*60 -> 30
B95: 0 | F95: 0 | H95: =F95*G95 -> 0
B96: 0 | F96: 0 | H96: =F96*G96 -> 0
B97: 0 | F97: 0 | H97: =F97*G97 -> 0
B98: 0
B99: 0 | F99: 0 | H99: =F99*G99 -> 0
B100: 0 | C100: 3300型 飯糰機B | D100: 平均 | J100: =AVERAGE(J92:J99) -> 3.6666667 | K100: =AVERAGE(K92:K99) -> 2133 | L100: =AVERAGE(L92:L99) -> 595.5
...

Sheet 晉欣4度C0403
A1: 晉欣廠四度C日報分析 | D1: 總生產量 | E1: =SUM(G5:G173) -> 142201 | F1: 營業額 | G1: =SUM(H5:H173) -> 5524035.1 | H1: 出勤人數 | I1: =M17+M30+M43+M56+M69+M82+M95+M108+M121+M134+M147+M160+M173 -> 197.12381 | J1: 產線配置圖 | M1: 生產實績 | P1: 人時性差異分析 | T1: 日報登錄 | Z1: 合計 次數 | AA1: 合計 時間/分 | AB1: 產線異常分析 說明(5分鐘以上) | AD1: 合計 次數 | AE1: 合計 設備次數 | AF1: 產能差異分析
A2: 04月03日 星期 五 | D2: 人時性 | E2: =AVERAGE(O17,O30,O43,O56,O69,O82,O95,O108,O121,O134,O147,O160,O173) -> 127.13533 | F2: 平均廠價 | G2: =G1/E1 -> 38.846668 | H2: 多次生產數 | I2: =COUNT(I5:I173) -> 6 | Z2: =Z17+Z30+Z43+Z56+Z69+Z82+Z95+Z108+Z121+Z134+Z147+Z160+Z173 -> 0 | AA2: =AA17+AA30+AA43+AA56+AA69+AA82+AA95+AA108+AA121+AA134+AA147+AA160+AA173 -> 0 | AD2: =AD17+AD30+AD43+AD56+AD69+AD82+AD95+AD108+AD121+AD134+AD147+AD160+AD173 -> 3 | AE2: =AE17+AE30+AE43+AE56+AE69+AE82+AE95+AE108+AE121+AE134+AE147+AE160+AE173 -> 2
A3: 線別 | B3: 品類 | D3: 品名 | F3: 廠價 | G3: 生產量 | H3: 營收 | I3: 多次 生產 | J3: 人數 | K3: 產能/時 | L3: 人時性 | M3: 人數 | N3: 產能/時 | O3: 人時性 | P3: 人數 | Q3: 人時性 | R3: 達成率 | S3: 達成率平均 | T3: 生產時間 | V3: 前置、換線時間/分 | W3: 稼動時間/分 | X3: 休息時間 | Z3: 產線異常統計 (5分鐘以上) | AB3: 分析說明 | AD3: 短暫停線統計 (5分鐘以下) | AF3: 產能/時 | AG3: 達成率 | AH3: 達成率平均
T4: 開始 | U4: 結束 | X4: 開始 | Y4: 結束 | Z4: 次數 | AA4: 時間/分 | AD4: 總次數 | AE4: 設備因素(次數)
A5: 四度一組 (ET-600) | B5: 季節調理麵 | D5: 椒麻香蔥雞涼拌麵 | F5: 37.94 | G5: 3157.7 | H5: =F5*G5 -> 119803.14 | J5: 20 | K5: 2400 | L5: 120 | M5: 20 | N5: =G5/W5*60 -> 2282.6747 | O5: =N5/M5 -> 114.13373 | P5: =M5-J5 -> 0 | Q5: =O5-L5 -> -5.8662651 | R5: =O5/L5 -> 0.95111446 | S5: =R17 -> 0.92435406 | T5: 0.29166667 | U5: 0.34930556 | V5: 5 | W5: =(U5-T5)*24*60 -> 83 | AF5: =N5-K5 -> -117.3253 | AG5: =N5/K5 -> 0.95111446 | AH5: =AG17 -> 0.9590724
B6: 季節調理麵 | D6: 台式麻醬涼麵 | F6: 31.266132 | G6: 2114.45 | H6: =F6*G6 -> 66110.672 | J6: 18 | K6: 2600 | L6: 144.44444 | M6: 19 | N6: =G6/W6*60 -> 2487.5882 | O6: =N6/M6 -> 130.9257 | P6: =M6-J6 -> 1 | Q6: =O6-L6 -> -13.518748 | R6: =O6/L6 -> 0.90640867 | T6: 0.35416667 | U6: 0.38958333 | V6: 7 | W6: =(U6-T6)*24*60 -> 51 | AF6: =N6-K6 -> -112.41176 | AG6: =N6/K6 -> 0.95676471
B7: 季節調理麵 | D7: 大滿足麻醬涼麵 | F7: 38 | G7: 3785.04 | H7: =F7*G7 -> 143831.52 | J7: 19 | K7: 2600 | L7: 136.84211 | M7: 20 | N7: =G7/W7*60 -> 2551.7124 | O7: =N7/M7 -> 127.58562 | P7: =M7-J7 -> 1 | Q7: =O7-L7 -> -9.2564873 | R7: =O7/L7 -> 0.93235644 | T7: 0.40555556 | U7: 0.46736111 | V7: 23 | W7: =(U7-T7)*24*60 -> 89 | X7: 0.39305556 | Y7: 0.40277778 | AF7: =N7-K7 -> -48.28764 | AG7: =N7/K7 -> 0.98142783
B8: 季節調理麵 | D8: 大滿足麻醬涼麵 | F8: 38 | G8: 2973.96 | H8: =F8*G8 -> 113010.48 | J8: 19 | K8: 2600 | L8: 136.84211 | M8: 20 | N8: =G8/W8*60 -> 2549.1086 | O8: =N8/M8 -> 127.45543 | P8: =M8-J8 -> 1 | Q8: =O8-L8 -> -9.3866767 | R8: =O8/L8 -> 0.93140505 | T8: 0.50694444 | U8: 0.55555556 | V8: 5 | W8: =(U8-T8)*24*60 -> 70 | AF8: =N8-K8 -> -50.891429 | AG8: =N8/K8 -> 0.98042637
B9: 季節調理麵 | D9: 台式麻醬涼麵 | F9: 31.266132 | G9: 1138.55 | H9: =F9*G9 -> 35598.054 | J9: 18 | K9: 2600 | L9: 144.44444 | M9: 19 | N9: =G9/W9*60 -> 2439.75 | O9: =N9/M9 -> 128.40789 | P9: =M9-J9 -> 1 | Q9: =O9-L9 -> -16.03655 | R9: =O9/L9 -> 0.88897773 | T9: 0.57083333 | U9: 0.59027778 | V9: 22 | W9: =(U9-T9)*24*60 -> 28 | X9: 0.55902778 | Y9: 0.56805556 | AF9: =N9-K9 -> -160.25 | AG9: =N9/K9 -> 0.93836538
B10: 季節調理麵 | D10: 椒麻香蔥雞涼拌麵 | F10: 37.94 | G10: 1700.3 | H10: =F10*G10 -> 64509.382 | J10: 20 | K10: 2400 | L10: 120 | M10: 20 | N10: =G10/W10*60 -> 2267.0667 | O10: =N10/M10 -> 113.35333 | P10: =M10-J10 -> 0 | Q10: =O10-L10 -> -6.6466667 | R10: =O10/L10 -> 0.94461111 | T10: 0.59513889 | U10: 0.62638889 | V10: 7 | W10: =(U10-T10)*24*60 -> 45 | AF10: =N10-K10 -> -132.93333 | AG10: =N10/K10 -> 0.94461111
B11: 0 | F11: 0 | H11: =F11*G11 -> 0 | AF11: =N11-K11 -> 0 | AG11: =N11/K11 -> #DIV/0!
B12: 0 | F12: 0 | H12: =F12*G12 -> 0 | AF12: =N12-K12 -> 0 | AG12: =N12/K12 -> #DIV/0!
B13: 0 | F13: 0 | H13: =F13*G13 -> 0 | AF13: =N13-K13 -> 0 | AG13: =N13/K13 -> #DIV/0!
B14: 0 | F14: 0 | H14: =F14*G14 -> 0 | W14: =(U14-T14)*24*60 -> 0
B15: 0 | F15: 0 | H15: =F15*G15 -> 0 | W15: =(U15-T15)*24*60 -> 0
B16: 0 | F16: 0 | H16: =F16*G16 -> 0 | W16: =(U16-T16)*24*60 -> 0
B17: 0 | C17: 4度一組 | D17: 平均 | J17: 19 | K17: 2533.3333 | L17: 133.76218 | M17: =AVERAGE(M5:M16) -> 19.666667 | N17: =AVERAGE(N5:N16) -> 2429.6501 | O17: =AVERAGE(O5:O16) -> 123.64362 | P17: =M17-J17 -> 0.66666667 | Q17: =O17-L17 -> -10.118566 | R17: =O17/L17 -> 0.92435406 | W17: =(U17-T17)*24*60 -> 0 | Z17: =SUM(Z5:Z16) -> 0 | AA17: =SUM(AA5:AA16) -> 0 | AD17: =SUM(AD5:AD16) -> 0 | AE17: =SUM(AE5:AE16) -> 0 | AF17: =N17-K17 -> -103.68324 | AG17: =N17/K17 -> 0.9590724
A18: 四度二組A 熱麵 固定線 (ET-55) | B18: 季節調理麵 | D18: 日式蕎麥沾麵 | F18: 36.86 | G18: 2352 | H18: =F18*G18 -> 86694.72 | J18: 17 | K18: 2250 | L18: 132.35294 | M18: 18 | N18: =G18/W18*60 -> 2138.1818 | O18: =N18/M18 -> 118.78788 | P18: =M18-J18 -> 1 | Q18: =O18-L18 -> -13.565062 | R18: =O18/L18 -> 0.89750842 | S18: =R30 -> 0.87398014 | T18: 0.16666667 | U18: 0.2125 | V18: 5 | W18: =(U18-T18)*24*60 -> 66 | AD18: 1 | AF18: =N18-K18 -> -111.81818 | AG18: =N18/K18 -> 0.95030303 | AH18: =AG30 -> 0.90751332
B19: 季節調理麵 | D19: 大滿足香辣涼麵 | F19: 38.630952 | G19: 995.2 | H19: =F19*G19 -> 38445.524 | J19: 18 | K19: 2600 | L19: 144.44444 | M19: 19 | N19: =G19/W19*60 -> 2388.48 | O19: =N19/M19 -> 125.70947 | P19: =M19-J19 -> 1 | Q19: =O19-L19 -> -18.734971 | R19: =O19/L19 -> 0.87029636 | T19: 0.21736111 | U19: 0.23472222 | V19: 7 | W19: =(U19-T19)*24*60 -> 25 | AD19: 1 | AF19: =N19-K19 -> -211.52 | AG19: =N19/K19 -> 0.91864615
B20: 熱食義麵 | D20: 愛恨椒芝麵 | F20: 38.39 | G20: 2083 | H20: =F20*G20 -> 79966.37 | J20: 16 | K20: 1636 | L20: 102.25 | M20: 17 | N20: =G20/W20*60 -> 1420.2273 | O20: =N20/M20 -> 83.542781 | P20: =M20-J20 -> 1 | Q20: =O20-L20 -> -18.707219 | R20: =O20/L20 -> 0.81704431 | T20: 0.25 | U20: 0.31111111 | V20: 22 | W20: =(U20-T20)*24*60 -> 88 | X20: 0.23819444 | Y20: 0.24722222 | AF20: =N20-K20 -> -215.77273 | AG20: =N20/K20 -> 0.86810958
B21: 小菜微波 | D21: 古早味炒炊粉 | F21: 43.14 | G21: 1600 | H21: =F21*G21 -> 69024 | J21: 16 | K21: 1440 | L21: 90 | M21: 16 | N21: =G21/W21*60 -> 1371.4286 | O21: =N21/M21 -> 85.714286 | P21: =M21-J21 -> 0 | Q21: =O21-L21 -> -4.2857143 | R21: =O21/L21 -> 0.95238095 | T21: 0.31597222 | U21: 0.36458333 | V21: 7 | W21: =(U21-T21)*24*60 -> 70 | AF21: =N21-K21 -> -68.571429 | AG21: =N21/K21 -> 0.95238095
B22: 熱食義麵 | D22: 辣腐乳麻醬拌麵 | F22: 38.1 | G22: 822 | H22: =F22*G22 -> 31318.2 | J22: 17 | K22: 1500 | L22: 88.235294 | M22: 16 | N22: =G22/W22*60 -> 1297.8947 | O22: =N22/M22 -> 81.118421 | P22: =M22-J22 -> -1 | Q22: =O22-L22 -> -7.1168731 | R22: =O22/L22 -> 0.91934211 | T22: 0.36944444 | U22: 0.39583333 | V22: 7 | W22: =(U22-T22)*24*60 -> 38 | AF22: =N22-K22 -> -202.10526 | AG22: =N22/K22 -> 0.86526316
B23: 季節調理麵 | D23: 大滿足香辣涼麵 | F23: 38.630952 | G23: 3980.8 | H23: =F23*G23 -> 153782.1 | J23: 18 | K23: 2600 | L23: 144.44444 | M23: 19 | N23: =G23/W23*60 -> 2388.48 | O23: =N23/M23 -> 125.70947 | P23: =M23-J23 -> 1 | Q23: =O23-L23 -> -18.734971 | R23: =O23/L23 -> 0.87029636 | T23: 0.43611111 | U23: 0.50555556 | V23: 5 | W23: =(U23-T23)*24*60 -> 100 | AF23: =N23-K23 -> -211.52 | AG23: =N23/K23 -> 0.91864615
B24: 季節調理麵 | D24: 日式蕎麥沾麵 | F24: 36.86 | G24: 1008 | H24: =F24*G24 -> 37154.88 | J24: 17 | K24: 2250 | L24: 132.35294 | M24: 18 | N24: =G24/W24*60 -> 1950.9677 | O24: =N24/M24 -> 108.3871 | P24: =M24-J24 -> 1 | Q24: =O24-L24 -> -23.965844 | R24: =O24/L24 -> 0.81892473 | T24: 0.51111111 | U24: 0.53263889 | V24: 8 | W24: =(U24-T24)*24*60 -> 31 | AF24: =N24-K24 -> -299.03226 | AG24: =N24/K24 -> 0.86709677
B25: 0 | F25: 0 | H25: =F25*G25 -> 0 | W25: =(U25-T25)*24*60 -> 0 | AF25: =N25-K25 -> 0 | AG25: =N25/K25 -> #DIV/0!
B26: 0 | F26: 0 | H26: =F26*G26 -> 0 | W26: =(U26-T26)*24*60 -> 0 | AF26: =N26-K26 -> 0 | AG26: =N26/K26 -> #DIV/0!
B27: 0 | F27: 0 | H27: =F27*G27 -> 0 | W27: =(U27-T27)*24*60 -> 0 | AF27: =N27-K27 -> 0 | AG27: =N27/K27 -> #DIV/0!
B28: 0 | F28: 0 | H28: =F28*G28 -> 0 | W28: =(U28-T28)*24*60 -> 0 | AF28: =N28-K28 -> 0 | AG28: =N28/K28 -> #DIV/0!
B29: 0 | F29: 0 | H29: =F29*G29 -> 0 | W29: =(U29-T29)*24*60 -> 0 | AF29: =N29-K29 -> 0
B30: 0 | C30: 4度二組A | D30: 平均 | J30: 17 | K30: 2039.4286 | L30: 119.1543 | M30: =AVERAGE(M18:M29) -> 17.571429 | N30: =AVERAGE(N18:N29) -> 1850.8086 | O30: =AVERAGE(O18:O29) -> 104.13849 | P30: =M30-J30 -> 0.57142857 | Q30: =O30-L30 -> -15.015808 | R30: =O30/L30 -> 0.87398014 | Z30: =SUM(Z18:Z29) -> 0 | AA30: =SUM(AA18:AA29) -> 0 | AD30: =SUM(AD18:AD29) -> 2 | AE30: =SUM(AE18:AE29) -> 0 | AF30: =N30-K30 -> -188.61998 | AG30: =N30/K30 -> 0.90751332
A31: 四度二組 (ET-55) | B31: 飯糰 | D31: 大口日式塔塔醬蝦排飯糰 | F31: 35.33 | G31: 1822 | H31: =F31*G31 -> 64371.26 | J31: 12 | K31: 2118 | L31: 176.5 | M31: 12 | N31: =G31/W31*60 -> 1852.8814 | O31: =N31/M31 -> 154.40678 | P31: =M31-J31 -> 0 | Q31: =O31-L31 -> -22.09322 | R31: =O31/L31 -> 0.87482595 | S31: =R43 -> 0.84909581 | T31: 0.16666667 | U31: 0.20763889 | V31: 5 | W31: =(U31-T31)*24*60 -> 59 | AF31: =N31-K31 -> -265.11864 | AG31: =N31/K31 -> 0.87482595 | AH31: =AG43 -> 0.85326359
B32: 飯糰 | D32: 大口起司熔岩白醬炸魚飯糰 | F32: 34.23 | G32: 1663 | H32: =F32*G32 -> 56924.49 | J32: 12 | K32: 2118 | L32: 176.5 | M32: 12 | N32: =G32/W32*60 -> 1847.7778 | O32: =N32/M32 -> 153.98148 | P32: =M32-J32 -> 0 | Q32: =O32-L32 -> -22.518519 | R32: =O32/L32 -> 0.87241633 | T32: 0.21319444 | U32: 0.25069444 | V32: 8 | W32: =(U32-T32)*24*60 -> 54 | AF32: =N32-K32 -> -270.22222 | AG32: =N32/K32 -> 0.87241633
B33: 飯糰 | D33: 大口義式香草雞腿排飯糰 | F33: 36.41 | G33: 1931.2 | H33: =F33*G33 -> 70314.992 | J33: 10 | K33: 2769 | L33: 276.9 | M33: 10 | N33: =G33/W33*60 -> 2228.3077 | O33: =N33/M33 -> 222.83077 | P33: =M33-J33 -> 0 | Q33: =O33-L33 -> -54.069231 | R33: =O33/L33 -> 0.80473373 | T33: 0.26527778 | U33: 0.30138889 | V33: 21 | W33: =(U33-T33)*24*60 -> 52 | X33: 0.25416667 | Y33: 0.2625 | AF33: =N33-K33 -> -540.69231 | AG33: =N33/K33 -> 0.80473373
B34: 熱食義麵 | D34: 炸醬炒泡麵 | F34: 47.6 | G34: 4980.15 | H34: =F34*G34 -> 237055.14 | J34: 15 | K34: 1500 | L34: 100 | M34: 15 | N34: =G34/W34*60 -> 1328.04 | O34: =N34/M34 -> 88.536 | P34: =M34-J34 -> 0 | Q34: =O34-L34 -> -11.464 | R34: =O34/L34 -> 0.88536 | T34: 0.30625 | U34: 0.4625 | V34: 7 | W34: =(U34-T34)*24*60 -> 225 | AF34: =N34-K34 -> -171.96 | AG34: =N34/K34 -> 0.88536
B35: 0 | F35: 0 | H35: =F35*G35 -> 0 | W35: =(U35-T35)*24*60 -> 0 | AF35: =N35-K35 -> 0 | AG35: =N35/K35 -> #DIV/0!
B36: 0 | F36: 0 | H36: =F36*G36 -> 0 | W36: =(U36-T36)*24*60 -> 0 | AF36: =N36-K36 -> 0 | AG36: =N36/K36 -> #DIV/0!
B37: 0 | F37: 0 | H37: =F37*G37 -> 0 | W37: =(U37-T37)*24*60 -> 0 | AF37: =N37-K37 -> 0 | AG37: =N37/K37 -> #DIV/0!
B38: 0 | F38: 0 | H38: =F38*G38 -> 0 | W38: =(U38-T38)*24*60 -> 0 | AF38: =N38-K38 -> 0 | AG38: =N38/K38 -> #DIV/0!
B39: 0 | F39: 0 | H39: =F39*G39 -> 0 | W39: =(U39-T39)*24*60 -> 0 | AF39: =N39-K39 -> 0 | AG39: =N39/K39 -> #DIV/0!
B40: 0 | F40: 0 | H40: =F40*G40 -> 0 | W40: =(U40-T40)*24*60 -> 0 | AF40: =N40-K40 -> 0 | AG40: =N40/K40 -> #DIV/0!
B41: 0 | F41: 0 | W41: =(U41-T41)*24*60 -> 0
B42: 0 | F42: 0 | H42: =F42*G42 -> 0 | W42: =(U42-T42)*24*60 -> 0
B43: 0 | C43: 4度二組B | D43: 平均 | J43: 12.25 | K43: 2126.25 | L43: 182.475 | M43: =AVERAGE(M31:M42) -> 12.25 | N43: =AVERAGE(N31:N42) -> 1814.2517 | O43: =AVERAGE(O31:O42) -> 154.93876 | P43: =M43-J43 -> 0 | Q43: =N43-K43 -> -311.99829 | R43: =O43/L43 -> 0.84909581 | Z43: =SUM(Z31:Z42) -> 0 | AA43: =SUM(AA31:AA42) -> 0 | AD43: =SUM(AD31:AD42) -> 0 | AE43: =SUM(AE31:AE42) -> 0 | AF43: =N43-K43 -> -311.99829 | AG43: =N43/K43 -> 0.85326359
A44: 四度二組 (烤飯糰/八爪機) | B44: 飯糰 | D44: 淡麗清酒蒸蛤蜊烤飯糰 | F44: 24.73 | G44: 1818 | H44: =F44*G44 -> 44959.14 | J44: 4 | K44: 2000 | L44: 500 | M44: 5 | N44: =G44/W44*60 -> 2138.8235 | O44: =N44/M44 -> 427.76471 | P44: =M44-J44 -> 1 | Q44: =O44-L44 -> -72.235294 | R44: =O44/L44 -> 0.85552941 | S44: =R56 -> 0.88559699 | T44: 0.16666667 | U44: 0.20208333 | V44: 5 | W44: =(U44-T44)*24*60 -> 51 | AF44: =N44-K44 -> 138.82353 | AG44: =N44/K44 -> 1.0694118 | AH44: =AG56 -> 1.0174023
B45: 飯糰 | D45: 糖燻野郎起司炙燒牛烤飯糰 | F45: 24.73 | G45: 1611 | H45: =F45*G45 -> 39840.03 | J45: 4 | K45: 2000 | L45: 500 | M45: 5 | N45: =G45/W45*60 -> 2148 | O45: =N45/M45 -> 429.6 | P45: =M45-J45 -> 1 | Q45: =O45-L45 -> -70.4 | R45: =O45/L45 -> 0.8592 | T45: 0.20555556 | U45: 0.23680556 | V45: 5 | W45: =(U45-T45)*24*60 -> 45 | AF45: =N45-K45 -> 148 | AG45: =N45/K45 -> 1.074
B46: 飯糰 | D46: 蟹味可樂餅風炸飯糰 | F46: 21.92 | G46: 807 | H46: =F46*G46 -> 17689.44 | J46: 4 | K46: 2000 | L46: 500 | M46: 5 | N46: =G46/W46*60 -> 2105.2174 | O46: =N46/M46 -> 421.04348 | P46: =M46-J46 -> 1 | Q46: =O46-L46 -> -78.956522 | R46: =O46/L46 -> 0.84208696 | T46: 0.24027778 | U46: 0.25625 | V46: 5 | W46: =(U46-T46)*24*60 -> 23 | AF46: =N46-K46 -> 105.21739 | AG46: =N46/K46 -> 1.0526087
B47: 小菜微波 | D47: 媽媽煮藝-鹹酥雞 | F47: 31.43 | G47: 1846 | H47: =F47*G47 -> 58019.78 | J47: 7 | K47: 1500 | L47: 214.28571 | M47: 7 | N47: =G47/W47*60 -> 1367.4074 | O47: =N47/M47 -> 195.34392 | P47: =M47-J47 -> 0 | Q47: =O47-L47 -> -18.941799 | R47: =O47/L47 -> 0.91160494 | T47: 0.27361111 | U47: 0.32986111 | V47: 25 | W47: =(U47-T47)*24*60 -> 81 | X47: 0.25972222 | Y47: 0.27083333 | AF47: =N47-K47 -> -132.59259 | AG47: =N47/K47 -> 0.91160494
B48: 小菜微波 | D48: Q彈燕麥飯 | F48: 11.26 | G48: 3840 | H48: =F48*G48 -> 43238.4 | J48: 6 | K48: 1500 | L48: 250 | M48: 6 | N48: =G48/W48*60 -> 1476.9231 | O48: =N48/M48 -> 246.15385 | P48: =M48-J48 -> 0 | Q48: =O48-L48 -> -3.8461538 | R48: =O48/L48 -> 0.98461538 | T48: 0.35069444 | U48: 0.45902778 | V48: 30 | W48: =(U48-T48)*24*60 -> 156 | X48: 0.33333333 | Y48: 0.34791667 | AF48: =N48-K48 -> -23.076923 | AG48: =N48/K48 -> 0.98461538
B49: 微波主食 | D49: 優質池上飯 | F49: 10.09 | G49: 3688.2 | H49: =F49*G49 -> 37213.938 | J49: 6 | K49: 1500 | L49: 250 | M49: 6 | N49: =G49/W49*60 -> 1446.3529 | O49: =N49/M49 -> 241.05882 | P49: =M49-J49 -> 0 | Q49: =O49-L49 -> -8.9411765 | R49: =O49/L49 -> 0.96423529 | T49: 0.47986111 | U49: 0.58611111 | V49: 30 | W49: =(U49-T49)*24*60 -> 153 | X49: 0.4625 | Y49: 0.47708333 | AF49: =N49-K49 -> -53.647059 | AG49: =N49/K49 -> 0.96423529
B50: 0 | F50: 0 | H50: =F50*G50 -> 0 | AF50: =N50-K50 -> 0 | AG50: =N50/K50 -> #DIV/0!
B51: 0 | F51: 0 | AF51: =N51-K51 -> 0 | AG51: =N51/K51 -> #DIV/0!
B52: 0 | F52: 0 | H52: =F52*G52 -> 0 | W52: =(U52-T52)*24*60 -> 0 | AF52: =N52-K52 -> 0 | AG52: =N52/K52 -> #DIV/0!
B53: 0 | F53: 0 | H53: =F53*G53 -> 0 | W53: =(U53-T53)*24*60 -> 0 | AF53: =N53-K53 -> 0 | AG53: =N53/K53 -> #DIV/0!
B54: 0 | F54: 0 | H54: =F54*G54 -> 0 | W54: =(U54-T54)*24*60 -> 0 | AF54: =N54-K54 -> 0 | AG54: =N54/K54 -> #DIV/0!
B55: 0 | F55: 0 | H55: =F55*G55 -> 0 | W55: =(U55-T55)*24*60 -> 0
B56: 0 | C56: 4度二組C1 | D56: 平均 | J56: 5.1666667 | K56: 1750 | L56: 369.04762 | M56: =AVERAGE(M44:M55) -> 5.6666667 | N56: =AVERAGE(N44:N55) -> 1780.4541 | O56: =AVERAGE(O44:O55) -> 326.82746 | P56: =M56-J56 -> 0.5 | Q56: =N56-K56 -> 30.454058 | R56: =O56/L56 -> 0.88559699 | W56: =(U56-T56)*24*60 -> 0 | Z56: =SUM(Z44:Z55) -> 0 | AA56: =SUM(AA44:AA55) -> 0 | AD56: =SUM(AD44:AD55) -> 0 | AE56: =SUM(AE44:AE55) -> 0 | AF56: =N56-K56 -> 30.454058 | AG56: =N56/K56 -> 1.0174023
A57: 四度二組 (烤飯糰/十爪機) | B57: 小菜微波 | D57: 糖燻豬耳絲 | F57: 28.26 | G57: 1475 | H57: =F57*G57 -> 41683.5 | J57: 7 | K57: 1500 | L57: 214.28571 | M57: 7 | N57: =G57/W57*60 -> 1450.8197 | O57: =N57/M57 -> 207.25995 | P57: =M57-J57 -> 0 | Q57: =O57-L57 -> -7.0257611 | R57: =O57/L57 -> 0.96721311 | S57: =R69 -> 0.9768157 | T57: 0.16666667 | U57: 0.20902778 | V57: 5 | W57: =(U57-T57)*24*60 -> 61 | AF57: =N57-K57 -> -49.180328 | AG57: =N57/K57 -> 0.96721311 | AH57: =AG69 -> 0.97740998
B58: 小菜微波 | D58: 燻之味-糖燻雞胗 | F58: 27.88 | G58: 2070 | H58: =F58*G58 -> 57711.6 | J58: 7 | K58: 1500 | L58: 214.28571 | M58: 7 | N58: =G58/W58*60 -> 1478.5714 | O58: =N58/M58 -> 211.22449 | P58: =M58-J58 -> 0 | Q58: =O58-L58 -> -3.0612245 | R58: =O58/L58 -> 0.98571429 | T58: 0.22638889 | U58: 0.28472222 | V58: 25 | W58: =(U58-T58)*24*60 -> 84 | X58: 0.2125 | Y58: 0.22361111 | AF58: =N58-K58 -> -21.428571 | AG58: =N58/K58 -> 0.98571429
B59: 小菜微波 | D59: 韓式蒜味炸雞 | F59: 28 | G59: 2970 | H59: =F59*G59 -> 83160 | J59: 7 | K59: 1500 | L59: 214.28571 | M59: 7 | N59: =G59/W59*60 -> 1497.479 | O59: =N59/M59 -> 213.92557 | P59: =M59-J59 -> 0 | Q59: =O59-L59 -> -0.36014406 | R59: =O59/L59 -> 0.99831933 | T59: 0.30208333 | U59: 0.38472222 | V59: 25 | W59: =(U59-T59)*24*60 -> 119 | X59: 0.28819444 | Y59: 0.29930556 | AF59: =N59-K59 -> -2.5210084 | AG59: =N59/K59 -> 0.99831933
B60: 微波主食 | D60: 優質池上飯 | F60: 10.09 | G60: 4781 | H60: =F60*G60 -> 48240.29 | J60: 6 | K60: 1500 | L60: 250 | M60: 6 | N60: =G60/W60*60 -> 1441.5075 | O60: =N60/M60 -> 240.25126 | P60: =M60-J60 -> 0 | Q60: =O60-L60 -> -9.7487437 | R60: =O60/L60 -> 0.96100503 | T60: 0.40555556 | U60: 0.54375 | V60: 30 | W60: =(U60-T60)*24*60 -> 199 | X60: 0.38819444 | Y60: 0.40277778 | AF60: =N60-K60 -> -58.492462 | AG60: =N60/K60 -> 0.96100503
B61: 微波主食 | D61: 優質池上飯 | F61: 10.09 | G61: 5190.8 | H61: =F61*G61 -> 52375.172 | J61: 6 | K61: 1500 | L61: 250 | M61: 6 | N61: =G61/W61*60 -> 1462.1972 | O61: =N61/M61 -> 243.69953 | P61: =M61-J61 -> 0 | Q61: =O61-L61 -> -6.3004695 | R61: =O61/L61 -> 0.97479812 | T61: 0.56458333 | U61: 0.7125 | V61: 30 | W61: =(U61-T61)*24*60 -> 213 | X61: 0.54722222 | Y61: 0.56180556 | AF61: =N61-K61 -> -37.802817 | AG61: =N61/K61 -> 0.97479812
B62: 0 | F62: 0 | H62: =F62*G62 -> 0 | W62: =(U62-T62)*24*60 -> 0 | AF62: =N62-K62 -> 0 | AG62: =N62/K62 -> #DIV/0!
B63: 0 | F63: 0 | H63: =F63*G63 -> 0 | W63: =(U63-T63)*24*60 -> 0 | AF63: =N63-K63 -> 0 | AG63: =N63/K63 -> #DIV/0!
B64: 0 | F64: 0 | H64: =F64*G64 -> 0 | W64: =(U64-T64)*24*60 -> 0 | AF64: =N64-K64 -> 0 | AG64: =N64/K64 -> #DIV/0!
B65: 0 | F65: 0 | H65: =F65*G65 -> 0 | W65: =(U65-T65)*24*60 -> 0 | AF65: =N65-K65 -> 0 | AG65: =N65/K65 -> #DIV/0!
B66: 0 | F66: 0 | H66: =F66*G66 -> 0 | W66: =(U66-T66)*24*60 -> 0 | AF66: =N66-K66 -> 0 | AG66: =N66/K66 -> #DIV/0!
B67: 0 | F67: 0 | H67: =F67*G67 -> 0 | W67: =(U67-T67)*24*60 -> 0 | AF67: =N67-K67 -> 0 | AG67: =N67/K67 -> #DIV/0!
B68: 0 | F68: 0 | H68: =F68*G68 -> 0 | W68: =(U68-T68)*24*60 -> 0
B69: 0 | C69: 4度二組C2 | D69: 平均 | J69: 6.6 | K69: 1500 | L69: 228.57143 | M69: =AVERAGE(M57:M68) -> 6.6 | N69: =AVERAGE(N57:N68) -> 1466.115 | O69: =AVERAGE(O57:O68) -> 223.27216 | P69: =M69-J69 -> 0 | Q69: =N69-K69 -> -33.885037 | R69: =O69/L69 -> 0.9768157 | W69: =(U69-T69)*24*60 -> 0 | Z69: =SUM(Z57:Z68) -> 0 | AA69: =SUM(AA57:AA68) -> 0 | AD69: =SUM(AD57:AD68) -> 0 | AE69: =SUM(AE57:AE68) -> 0 | AF69: =N69-K69 -> -33.885037 | AG69: =N69/K69 -> 0.97740998
A70: 四度三組 (ET-55) | B70: 熱食義麵 | D70: 蕃茄起司手工千層麵(區2) | F70: 62.13 | G70: 399 | H70: =F70*G70 -> 24789.87 | J70: 14 | K70: 1500 | L70: 107.14286 | M70: 13 | N70: =G70/W70*60 -> 1260 | O70: =N70/M70 -> 96.923077 | P70: =M70-J70 -> -1 | Q70: =O70-L70 -> -10.21978 | R70: =O70/L70 -> 0.90461538 | S70: =R82 -> 0.88080645 | T70: 0.29166667 | U70: 0.30486111 | V70: 5 | W70: =(U70-T70)*24*60 -> 19 | AF70: =N70-K70 -> -240 | AG70: =N70/K70 -> 0.84 | AH70: =AG82 -> 0.8673146
B71: 便當 | D71: 嘉義劉里長雞肉飯 | F71: 47.65 | G71: 1728 | H71: =F71*G71 -> 82339.2 | J71: 18 | K71: 1440 | L71: 80 | M71: 18 | N71: =G71/W71*60 -> 1346.4935 | O71: =N71/M71 -> 74.805195 | P71: =M71-J71 -> 0 | Q71: =O71-L71 -> -5.1948052 | R71: =O71/L71 -> 0.93506494 | T71: 0.30972222 | U71: 0.36319444 | V71: 7 | W71: =(U71-T71)*24*60 -> 77 | AF71: =N71-K71 -> -93.506494 | AG71: =N71/K71 -> 0.93506494
B72: 微波主食 | D72: 日式中濃醬炭火漢堡排飯 | F72: 56.85 | G72: 1921 | H72: =F72*G72 -> 109208.85 | J72: 18 | K72: 1636 | L72: 90.888889 | M72: 18 | N72: =G72/W72*60 -> 1200.625 | O72: =N72/M72 -> 66.701389 | P72: =M72-J72 -> 0 | Q72: =O72-L72 -> -24.1875 | R72: =O72/L72 -> 0.73387836 | T72: 0.37847222 | U72: 0.44513889 | V72: 22 | W72: =(U72-T72)*24*60 -> 96 | X72: 0.36666667 | Y72: 0.37569444 | AE72: 1 | AF72: =N72-K72 -> -435.375 | AG72: =N72/K72 -> 0.73387836
B73: 便當 | D73: 香腸腿排雙拼便當 | F73: 53.76 | G73: 1769 | H73: =F73*G73 -> 95101.44 | J73: 16 | K73: 1440 | L73: 90 | M73: 16 | N73: =G73/W73*60 -> 1343.5443 | O73: =N73/M73 -> 83.971519 | P73: =M73-J73 -> 0 | Q73: =O73-L73 -> -6.028481 | R73: =O73/L73 -> 0.93301688 | T73: 0.48541667 | U73: 0.54027778 | V73: 5 | W73: =(U73-T73)*24*60 -> 79 | AF73: =N73-K73 -> -96.455696 | AG73: =N73/K73 -> 0.93301688
B74: 便當 | D74: 新招牌腿排便當 | F74: 47.51 | G74: 2236 | H74: =F74*G74 -> 106232.36 | J74: 17 | K74: 1440 | L74: 84.705882 | M74: 17 | N74: =G74/W74*60 -> 1341.6 | O74: =N74/M74 -> 78.917647 | P74: =M74-J74 -> 0 | Q74: =O74-L74 -> -5.7882353 | R74: =O74/L74 -> 0.93166667 | T74: 0.55625 | U74: 0.62569444 | V74: 23 | W74: =(U74-T74)*24*60 -> 100 | X74: 0.54375 | Y74: 0.55347222 | AF74: =N74-K74 -> -98.4 | AG74: =N74/K74 -> 0.93166667
B75: 微波主食 | D75: 壹號醬壽喜燒牛丼 | F75: 54.09 | G75: 1254.15 | H75: =F75*G75 -> 67836.974 | J75: 18 | K75: 1500 | L75: 83.333333 | M75: 18 | N75: =G75/W75*60 -> 1275.4068 | O75: =N75/M75 -> 70.855932 | P75: =M75-J75 -> 0 | Q75: =O75-L75 -> -12.477401 | R75: =O75/L75 -> 0.85027119 | T75: 0.63125 | U75: 0.67222222 | V75: 8 | W75: =(U75-T75)*24*60 -> 59 | AF75: =N75-K75 -> -224.59322 | AG75: =N75/K75 -> 0.85027119
B76: 0 | F76: 0 | H76: =F76*G76 -> 0 | AF76: =N76-K76 -> 0 | AG76: =N76/K76 -> #DIV/0!
B77: 0 | F77: 0 | H77: =F77*G77 -> 0 | AF77: =N77-K77 -> 0 | AG77: =N77/K77 -> #DIV/0!
B78: 0 | F78: 0 | H78: =F78*G78 -> 0 | W78: =(U78-T78)*24*60 -> 0 | AF78: =N78-K78 -> 0 | AG78: =N78/K78 -> #DIV/0!
B79: 0 | F79: 0 | H79: =F79*G79 -> 0 | W79: =(U79-T79)*24*60 -> 0 | AF79: =N79-K79 -> 0 | AG79: =N79/K79 -> #DIV/0!
B80: 0 | H80: =F80*G80 -> 0 | W80: =(U80-T80)*24*60 -> 0 | AF80: =N80-K80 -> 0 | AG80: =N80/K80 -> #DIV/0!
B81: 0 | W81: =(U81-T81)*24*60 -> 0
B82: 0 | C82: 4度三組 | D82: 平均 | J82: 16.833333 | K82: 1492.6667 | L82: 89.34516 | M82: =AVERAGE(M70:M81) -> 16.666667 | N82: =AVERAGE(N70:N81) -> 1294.6116 | O82: =AVERAGE(O70:O81) -> 78.695793 | P82: =M82-J82 -> -0.16666667 | Q82: =N82-K82 -> -198.05507 | R82: =O82/L82 -> 0.88080645 | Z82: =SUM(Z70:Z81) -> 0 | AA82: =SUM(AA70:AA81) -> 0 | AD82: =SUM(AD70:AD81) -> 0 | AE82: =SUM(AE70:AE81) -> 1 | AF82: =N82-K82 -> -198.05507 | AG82: =N82/K82 -> 0.8673146
A83: 四度四組 (ET-55) | B83: 微波主食 | D83: 壹號醬壽喜燒牛丼 | F83: 54.09 | G83: 1532.85 | H83: =F83*G83 -> 82911.857 | J83: 18 | K83: 1500 | L83: 83.333333 | M83: 18 | N83: =G83/W83*60 -> 1352.5147 | O83: =N83/M83 -> 75.139706 | P83: =M83-J83 -> 0 | Q83: =O83-L83 -> -8.1936275 | R83: =O83/L83 -> 0.90167647 | S83: =R95 -> 0.88983228 | T83: 0.33333333 | U83: 0.38055556 | V83: 5 | W83: =(U83-T83)*24*60 -> 68 | AF83: =N83-K83 -> -147.48529 | AG83: =N83/K83 -> 0.90167647 | AH83: =AG95 -> 0.8810234
B84: 便當 | D84: 好吃雞肉便當 | F84: 53.36 | G84: 3126.66 | H84: =F84*G84 -> 166838.58 | J84: 19 | K84: 1440 | L84: 75.789474 | M84: 19 | N84: =G84/W84*60 -> 1330.4936 | O84: =N84/M84 -> 70.02598 | P84: =M84-J84 -> 0 | Q84: =O84-L84 -> -5.7634938 | R84: =O84/L84 -> 0.9239539 | T84: 0.39583333 | U84: 0.49375 | V84: 22 | W84: =(U84-T84)*24*60 -> 141 | X84: 0.38402778 | Y84: 0.39305556 | AF84: =N84-K84 -> -109.50638 | AG84: =N84/K84 -> 0.9239539
B85: 便當 | D85: 海陸雙拼肉肉餐盒 | F85: 59.54 | G85: 1229 | H85: =F85*G85 -> 73174.66 | J85: 18 | K85: 1385 | L85: 76.944444 | M85: 18 | N85: =G85/W85*60 -> 1271.3793 | O85: =N85/M85 -> 70.632184 | P85: =M85-J85 -> 0 | Q85: =O85-L85 -> -6.3122605 | R85: =O85/L85 -> 0.9179634 | T85: 0.53402778 | U85: 0.57430556 | V85: 5 | W85: =(U85-T85)*24*60 -> 58 | AF85: =N85-K85 -> -113.62069 | AG85: =N85/K85 -> 0.9179634
B86: 便當 | D86: 香檸奶油魚排蔬滿盒 | F86: 73.94 | G86: 1226.42 | H86: =F86*G86 -> 90681.495 | J86: 19 | K86: 1440 | L86: 75.789474 | M86: 18 | N86: =G86/W86*60 -> 1314.0214 | O86: =N86/M86 -> 73.00119 | P86: =M86-J86 -> -1 | Q86: =O86-L86 -> -2.7882832 | R86: =O86/L86 -> 0.96321015 | T86: 0.59027778 | U86: 0.62916667 | V86: 23 | W86: =(U86-T86)*24*60 -> 56 | X86: 0.57777778 | Y86: 0.5875 | AF86: =N86-K86 -> -125.97857 | AG86: =N86/K86 -> 0.91251488
B87: 便當 | D87: 好吃雞肉便當 | F87: 53.36 | G87: 686.34 | H87: =F87*G87 -> 36623.102 | I87: 1 | J87: 19 | K87: 1440 | L87: 75.789474 | M87: 19 | N87: =G87/W87*60 -> 1211.1882 | O87: =N87/M87 -> 63.746749 | P87: =M87-J87 -> 0 | Q87: =O87-L87 -> -12.042724 | R87: =O87/L87 -> 0.84110294 | T87: 0.63402778 | U87: 0.65763889 | V87: 7 | W87: =(U87-T87)*24*60 -> 34 | AF87: =N87-K87 -> -228.81176 | AG87: =N87/K87 -> 0.84110294
B88: 便當 | D88: 香檸奶油魚排蔬滿盒 | F88: 73.94 | G88: 151.58 | H88: =F88*G88 -> 11207.825 | I88: 1 | J88: 19 | K88: 1440 | L88: 75.789474 | M88: 19 | N88: =G88/W88*60 -> 1136.85 | O88: =N88/M88 -> 59.834211 | P88: =M88-J88 -> 0 | Q88: =O88-L88 -> -15.955263 | R88: =O88/L88 -> 0.78947917 | T88: 0.66180556 | U88: 0.66736111 | V88: 6 | W88: =(U88-T88)*24*60 -> 8 | AE88: 1 | AF88: =N88-K88 -> -303.15 | AG88: =N88/K88 -> 0.78947917
B89: 0 | F89: 0 | H89: =F89*G89 -> 0 | AF89: =N89-K89 -> 0 | AG89: =N89/K89 -> #DIV/0!
B90: 0 | F90: 0 | H90: =F90*G90 -> 0 | AF90: =N90-K90 -> 0 | AG90: =N90/K90 -> #DIV/0!
B91: 0 | F91: 0 | H91: =F91*G91 -> 0 | W91: =(U91-T91)*24*60 -> 0 | AF91: =N91-K91 -> 0 | AG91: =N91/K91 -> #DIV/0!
B92: 0 | F92: 0 | H92: =F92*G92 -> 0 | AF92: =N92-K92 -> 0 | AG92: =N92/K92 -> #DIV/0!
B93: 0 | F93: 0 | H93: =F93*G93 -> 0 | W93: =(U93-T93)*24*60 -> 0 | AF93: =N93-K93 -> 0 | AG93: =N93/K93 -> #DIV/0!
B94: 0 | F94: 0 | H94: =F94*G94 -> 0 | W94: =(U94-T94)*24*60 -> 0 | AF94: =N94-K94 -> 0 | AG94: =N94/K94 -> #DIV/0!
B95: 0 | C95: 4度四組 | D95: 平均 | J95: 18.666667 | K95: 1440.8333 | L95: 77.239279 | M95: =AVERAGE(M83:M94) -> 18.5 | N95: =AVERAGE(N83:N94) -> 1269.4079 | O95: =AVERAGE(O83:O94) -> 68.730003 | P95: =M95-J95 -> -0.16666667 | Q95: =O95-L95 -> -8.5092754 | R95: =O95/L95 -> 0.88983228 | Z95: =SUM(Z83:Z94) -> 0 | AA95: =SUM(AA83:AA94) -> 0 | AD95: =SUM(AD83:AD94) -> 0 | AE95: =SUM(AE83:AE94) -> 1 | AF95: =N95-K95 -> -171.42545 | AG95: =N95/K95 -> 0.8810234
A96: 四度五組 (ET-55) | B96: 小菜微波 | D96: 媽媽煮藝-香滷牛肚絲 | F96: 36.92 | G96: 1926 | H96: =F96*G96 -> 71107.92 | J96: 6 | K96: 1636 | L96: 272.66667 | M96: 6 | N96: =G96/W96*60 -> 1540.8 | O96: =N96/M96 -> 256.8 | P96: =M96-J96 -> 0 | Q96: =O96-L96 -> -15.866667 | R96: =O96/L96 -> 0.94180929 | S96: =R108 -> 0.9071179 | T96: 0.33333333 | U96: 0.38541667 | V96: 5 | W96: =(U96-T96)*24*60 -> 75 | AF96: =N96-K96 -> -95.2 | AG96: =N96/K96 -> 0.94180929 | AH96: =AG108 -> 0.8974569
B97: 小菜微波 | D97: 香辣醬粉絲煲 | F97: 29.11315 | G97: 2920.5 | H97: =F97*G97 -> 85024.954 | J97: 20 | K97: 1500 | L97: 75 | M97: 20 | N97: =G97/W97*60 -> 1436.3115 | O97: =N97/M97 -> 71.815574 | P97: =M97-J97 -> 0 | Q97: =O97-L97 -> -3.1844262 | R97: =O97/L97 -> 0.95754098 | T97: 0.40069444 | U97: 0.48541667 | V97: 22 | W97: =(U97-T97)*24*60 -> 122 | X97: 0.38888889 | Y97: 0.39791667 | AF97: =N97-K97 -> -63.688525 | AG97: =N97/K97 -> 0.95754098
B98: 便當 | D98: 嫩烤香料雞胸排蔬滿盒 | F98: 77.34 | G98: 744 | H98: =F98*G98 -> 57540.96 | J98: 18 | K98: 1440 | L98: 80 | M98: 18 | N98: =G98/W98*60 -> 1275.4286 | O98: =N98/M98 -> 70.857143 | P98: =M98-J98 -> 0 | Q98: =O98-L98 -> -9.1428571 | R98: =O98/L98 -> 0.88571429 | T98: 0.52569444 | U98: 0.55 | V98: 5 | W98: =(U98-T98)*24*60 -> 35 | AF98: =N98-K98 -> -164.57143 | AG98: =N98/K98 -> 0.88571429
B99: 便當 | D99: 美式雞丁餐盒 | F99: 59.34 | G99: 834 | H99: =F99*G99 -> 49489.56 | J99: 17 | K99: 1440 | L99: 84.705882 | M99: 17 | N99: =G99/W99*60 -> 1251 | O99: =N99/M99 -> 73.588235 | P99: =M99-J99 -> 0 | Q99: =O99-L99 -> -11.117647 | R99: =O99/L99 -> 0.86875 | T99: 0.55416667 | U99: 0.58194444 | V99: 6 | W99: =(U99-T99)*24*60 -> 40 | AF99: =N99-K99 -> -189 | AG99: =N99/K99 -> 0.86875
B100: 便當 | D100: 蔬活腿排補力餐盒 | F100: 71.55 | G100: 830 | H100: =F100*G100 -> 59386.5 | J100: 18 | K100: 1385 | L100: 76.944444 | M100: 18 | N100: =G100/W100*60 -> 1214.6341 | O100: =N100/M100 -> 67.479675 | P100: =M100-J100 -> 0 | Q100: =O100-L100 -> -9.4647696 | R100: =O100/L100 -> 0.87699216 | T100: 0.58680556 | U100: 0.61527778 | V100: 7 | W100: =(U100-T100)*24*60 -> 41 | AF100: =N100-K100 -> -170.36585 | AG100: =N100/K100 -> 0.87699216
...

Sheet 0404
B1: 晉欣廠組合室生產人時性分析
B3: 日期 | D3: 04月04日 星期 六 | F3: 訂單量 | H3: 204793 | J3: 營業額 | L3: 6851226.9
B4: 項目 | D4: 項目 | F4: ➀ | H4: ➁ | J4: ➂ | L4: ➃ | N4: 異常停線 | P4: 短暫停線
B5: 人時性 | D5: 組合室 | F5: 全溫層 | H5: 4度C(含4度飯糰) | J5: 18度C 一配 | L5: 18度C 二配 | N5: 合計次數 | O5: 時間 | P5: 合計次數 | Q5: 設備次數
D6: 排關平均 | F6: =AVERAGE(D13:O13,P13:Q13,D30:E30,G30:H30,J30:M30) -> 384.24554 | H6: =AVERAGE(D13:P13,Q13) -> 141.67157 | J6: =AVERAGE(D30:E30,G30:H30) -> 736.25 | L6: =AVERAGE(J30:M30) -> 881.25 | N6: 0 | O6: 0 | P6: 2 | Q6: 4
D7: 實績平均 | F7: =AVERAGE(D14:O14,P14:Q14,D31:E31,J31:M31,G31:H31) -> 358.65605 | H7: =AVERAGE(D14:P14,Q14) -> 128.29244 | J7: =AVERAGE(D31:E31,G31:H31) -> 747.61647 | L7: =AVERAGE(J31:M31) -> 775.96825
D8: 達成率平均 | F8: =AVERAGE(D15:O15,P15:Q15,D32:E32,G32:H32,J32:K32,L32) -> 0.91148697 | H8: =AVERAGE(D15:O15,P15:Q15) -> 0.90045522 | J8: =AVERAGE(D32:E32,G32:H32) -> 0.9916955 | L8: =AVERAGE(J32:M32) -> 0.87965854
B10: 溫層 | D10: ➁4度C-各編組展開
B11: 編組 | D11: 1 | E11: 2 | F11: 3 | G11: 4 | H11: 5 | I11: 6 | J11: 7 | K11: 8 | L11: 9 | M11: 10 | N11: 11 | O11: 12 | P11: 13 | Q11: 14
D12: 4度一組 | E12: 4度二組A | F12: 4度二組B | G12: 4度二組C1 | H12: 4度二組C2 | I12: 4度三組 | J12: 4度四組 | K12: 4度五組 | L12: 綜合一組 | M12: 綜合二組 | N12: 綜合三組 | O12: 綜合四組 | P12: 便當組 | Q12: 壽司線
B13: 人時性 | C13: 排關 | D13: 133.76218 | E13: 116.95452 | F13: 182.475 | G13: 369.04762 | H13: 228.57143 | I13: 88.789605 | J13: 77.52924 | K13: 112.10839 | L13: 97.119048 | M13: 84.016229 | N13: 84.321731 | O13: 79.853801 | P13: 178.85319 | Q13: 150
C14: 實績 | D14: 124.97611 | E14: 103.22017 | F14: 156.90287 | G14: 329.83247 | H14: 224.85632 | I14: 79.254981 | J14: 71.001372 | K14: 103.21281 | L14: 83.363294 | M14: 75.221611 | N14: 78.476348 | O14: 65.02725 | P14: 167.92828 | Q14: 132.82031
C15: 達成率 | D15: =D14/D13 -> 0.93431571 | E15: =E14/E13 -> 0.88256677 | F15: =F14/F13 -> 0.85985956 | G15: =G14/G13 -> 0.89373958 | H15: =H14/H13 -> 0.9837464 | I15: =I14/I13 -> 0.89261554 | J15: =J14/J13 -> 0.91580122 | K15: =K14/K13 -> 0.920652 | ... Q15: =Q14/Q13 -> 0.88546871
B16: 作業 時間 | C16: 開始 | D16: 0.29166667 | E16: 0.16666667 | F16: 0.16666667 | G16: 0.16666667 | H16: 0.16666667 | I16: 0.29166667 | J16: 0.33333333 | K16: 0.33333333 | L16: 0.5 | M16: 0.5 | N16: 0.5 | O16: 0.70833333 | P16: 0.16666667 | Q16: 0.17361111
C17: 結束 | D17: 0.65555556 | E17: 0.54236111 | F17: 0.53541667 | G17: 0.52569444 | H17: 0.62986111 | I17: 0.65902778 | J17: 0.68263889 | K17: 0.67986111 | L17: 0.86875 | M17: 0.9125 | N17: 0.96041667 | O17: 0.93333333 | P17: 0.56458333 | Q17: 0.5
B18: 產線異常 (5分鐘以上) | C18: 次數
C19: 時間/分
B20: 短暫停線 (5分鐘以下) | C20: 次數 | D20: 1 | E20: 1
C21: 設備次數 | F21: 1 | I21: 1 | L21: 2
B22: 配置人數 | D22: 19.666667 | E22: 17.5 | F22: 12.25 | G22: 5.6666667 | H22: 6.6 | I22: 16.666667 | J22: 18.4 | K22: 16.166667 | L22: 15.875 | M22: 18.625 | N22: 17.75 | O22: 18.5 | P22: 13 | Q22: 11.4
B23: 主要應用設備 | D23: ET-600 | E23: ET-600 | F23: ET-600 | G23: 八爪機 | H23: 十爪機 | I23: ET-55 | J23: ET-55 | K23: ET-55 | L23: ET-55 | M23: ET-55 | N23: ET-55 | O23: ET-55 | P23: 伺服包裝機 | Q23: 伺服包裝機
B24: 次要應用設備
B25: 備註 | E25: 熱麵固定線 | G25: 烤飯糰 | H25: 烤飯糰 | K25: 吸收產線 | P25: 大口固定線
D27: ➂18度C 一配-各編組展開 | I27: ➃18度C 二配-各編組展開
B28: 編組 | D28: 1 | E28: 2 | F28: 3 | G28: 4 | H28: 5 | I28: 1 | J28: 2 | K28: 3 | L28: 4 | M28: 5
D29: 連續式 海苔機 | E29: 3300型 飯糰機A | F29: 3300型 飯糰機B | G29: 3600型 飯糰機A | H29: 3600型 飯糰機B | I29: 夾心型 飯糰機 | J29: 3300型 飯糰機A | K29: 3300型 飯糰機B | L29: 3600型 飯糰機A | M29: 3600型 飯糰機B
B30: 人時性 | C30: 排關 | D30: 320 | E30: 825 | F30: 825 | G30: 900 | H30: 900 | I30: 680 | J30: 825 | K30: 900 | L30: 900 | M30: 900
C31: 實績 | D31: 279.65 | E31: 800.49527 | F31: 0 | G31: 930.42472 | H31: 979.89589 | I31: 0 | J31: 691.875 | K31: 647.8 | L31: 908.69143 | M31: 855.50658
C32: 達成率 | D32: =D31/D30 -> 0.87390625 | E32: =E31/E30 -> 0.9702973 | F32: =F31/F30 -> 0 | G32: =G31/G30 -> 1.0338052 | H32: =H31/H30 -> 1.0887732 | I32: =I31/I30 -> 0 | J32: =J31/J30 -> 0.83863636 | K32: =K31/K30 -> 0.71977778 | ... M32: =M31/M30 -> 0.95056287
B33: 作業 時間 | C33: 開始 | D33: 0.18055556 | E33: 0.1875 | F33: 0 | G33: 3227.5 | H33: 0.18055556 | I33: 0 | J33: 0.72222222 | K33: 0.72222222 | L33: 0.72222222 | M33: 0.72222222
C34: 結束 | D34: 0.21666667 | E34: 0.30138889 | F34: 0 | G34: 1092.5581 | H34: 0.38402778 | I34: 0 | J34: 0.72777778 | K34: 0.80555556 | L34: 46117.056 | M34: 46117
B35: 配置人數 | D35: 5.5 | E35: 3.6666667 | F35: 0 | G35: 3.6 | H35: 3.4 | I35: 0 | J35: 4 | K35: 3.6666667 | L35: 3.4 | M35: 3.5
B36: 主要應用設備 | D36: 連續式 海苔機 | E36: 3300型 | F36: 3300型 | G36: 3600型 | H36: 3600型 | I36: 夾心型 | J36: 3300型 | K36: 3300型 | L36: 3600型 | M36: 3600型
B37: 次要應用設備
B38: 備註

Sheet 晉欣18度C0404
A1: 晉欣廠18度C日報分析 | D1: 總生產量 | E1: =SUM(G5:G124) -> 63117 | F1: 營業額 | G1: =SUM(H5:H124) -> 1174188.4 | H1: 出勤人數 | I1: =+J16+J64+J24+J38+J51+J81+J100+J91+J57+J124+J111 -> 38.733333 | J1: 生產實績 | M1: 日報登錄
A2: 04月04日 星期五 | D2: 人時性 | E2: =AVERAGE(L16,L24,L38,L51,L100,L111,L91) -> 576.88867 | F2: 平均廠價 | G2: =G1/E1 -> 18.603362 | H2: 多次生產數 | I2: =COUNT(I5:I124) -> 0
A3: 線別 | B3: 品類 | D3: 品名 | F3: 廠價 | G3: 生產量 | H3: 營收 | I3: 多次 生產 | J3: 人數 | K3: 產能/時 | L3: 人時性 | M3: 生產時間 | O3: 換線/分 | P3: 稼動時間/分 | Q3: 休息時間
M4: 開始 | N4: 結束 | Q4: 開始 | R4: 結束
A5: 壽司線 | B5: 0 | D5: 雙饗雙手卷(捲) | F5: 0 | G5: 1155 | H5: =F5*G5 -> 0 | J5: 9 | K5: =G5/P5*60 -> 1540 | L5: =K5/J5 -> 171.11111 | M5: 0.17361111 | N5: 0.20486111 | O5: 10 | P5: =(N5-M5)*24*60 -> 45
B6: 0 | D6: 海饌雙手卷(捲) | F6: 0 | G6: 1211 | H6: =F6*G6 -> 0 | J6: 9 | K6: =G6/P6*60 -> 1614.6667 | L6: =K6/J6 -> 179.40741 | M6: 0.20833333 | N6: 0.23958333 | O6: 5 | P6: =(N6-M6)*24*60 -> 45
B7: 壽司手卷 | D7: 雙倍德腸飯卷 | F7: 36.45 | G7: 1319 | H7: =F7*G7 -> 48077.55 | J7: 13 | K7: =G7/P7*60 -> 1438.9091 | L7: =K7/J7 -> 110.68531 | M7: 0.24305556 | N7: 0.28125 | O7: 5 | P7: =(N7-M7)*24*60 -> 55
B8: 壽司手卷 | D8: 明太子泡菜牛飯卷 | F8: 27.05 | G8: 391 | H8: =F8*G8 -> 10576.55 | J8: 13 | K8: =G8/P8*60 -> 1564 | L8: =K8/J8 -> 120.30769 | M8: 0.28472222 | N8: 0.29513889 | O8: 5 | P8: =(N8-M8)*24*60 -> 15 | Q8: 0.30208333 | R8: 0.33333333
B9: 壽司手卷 | D9: 銀鮭美乃滋脆卷 | F9: 19.7 | G9: 776 | H9: =F9*G9 -> 15287.2 | J9: 13 | K9: =G9/P9*60 -> 1164 | L9: =K9/J9 -> 89.538462 | M9: 0.33680556 | N9: 0.36458333 | O9: 5 | P9: =(N9-M9)*24*60 -> 40
B10: 壽司手卷 | D10: 日式鮪魚美乃滋脆卷 | F10: 17.87 | G10: 329 | H10: =F10*G10 -> 5879.23 | J10: 13 | K10: =G10/P10*60 -> 987 | L10: =K10/J10 -> 75.923077 | M10: 0.36805556 | N10: 0.38194444 | O10: 5 | P10: =(N10-M10)*24*60 -> 20
B11: 壽司手卷 | D11: 長野稻荷壽司 | F11: 25.64 | G11: 452 | H11: =F11*G11 -> 11589.28 | J11: 10 | K11: =G11/P11*60 -> 1356 | L11: =K11/J11 -> 135.6 | M11: 0.38541667 | N11: 0.39930556 | O11: 5 | P11: =(N11-M11)*24*60 -> 20
B12: 壽司手卷 | D12: 雙饗雙手卷 | F12: 29.52 | G12: 1155 | H12: =F12*G12 -> 34095.6 | J12: 12 | K12: =G12/P12*60 -> 1732.5 | L12: =K12/J12 -> 144.375 | M12: 0.40277778 | N12: 0.43055556 | O12: 5 | P12: =(N12-M12)*24*60 -> 40
B13: 壽司手卷 | D13: 海饌雙手卷 | F13: 29.857 | G13: 1211 | H13: =F13*G13 -> 36156.827 | J13: 12 | K13: =G13/P13*60 -> 1816.5 | L13: =K13/J13 -> 151.375 | M13: 0.43402778 | N13: 0.46180556 | O13: 5 | P13: =(N13-M13)*24*60 -> 40
B14: 飯糰 | D14: 兩粒飯糰(鮪魚.焦糖鮭魚) | F14: 28.57 | G14: 1249 | H14: =F14*G14 -> 35683.93 | J14: 10 | K14: =G14/P14*60 -> 1498.8 | L14: =K14/J14 -> 149.88 | M14: 0.46527778 | N14: 0.5 | O14: 5 | P14: =(N14-M14)*24*60 -> 50
B15: 0 | F15: 0 | H15: =F15*G15 -> 0
B16: 0 | C16: 壽司線 | D16: 平均 | J16: =AVERAGE(J5:J15) -> 11.4 | K16: =AVERAGE(K5:K15) -> 1471.2376 | L16: =AVERAGE(L5:L15) -> 132.82031
A17: 捲壽司機 | B17: 壽司手卷 | D17: 雙鬆細卷 | F17: 14.03 | G17: 309 | H17: =F17*G17 -> 4335.27 | J17: 6 | K17: =G17/P17*60 -> 1545 | L17: =K17/J17 -> 257.5 | M17: 0.18055556 | N17: 0.18888889 | O17: 20 | P17: =(N17-M17)*24*60 -> 12
B18: 飯糰 | D18: 經典鮪魚沙拉細卷 | F18: 14.49 | G18: 503 | H18: =F18*G18 -> 7288.47 | J18: 5 | K18: =G18/P18*60 -> 1509 | L18: =K18/J18 -> 301.8 | M18: 0.20277778 | N18: 0.21666667 | O18: 20 | P18: =(N18-M18)*24*60 -> 20
B19: 0 | F19: 0 | H19: =F19*G19 -> 0
B20: 0 | F20: 0 | H20: =F20*G20 -> 0
B21: 0 | F21: 0 | H21: =F21*G21 -> 0
B22: 0 | F22: 0 | H22: =F22*G22 -> 0
B23: 0 | F23: 0 | H23: =F23*G23 -> 0
B24: 0 | C24: 連續式 海苔機 | D24: 平均 | J24: =AVERAGE(J17:J23) -> 5.5 | K24: =AVERAGE(K17:K23) -> 1527 | L24: =AVERAGE(L17:L23) -> 279.65
A25: 3300型 飯糰機A | B25: 飯糰 | D25: 煙燻培根飯糰(區) | F25: 15.03 | G25: 1747 | H25: =F25*G25 -> 26257.41 | J25: 4 | K25: =G25/P25*60 -> 2911.6667 | L25: =K25/J25 -> 727.91667 | M25: 0.1875 | N25: 0.2125 | O25: 30 | P25: =(N25-M25)*24*60 -> 36
B26: 飯糰 | D26: 碳烤燒肉飯飯糰(區) | F26: 18.18 | G26: 2439 | H26: =F26*G26 -> 44341.02 | J26: 4 | K26: =G26/P26*60 -> 2869.4118 | L26: =K26/J26 -> 717.35294 | M26: 0.22638889 | N26: 0.26180556 | O26: 20 | P26: =(N26-M26)*24*60 -> 51
B27: 飯糰 | D27: 鮭魚奶油醬油飯糰 | F27: 18.53 | G27: 1769 | H27: =F27*G27 -> 32779.57 | J27: 3 | K27: =G27/P27*60 -> 2868.6486 | L27: =K27/J27 -> 956.21622 | M27: 0.27569444 | N27: 0.30138889 | O27: 20 | P27: =(N27-M27)*24*60 -> 37
B28: 0
B29: 0
B30: 0
B31: 0
B32: 0 | F32: 0 | H32: =F32*G32 -> 0
B33: 0 | F33: 0 | H33: =F33*G33 -> 0
B34: 0 | F34: 0 | H34: =F34*G34 -> 0
B35: 0 | F35: 0 | H35: =F35*G35 -> 0
B36: 0 | F36: 0 | H36: =F36*G36 -> 0
B37: 0 | F37: 0 | H37: =F37*G37 -> 0
B38: 0 | C38: 3300型 飯糰機A | D38: 平均 | J38: =AVERAGE(J25:J37) -> 3.6666667 | K38: =AVERAGE(K25:K37) -> 2883.2424 | L38: =AVERAGE(L25:L37) -> 800.49527
A39: 3300型B 飯糰機 | B39: 0 | F39: 0 | H39: =F39*G39 -> 0
B40: 0 | F40: 0 | H40: =F40*G40 -> 0
B41: 0 | F41: 0 | H41: =F41*G41 -> 0
B42: 0 | F42: 0 | H42: =F42*G42 -> 0
B43: 0 | F43: 0 | H43: =F43*G43 -> 0
B44: 0 | F44: 0 | H44: =F44*G44 -> 0
B45: 0 | F45: 0 | H45: =F45*G45 -> 0
B46: 0 | F46: 0 | H46: =F46*G46 -> 0
B47: 0 | F47: 0 | H47: =F47*G47 -> 0
B48: 0 | F48: 0
B49: 0 | F49: 0 | H49: =F49*G49 -> 0
B50: 0 | F50: 0 | H50: =F50*G50 -> 0
B51: 0 | C51: 3300型 飯糰機B | D51: 平均
A52: 3600型(A) 飯糰機 | B52: 飯糰 | D52: 熟成紅鮭飯糰 | F52: 25.03 | G52: 556 | H52: =F52*G52 -> 13916.68 | J52: 4 | K52: =G52/P52*60 -> 3336 | L52: =K52/J52 -> 834 | M52: 0.29861111 | N52: 0.30555556 | O52: 10 | P52: =(N52-M52)*24*60 -> 10
B53: 飯糰 | D53: 北海道秋鮭親子飯糰 | F53: 24.82 | G53: 775 | H53: =F53*G53 -> 19235.5 | J53: 4 | K53: =G53/P53*60 -> 3321.4286 | L53: =K53/J53 -> 830.35714 | M53: 0.31944444 | N53: 0.32916667 | O53: 20 | P53: =(N53-M53)*24*60 -> 14
B54: 飯糰 | D54: 贅沢鮭魚肚飯糰 | F54: 30 | G54: 1291 | H54: =F54*G54 -> 38730 | J54: 4 | K54: =G54/P54*60 -> 3227.5 | L54: =K54/J54 -> 806.875 | M54: 0.34305556 | N54: 0.35972222 | O54: 20 | P54: =(N54-M54)*24*60 -> 24 | Q54: 0.35972222 | R54: 0.40138889
B55: 飯糰 | D55: 經典肉鬆飯糰 | F55: 14.03 | G55: 2349 | H55: =F55*G55 -> 32956.47 | J55: 3 | K55: =G55/P55*60 -> 3277.6744 | L55: =K55/J55 -> 1092.5581 | M55: 0.41527778 | N55: 0.44513889 | O55: 20 | P55: =(N55-M55)*24*60 -> 43
B56: 飯糰 | D56: 明太子龍蝦風味沙拉飯糰 | F56: 18.18 | G56: 1306 | H56: =F56*G56 -> 23743.08 | J56: 3 | K56: =G56/P56*60 -> 3265 | L56: =K56/J56 -> 1088.3333 | M56: 0.45902778 | N56: 0.47569444 | O56: 20 | P56: =(N56-M56)*24*60 -> 24
B57: 0 | C57: 夾心型 飯糰機 | F57: 0 | H57: =F57*G57 -> 0
B58: 0 | F58: 0 | H58: =F58*G58 -> 0
B59: 0 | F59: 0 | H59: =F59*G59 -> 0
B60: 0 | F60: 0 | H60: =F60*G60 -> 0
B61: 0 | F61: 0 | H61: =F61*G61 -> 0
B62: 0 | F62: 0 | H62: =F62*G62 -> 0
B63: 0 | F63: 0 | H63: =F63*G63 -> 0
B64: 0 | C64: 3600型 飯糰機A | D64: 平均 | J64: =AVERAGE(J52:J63) -> 3.6 | K64: =AVERAGE(K52:K63) -> 3285.5206 | L64: =AVERAGE(L52:L63) -> 930.42472
A65: 3600型(B) 飯糰機 | B65: 飯糰 | D65: 雞肉飯飯糰 | F65: 16.66 | G65: 2272 | H65: =F65*G65 -> 37851.52 | J65: 4 | K65: =G65/P65*60 -> 3245.7143 | L65: =K65/J65 -> 811.42857 | M65: 0.18055556 | N65: 0.20972222 | O65: 20 | P65: =(N65-M65)*24*60 -> 42
B66: 飯糰 | D66: 壹號醬炙烤牛飯糰 | F66: 22.281818 | G66: 541 | H66: =F66*G66 -> 12054.464 | J66: 4 | K66: =G66/P66*60 -> 3246 | L66: =K66/J66 -> 811.5 | M66: 0.22361111 | N66: 0.23055556 | O66: 20 | P66: =(N66-M66)*24*60 -> 10
B67: 飯糰 | D67: 鹽蔥燒肉飯糰 | F67: 17.890909 | G67: 1405 | H67: =F67*G67 -> 25136.727 | J67: 3 | K67: =G67/P67*60 -> 3242.3077 | L67: =K67/J67 -> 1080.7692 | M67: 0.24444444 | N67: 0.2625 | O67: 20 | P67: =(N67-M67)*24*60 -> 26 | Q67: 0.2625 | R67: 0.30416667
B68: 飯糰 | D68: 蔬食鮪魚飯糰 | F68: 18.18 | G68: 724 | H68: =F68*G68 -> 13162.32 | J68: 3 | K68: =G68/P68*60 -> 3341.5385 | L68: =K68/J68 -> 1113.8462 | M68: 0.31805556 | N68: 0.32708333 | O68: 20 | P68: =(N68-M68)*24*60 -> 13
B69: 飯糰 | D69: 鮪魚飯糰 | F69: 14.285714 | G69: 3354 | H69: =F69*G69 -> 47914.286 | J69: 3 | K69: =G69/P69*60 -> 3245.8065 | L69: =K69/J69 -> 1081.9355 | M69: 0.34097222 | N69: 0.38402778 | O69: 20 | P69: =(N69-M69)*24*60 -> 62
B70: 0 | C70: 夾心型 飯糰機 | F70: 0 | H70: =F70*G70 -> 0
B71: 0 | F71: 0 | H71: =F71*G71 -> 0
B72: 0 | F72: 0 | H72: =F72*G72 -> 0
B73: 0 | F73: 0 | H73: =F73*G73 -> 0
B74: 0 | F74: 0 | H74: =F74*G74 -> 0
B75: 0 | C75: 3600型 飯糰機B | D75: 平均 | J75: =AVERAGE(J65:J74) -> 3.4 | K75: =AVERAGE(K65:K74) -> 3264.2734 | L75: =AVERAGE(L65:L74) -> 979.89589
A76: 二配 夾心型 飯糰機 | B76: 0 | F76: 0 | H76: =F76*G76 -> 0 | J76: 0 | K76: 0 | L76: 0
B77: 0 | F77: 0 | H77: =F77*G77 -> 0
B78: 0 | F78: 0 | H78: =F78*G78 -> 0
B79: 0 | F79: 0 | H79: =F79*G79 -> 0
B80: 0 | F80: 0 | H80: =F80*G80 -> 0
B81: 0 | C81: 夾心型 飯糰機 | D81: 平均 | J81: =AVERAGE(J76:J80) -> 0 | K81: =AVERAGE(K76:K80) -> 0 | L81: =AVERAGE(L76:L80) -> 0
A82: 二配 3300型A 飯糰機 | B82: 飯糰 | D82: 二配油蔥G絲飯糰 | F82: 18.18 | G82: 369 | H82: =F82*G82 -> 6708.42 | J82: 4 | K82: =G82/P82*60 -> 2767.5 | L82: =K82/J82 -> 691.875 | M82: 0.72222222 | N82: 0.72777778 | O82: 20 | P82: =(N82-M82)*24*60 -> 8
B83: 0 | F83: 0 | H83: =F83*G83 -> 0
B84: 0 | F84: 0 | H84: =F84*G84 -> 0
B85: 0 | F85: 0 | H85: =F85*G85 -> 0
B86: 0 | F86: 0 | H86: =F86*G86 -> 0
F87: 0 | H87: =F87*G87 -> 0
B88: 0 | F88: 0 | H88: =F88*G88 -> 0
B89: 0 | F89: 0 | H89: =F89*G89 -> 0
B90: 0 | F90: 0 | H90: =F90*G90 -> 0
B91: 0 | C91: 3300型 飯糰機A | D91: 平均 | J91: =AVERAGE(J82:J90) -> 4 | K91: =AVERAGE(K82:K90) -> 2767.5 | L91: =AVERAGE(L82:L90) -> 691.875
A92: 二配 3300型B 飯糰機 | B92: 飯糰 | D92: 二配大飯糰韓式蒜烤豬五花 | F92: 24.54 | G92: 1428 | H92: =F92*G92 -> 35043.12 | J92: 3 | K92: =G92/P92*60 -> 2448 | L92: =K92/J92 -> 816 | M92: 0.72222222 | N92: 0.74652778 | O92: 20 | P92: =(N92-M92)*24*60 -> 35
B93: 飯糰 | D93: 二配大飯糰滷肉飯加蛋 | F93: 22.48 | G93: 692 | H93: =F93*G93 -> 15556.16 | J93: 4 | K93: =G93/P93*60 -> 2076 | L93: =K93/J93 -> 519 | M93: 0.76041667 | N93: 0.77430556 | O93: 20 | P93: =(N93-M93)*24*60 -> 20
B94: 飯糰 | D94: 二配大飯糰鮪魚昆布 | F94: 22.21 | G94: 1014 | H94: =F94*G94 -> 22520.94 | J94: 4 | K94: =G94/P94*60 -> 2433.6 | L94: =K94/J94 -> 608.4 | M94: 0.78819444 | N94: 0.80555556 | O94: 20 | P94: =(N94-M94)*24*60 -> 25
B95: 0 | F95: 0 | H95: =F95*G95 -> 0
B96: 0 | F96: 0 | H96: =F96*G96 -> 0
B97: 0 | F97: 0 | H97: =F97*G97 -> 0
B98: 0
B99: 0 | F99: 0 | H99: =F99*G99 -> 0
B100: 0 | C100: 3300型 飯糰機B | D100: 平均 | J100: =AVERAGE(J92:J99) -> 3.6666667 | K100: =AVERAGE(K92:K99) -> 2319.2 | L100: =AVERAGE(L92:L99) -> 647.8
...

Sheet 晉欣4度C0404
A1: 晉欣廠四度C日報分析 | D1: 總生產量 | E1: =SUM(G5:G173) -> 141676 | F1: 營業額 | G1: =SUM(H5:H173) -> 5677038.5 | H1: 出勤人數 | I1: =M17+M30+M43+M56+M69+M82+M95+M108+M121+M134+M147+M160+M173 -> 196.66667 | J1: 產線配置圖 | M1: 生產實績 | P1: 人時性差異分析 | T1: 日報登錄 | Z1: 合計 次數 | AA1: 合計 時間/分 | AB1: 產線異常分析 說明(5分鐘以上) | AD1: 合計 次數 | AE1: 合計 設備次數 | AF1: 產能差異分析
A2: 04月04日 星期 六 | D2: 人時性 | E2: =AVERAGE(O17,O30,O43,O56,O69,O82,O95,O108,O121,O134,O147,O160,O173) -> 127.94415 | F2: 平均廠價 | G2: =G1/E1 -> 40.070573 | H2: 多次生產數 | I2: =COUNT(I5:I173) -> 4 | Z2: =Z17+Z30+Z43+Z56+Z69+Z82+Z95+Z108+Z121+Z134+Z147+Z160+Z173 -> 0 | AA2: =AA17+AA30+AA43+AA56+AA69+AA82+AA95+AA108+AA121+AA134+AA147+AA160+AA173 -> 0 | AD2: =AD17+AD30+AD43+AD56+AD69+AD82+AD95+AD108+AD121+AD134+AD147+AD160+AD173 -> 2 | AE2: =AE17+AE30+AE43+AE56+AE69+AE82+AE95+AE108+AE121+AE134+AE147+AE160+AE173 -> 4
A3: 線別 | B3: 品類 | D3: 品名 | F3: 廠價 | G3: 生產量 | H3: 營收 | I3: 多次 生產 | J3: 人數 | K3: 產能/時 | L3: 人時性 | M3: 人數 | N3: 產能/時 | O3: 人時性 | P3: 人數 | Q3: 人時性 | R3: 達成率 | S3: 達成率平均 | T3: 生產時間 | V3: 前置、換線時間/分 | W3: 稼動時間/分 | X3: 休息時間 | Z3: 產線異常統計 (5分鐘以上) | AB3: 分析說明 | AD3: 短暫停線統計 (5分鐘以下) | AF3: 產能/時 | AG3: 達成率 | AH3: 達成率平均
T4: 開始 | U4: 結束 | X4: 開始 | Y4: 結束 | Z4: 次數 | AA4: 時間/分 | AD4: 總次數 | AE4: 設備因素(次數)
A5: 四度一組 (ET-600) | B5: 季節調理麵 | D5: 椒麻香蔥雞涼拌麵 | F5: 37.94 | G5: 3545.75 | H5: =F5*G5 -> 134525.76 | J5: 20 | K5: 2400 | L5: 120 | M5: 20 | N5: =G5/W5*60 -> 2287.5806 | O5: =N5/M5 -> 114.37903 | P5: =M5-J5 -> 0 | Q5: =O5-L5 -> -5.6209677 | R5: =O5/L5 -> 0.9531586 | S5: =R17 -> 0.93431571 | T5: 0.29166667 | U5: 0.35625 | V5: 5 | W5: =(U5-T5)*24*60 -> 93 | AF5: =N5-K5 -> -112.41935 | AG5: =N5/K5 -> 0.9531586 | AH5: =AG17 -> 0.96915151
B6: 季節調理麵 | D6: 台式麻醬涼麵 | F6: 31.266132 | G6: 2169.05 | H6: =F6*G6 -> 67817.803 | J6: 18 | K6: 2600 | L6: 144.44444 | M6: 19 | N6: =G6/W6*60 -> 2551.8235 | O6: =N6/M6 -> 134.3065 | P6: =M6-J6 -> 1 | Q6: =O6-L6 -> -10.137943 | R6: =O6/L6 -> 0.92981424 | T6: 0.36180556 | U6: 0.39722222 | V6: 8 | W6: =(U6-T6)*24*60 -> 51 | AF6: =N6-K6 -> -48.176471 | AG6: =N6/K6 -> 0.98147059
B7: 季節調理麵 | D7: 大滿足麻醬涼麵 | F7: 38 | G7: 4416.16 | H7: =F7*G7 -> 167814.08 | J7: 19 | K7: 2600 | L7: 136.84211 | M7: 20 | N7: =G7/W7*60 -> 2572.5204 | O7: =N7/M7 -> 128.62602 | P7: =M7-J7 -> 1 | Q7: =O7-L7 -> -8.2160858 | R7: =O7/L7 -> 0.93995937 | T7: 0.41319444 | U7: 0.48472222 | V7: 23 | W7: =(U7-T7)*24*60 -> 103 | X7: 0.40069444 | Y7: 0.41041667 | AF7: =N7-K7 -> -27.479612 | AG7: =N7/K7 -> 0.98943092
B8: 季節調理麵 | D8: 大滿足麻醬涼麵 | F8: 38 | G8: 3469.84 | H8: =F8*G8 -> 131853.92 | J8: 19 | K8: 2600 | L8: 136.84211 | M8: 20 | N8: =G8/W8*60 -> 2570.2519 | O8: =N8/M8 -> 128.51259 | P8: =M8-J8 -> 1 | Q8: =O8-L8 -> -8.3295127 | R8: =O8/L8 -> 0.93913048 | T8: 0.52430556 | U8: 0.58055556 | V8: 5 | W8: =(U8-T8)*24*60 -> 81 | AF8: =N8-K8 -> -29.748148 | AG8: =N8/K8 -> 0.9885584
B9: 季節調理麵 | D9: 台式麻醬涼麵 | F9: 31.266132 | G9: 1167.95 | H9: =F9*G9 -> 36517.279 | J9: 18 | K9: 2600 | L9: 144.44444 | M9: 19 | N9: =G9/W9*60 -> 2502.75 | O9: =N9/M9 -> 131.72368 | P9: =M9-J9 -> 1 | Q9: =O9-L9 -> -12.72076 | R9: =O9/L9 -> 0.9119332 | T9: 0.58541667 | U9: 0.60486111 | V9: 7 | W9: =(U9-T9)*24*60 -> 28 | AD9: 1 | AF9: =N9-K9 -> -97.25 | AG9: =N9/K9 -> 0.96259615
B10: 季節調理麵 | D10: 椒麻香蔥雞涼拌麵 | F10: 37.94 | G10: 1909.25 | H10: =F10*G10 -> 72436.945 | J10: 20 | K10: 2400 | L10: 120 | M10: 20 | N10: =G10/W10*60 -> 2246.1765 | O10: =N10/M10 -> 112.30882 | P10: =M10-J10 -> 0 | Q10: =O10-L10 -> -7.6911765 | R10: =O10/L10 -> 0.93590686 | T10: 0.62013889 | U10: 0.65555556 | V10: 22 | W10: =(U10-T10)*24*60 -> 51 | X10: 0.60833333 | Y10: 0.61736111 | AF10: =N10-K10 -> -153.82353 | AG10: =N10/K10 -> 0.93590686
B11: 0 | F11: 0 | H11: =F11*G11 -> 0 | AF11: =N11-K11 -> 0 | AG11: =N11/K11 -> #DIV/0!
B12: 0 | F12: 0 | H12: =F12*G12 -> 0 | AF12: =N12-K12 -> 0 | AG12: =N12/K12 -> #DIV/0!
B13: 0 | F13: 0 | H13: =F13*G13 -> 0 | AF13: =N13-K13 -> 0 | AG13: =N13/K13 -> #DIV/0!
B14: 0 | F14: 0 | H14: =F14*G14 -> 0 | W14: =(U14-T14)*24*60 -> 0
B15: 0 | F15: 0 | H15: =F15*G15 -> 0 | W15: =(U15-T15)*24*60 -> 0
B16: 0 | F16: 0 | H16: =F16*G16 -> 0 | W16: =(U16-T16)*24*60 -> 0
B17: 0 | C17: 4度一組 | D17: 平均 | J17: 19 | K17: 2533.3333 | L17: 133.76218 | M17: =AVERAGE(M5:M16) -> 19.666667 | N17: =AVERAGE(N5:N16) -> 2455.1838 | O17: =AVERAGE(O5:O16) -> 124.97611 | P17: =M17-J17 -> 0.66666667 | Q17: =O17-L17 -> -8.7860743 | R17: =O17/L17 -> 0.93431571 | W17: =(U17-T17)*24*60 -> 0 | Z17: =SUM(Z5:Z16) -> 0 | AA17: =SUM(AA5:AA16) -> 0 | AD17: =SUM(AD5:AD16) -> 1 | AE17: =SUM(AE5:AE16) -> 0 | AF17: =N17-K17 -> -78.149519 | AG17: =N17/K17 -> 0.96915151
A18: 四度二組A 熱麵 固定線 (ET-55) | B18: 季節調理麵 | D18: 日式蕎麥沾麵 | F18: 36.86 | G18: 3328 | H18: =F18*G18 -> 122670.08 | J18: 17 | K18: 2250 | L18: 132.35294 | M18: 18 | N18: =G18/W18*60 -> 2124.2553 | O18: =N18/M18 -> 118.01418 | P18: =M18-J18 -> 1 | Q18: =O18-L18 -> -14.338757 | R18: =O18/L18 -> 0.89166273 | S18: =R30 -> 0.88256677 | T18: 0.16666667 | U18: 0.23194444 | V18: 5 | W18: =(U18-T18)*24*60 -> 94 | AF18: =N18-K18 -> -125.74468 | AG18: =N18/K18 -> 0.94411348 | AH18: =AG30 -> 0.91233341
B19: 季節調理麵 | D19: 大滿足香辣涼麵 | F19: 38.630952 | G19: 979.4 | H19: =F19*G19 -> 37835.155 | J19: 18 | K19: 2600 | L19: 144.44444 | M19: 19 | N19: =G19/W19*60 -> 2350.56 | O19: =N19/M19 -> 123.71368 | P19: =M19-J19 -> 1 | Q19: =O19-L19 -> -20.73076 | R19: =O19/L19 -> 0.85647935 | T19: 0.23680556 | U19: 0.25416667 | V19: 7 | W19: =(U19-T19)*24*60 -> 25 | AF19: =N19-K19 -> -249.44 | AG19: =N19/K19 -> 0.90406154
B20: 熱食義麵 | D20: 愛恨椒芝麵 | F20: 38.39 | G20: 2149 | H20: =F20*G20 -> 82500.11 | J20: 16 | K20: 1636 | L20: 102.25 | M20: 17 | N20: =G20/W20*60 -> 1432.6667 | O20: =N20/M20 -> 84.27451 | P20: =M20-J20 -> 1 | Q20: =O20-L20 -> -17.97549 | R20: =O20/L20 -> 0.82420058 | T20: 0.26944444 | U20: 0.33194444 | V20: 22 | W20: =(U20-T20)*24*60 -> 90 | X20: 0.25763889 | Y20: 0.26666667 | AF20: =N20-K20 -> -203.33333 | AG20: =N20/K20 -> 0.87571312
B21: 小菜微波 | D21: 古早味炒炊粉 | F21: 43.14 | G21: 1780 | H21: =F21*G21 -> 76789.2 | J21: 16 | K21: 1440 | L21: 90 | M21: 16 | N21: =G21/W21*60 -> 1387.013 | O21: =N21/M21 -> 86.688312 | P21: =M21-J21 -> 0 | Q21: =O21-L21 -> -3.3116883 | R21: =O21/L21 -> 0.96320346 | T21: 0.33680556 | U21: 0.39027778 | V21: 7 | W21: =(U21-T21)*24*60 -> 77 | AF21: =N21-K21 -> -52.987013 | AG21: =N21/K21 -> 0.96320346
B22: 熱食義麵 | D22: 辣腐乳麻醬拌麵 | F22: 38.1 | G22: 1194 | H22: =F22*G22 -> 45491.4 | J22: 17 | K22: 1500 | L22: 88.235294 | M22: 16 | N22: =G22/W22*60 -> 1326.6667 | O22: =N22/M22 -> 82.916667 | P22: =M22-J22 -> -1 | Q22: =O22-L22 -> -5.3186275 | R22: =O22/L22 -> 0.93972222 | T22: 0.39513889 | U22: 0.43263889 | V22: 7 | W22: =(U22-T22)*24*60 -> 54 | AD22: 1 | AF22: =N22-K22 -> -173.33333 | AG22: =N22/K22 -> 0.88444444
B23: 季節調理麵 | D23: 大滿足香辣涼麵 | F23: 38.630952 | G23: 3917.6 | H23: =F23*G23 -> 151340.62 | J23: 18 | K23: 2600 | L23: 144.44444 | M23: 19 | N23: =G23/W23*60 -> 2350.56 | O23: =N23/M23 -> 123.71368 | P23: =M23-J23 -> 1 | Q23: =O23-L23 -> -20.73076 | R23: =O23/L23 -> 0.85647935 | T23: 0.47291667 | U23: 0.54236111 | V23: 5 | W23: =(U23-T23)*24*60 -> 100 | AF23: =N23-K23 -> -249.44 | AG23: =N23/K23 -> 0.90406154
B24: 0 | F24: 0 | H24: =F24*G24 -> 0 | AF24: =N24-K24 -> 0 | AG24: =N24/K24 -> #DIV/0!
B25: 0 | F25: 0 | H25: =F25*G25 -> 0 | W25: =(U25-T25)*24*60 -> 0 | AF25: =N25-K25 -> 0 | AG25: =N25/K25 -> #DIV/0!
B26: 0 | F26: 0 | H26: =F26*G26 -> 0 | W26: =(U26-T26)*24*60 -> 0 | AF26: =N26-K26 -> 0 | AG26: =N26/K26 -> #DIV/0!
B27: 0 | F27: 0 | H27: =F27*G27 -> 0 | W27: =(U27-T27)*24*60 -> 0 | AF27: =N27-K27 -> 0 | AG27: =N27/K27 -> #DIV/0!
B28: 0 | F28: 0 | H28: =F28*G28 -> 0 | W28: =(U28-T28)*24*60 -> 0 | AF28: =N28-K28 -> 0 | AG28: =N28/K28 -> #DIV/0!
B29: 0 | F29: 0 | H29: =F29*G29 -> 0 | W29: =(U29-T29)*24*60 -> 0 | AF29: =N29-K29 -> 0
B30: 0 | C30: 4度二組A | D30: 平均 | J30: 17 | K30: 2004.3333 | L30: 116.95452 | M30: =AVERAGE(M18:M29) -> 17.5 | N30: =AVERAGE(N18:N29) -> 1828.6203 | O30: =AVERAGE(O18:O29) -> 103.22017 | P30: =M30-J30 -> 0.5 | Q30: =O30-L30 -> -13.734347 | R30: =O30/L30 -> 0.88256677 | Z30: =SUM(Z18:Z29) -> 0 | AA30: =SUM(AA18:AA29) -> 0 | AD30: =SUM(AD18:AD29) -> 1 | AE30: =SUM(AE18:AE29) -> 0 | AF30: =N30-K30 -> -175.71306 | AG30: =N30/K30 -> 0.91233341
A31: 四度二組 (ET-55) | B31: 飯糰 | D31: 大口日式塔塔醬蝦排飯糰 | F31: 35.33 | G31: 1957 | H31: =F31*G31 -> 69140.81 | J31: 12 | K31: 2118 | L31: 176.5 | M31: 12 | N31: =G31/W31*60 -> 1893.871 | O31: =N31/M31 -> 157.82258 | P31: =M31-J31 -> 0 | Q31: =O31-L31 -> -18.677419 | R31: =O31/L31 -> 0.89417893 | S31: =R43 -> 0.85985956 | T31: 0.16666667 | U31: 0.20972222 | V31: 5 | W31: =(U31-T31)*24*60 -> 62 | AF31: =N31-K31 -> -224.12903 | AG31: =N31/K31 -> 0.89417893 | AH31: =AG43 -> 0.86425099
B32: 飯糰 | D32: 大口起司熔岩白醬炸魚飯糰 | F32: 34.23 | G32: 1894 | H32: =F32*G32 -> 64831.62 | J32: 12 | K32: 2118 | L32: 176.5 | M32: 12 | N32: =G32/W32*60 -> 1894 | O32: =N32/M32 -> 157.83333 | P32: =M32-J32 -> 0 | Q32: =O32-L32 -> -18.666667 | R32: =O32/L32 -> 0.89423985 | T32: 0.21527778 | U32: 0.25694444 | V32: 8 | W32: =(U32-T32)*24*60 -> 60 | AE32: 1 | AF32: =N32-K32 -> -224 | AG32: =N32/K32 -> 0.89423985
B33: 飯糰 | D33: 大口義式香草雞腿排飯糰 | F33: 36.41 | G33: 2680.2 | H33: =F33*G33 -> 97586.082 | J33: 10 | K33: 2769 | L33: 276.9 | M33: 10 | N33: =G33/W33*60 -> 2233.5 | O33: =N33/M33 -> 223.35 | P33: =M33-J33 -> 0 | Q33: =O33-L33 -> -53.55 | R33: =O33/L33 -> 0.80660888 | T33: 0.27152778 | U33: 0.32152778 | V33: 21 | W33: =(U33-T33)*24*60 -> 72 | X33: 0.26041667 | Y33: 0.26875 | AF33: =N33-K33 -> -535.5 | AG33: =N33/K33 -> 0.80660888
B34: 熱食義麵 | D34: 炸醬炒泡麵 | F34: 47.6 | G34: 5560 | H34: =F34*G34 -> 264656 | J34: 15 | K34: 1500 | L34: 100 | M34: 15 | N34: =G34/W34*60 -> 1329.0837 | O34: =N34/M34 -> 88.605578 | P34: =M34-J34 -> 0 | Q34: =O34-L34 -> -11.394422 | R34: =O34/L34 -> 0.88605578 | T34: 0.36111111 | U34: 0.53541667 | V34: 5 | W34: =(U34-T34)*24*60 -> 251 | AF34: =N34-K34 -> -170.91633 | AG34: =N34/K34 -> 0.88605578
B35: 0 | F35: 0 | H35: =F35*G35 -> 0 | AF35: =N35-K35 -> 0 | AG35: =N35/K35 -> #DIV/0!
B36: 0 | F36: 0 | H36: =F36*G36 -> 0 | W36: =(U36-T36)*24*60 -> 0 | AF36: =N36-K36 -> 0 | AG36: =N36/K36 -> #DIV/0!
B37: 0 | F37: 0 | H37: =F37*G37 -> 0 | W37: =(U37-T37)*24*60 -> 0 | AF37: =N37-K37 -> 0 | AG37: =N37/K37 -> #DIV/0!
B38: 0 | F38: 0 | H38: =F38*G38 -> 0 | W38: =(U38-T38)*24*60 -> 0 | AF38: =N38-K38 -> 0 | AG38: =N38/K38 -> #DIV/0!
B39: 0 | F39: 0 | H39: =F39*G39 -> 0 | W39: =(U39-T39)*24*60 -> 0 | AF39: =N39-K39 -> 0 | AG39: =N39/K39 -> #DIV/0!
B40: 0 | F40: 0 | H40: =F40*G40 -> 0 | W40: =(U40-T40)*24*60 -> 0 | AF40: =N40-K40 -> 0 | AG40: =N40/K40 -> #DIV/0!
B41: 0 | F41: 0 | W41: =(U41-T41)*24*60 -> 0
B42: 0 | F42: 0 | H42: =F42*G42 -> 0 | W42: =(U42-T42)*24*60 -> 0
B43: 0 | C43: 4度二組B | D43: 平均 | J43: 12.25 | K43: 2126.25 | L43: 182.475 | M43: =AVERAGE(M31:M42) -> 12.25 | N43: =AVERAGE(N31:N42) -> 1837.6137 | O43: =AVERAGE(O31:O42) -> 156.90287 | P43: =M43-J43 -> 0 | Q43: =N43-K43 -> -288.63634 | R43: =O43/L43 -> 0.85985956 | Z43: =SUM(Z31:Z42) -> 0 | AA43: =SUM(AA31:AA42) -> 0 | AD43: =SUM(AD31:AD42) -> 0 | AE43: =SUM(AE31:AE42) -> 1 | AF43: =N43-K43 -> -288.63634 | AG43: =N43/K43 -> 0.86425099
A44: 四度二組 (烤飯糰/八爪機) | B44: 飯糰 | D44: 淡麗清酒蒸蛤蜊烤飯糰 | F44: 24.73 | G44: 1852 | H44: =F44*G44 -> 45799.96 | J44: 4 | K44: 2000 | L44: 500 | M44: 5 | N44: =G44/W44*60 -> 2178.8235 | O44: =N44/M44 -> 435.76471 | P44: =M44-J44 -> 1 | Q44: =O44-L44 -> -64.235294 | R44: =O44/L44 -> 0.87152941 | S44: =R56 -> 0.89373958 | T44: 0.16666667 | U44: 0.20208333 | V44: 5 | W44: =(U44-T44)*24*60 -> 51 | AF44: =N44-K44 -> 178.82353 | AG44: =N44/K44 -> 1.0894118 | AH44: =AG56 -> 1.0265686
B45: 飯糰 | D45: 糖燻野郎起司炙燒牛烤飯糰 | F45: 24.73 | G45: 1860 | H45: =F45*G45 -> 45997.8 | J45: 4 | K45: 2000 | L45: 500 | M45: 5 | N45: =G45/W45*60 -> 2105.6604 | O45: =N45/M45 -> 421.13208 | P45: =M45-J45 -> 1 | Q45: =O45-L45 -> -78.867925 | R45: =O45/L45 -> 0.84226415 | T45: 0.20555556 | U45: 0.24236111 | V45: 5 | W45: =(U45-T45)*24*60 -> 53 | AF45: =N45-K45 -> 105.66038 | AG45: =N45/K45 -> 1.0528302
B46: 飯糰 | D46: 蟹味可樂餅風炸飯糰 | F46: 21.92 | G46: 803 | H46: =F46*G46 -> 17601.76 | J46: 4 | K46: 2000 | L46: 500 | M46: 5 | N46: =G46/W46*60 -> 2190 | O46: =N46/M46 -> 438 | P46: =M46-J46 -> 1 | Q46: =O46-L46 -> -62 | R46: =O46/L46 -> 0.876 | T46: 0.24583333 | U46: 0.26111111 | V46: 5 | W46: =(U46-T46)*24*60 -> 22 | AF46: =N46-K46 -> 190 | AG46: =N46/K46 -> 1.095
B47: 小菜微波 | D47: 媽媽煮藝-鹹酥雞 | F47: 31.43 | G47: 1959 | H47: =F47*G47 -> 61571.37 | J47: 7 | K47: 1500 | L47: 214.28571 | M47: 7 | N47: =G47/W47*60 -> 1399.2857 | O47: =N47/M47 -> 199.89796 | P47: =M47-J47 -> 0 | Q47: =O47-L47 -> -14.387755 | R47: =O47/L47 -> 0.93285714 | T47: 0.27847222 | U47: 0.33680556 | V47: 25 | W47: =(U47-T47)*24*60 -> 84 | X47: 0.26458333 | Y47: 0.27569444 | AF47: =N47-K47 -> -100.71429 | AG47: =N47/K47 -> 0.93285714
B48: 小菜微波 | D48: Q彈燕麥飯 | F48: 11.26 | G48: 2599 | H48: =F48*G48 -> 29264.74 | J48: 6 | K48: 1500 | L48: 250 | M48: 6 | N48: =G48/W48*60 -> 1457.3832 | O48: =N48/M48 -> 242.8972 | P48: =M48-J48 -> 0 | Q48: =O48-L48 -> -7.1028037 | R48: =O48/L48 -> 0.97158879 | T48: 0.35763889 | U48: 0.43194444 | V48: 30 | W48: =(U48-T48)*24*60 -> 107 | X48: 0.34027778 | Y48: 0.35486111 | AF48: =N48-K48 -> -42.616822 | AG48: =N48/K48 -> 0.97158879
B49: 微波主食 | D49: 優質池上飯 | F49: 10.09 | G49: 2533.68 | H49: =F49*G49 -> 25564.831 | J49: 6 | K49: 1500 | L49: 250 | M49: 6 | N49: =G49/W49*60 -> 1447.8171 | O49: =N49/M49 -> 241.30286 | P49: =M49-J49 -> 0 | Q49: =O49-L49 -> -8.6971429 | R49: =O49/L49 -> 0.96521143 | T49: 0.45277778 | U49: 0.52569444 | V49: 30 | W49: =(U49-T49)*24*60 -> 105 | X49: 0.43541667 | Y49: 0.45 | AF49: =N49-K49 -> -52.182857 | AG49: =N49/K49 -> 0.96521143
B50: 0 | F50: 0 | H50: =F50*G50 -> 0 | AF50: =N50-K50 -> 0 | AG50: =N50/K50 -> #DIV/0!
B51: 0 | F51: 0 | AF51: =N51-K51 -> 0 | AG51: =N51/K51 -> #DIV/0!
B52: 0 | F52: 0 | H52: =F52*G52 -> 0 | W52: =(U52-T52)*24*60 -> 0 | AF52: =N52-K52 -> 0 | AG52: =N52/K52 -> #DIV/0!
B53: 0 | F53: 0 | H53: =F53*G53 -> 0 | W53: =(U53-T53)*24*60 -> 0 | AF53: =N53-K53 -> 0 | AG53: =N53/K53 -> #DIV/0!
B54: 0 | F54: 0 | H54: =F54*G54 -> 0 | W54: =(U54-T54)*24*60 -> 0 | AF54: =N54-K54 -> 0 | AG54: =N54/K54 -> #DIV/0!
B55: 0 | F55: 0 | H55: =F55*G55 -> 0 | W55: =(U55-T55)*24*60 -> 0
